{"song":{"player1":"bf","notes":[{"sectionNotes":[],"lengthInSteps":16,"mustHitSection":true},{"sectionNotes":[],"lengthInSteps":16,"mustHitSection":true},{"sectionNotes":[[3799.99976,2,0],[3999.99976,3,0],[4200,2,0],[4600,0,0]],"lengthInSteps":16,"mustHitSection":false},{"sectionNotes":[[5000,0,0],[5400,2,0],[5600,3,0],[5800,2,0],[6200,0,0]],"lengthInSteps":16,"mustHitSection":false},{"sectionNotes":[[6999.99951,2,0],[7199.99951,3,0],[7399.99951,2,0],[7799.99951,0,0]],"lengthInSteps":16,"mustHitSection":false},{"sectionNotes":[[8200,0,0],[8600,2,0],[8800,3,0],[9000,2,0],[9400,0,0]],"lengthInSteps":16,"mustHitSection":false},{"sectionNotes":[[10200,2,0],[10400,3,0],[10600,2,0],[11000,0,0]],"lengthInSteps":16,"mustHitSection":true},{"sectionNotes":[[11400,0,0],[11800,2,0],[12000,3,0],[12200,2,0],[12600,0,0]],"lengthInSteps":16,"mustHitSection":true},{"sectionNotes":[[13399.999,2,0],[13599.999,3,0],[13799.999,2,0],[14199.999,0,0]],"lengthInSteps":16,"mustHitSection":true},{"sectionNotes":[[14599.999,0,0],[14999.999,2,0],[15199.999,3,0],[15399.999,2,0],[15799.999,0,0]],"lengthInSteps":16,"mustHitSection":true},{"sectionNotes":[[16199.999,2,0],[16800,3,0],[17000,0,0],[17200,1,0]],"lengthInSteps":16,"mustHitSection":false},{"sectionNotes":[[17800,3,0],[18400,3,0],[18600,0,0],[18800,1,0]],"lengthInSteps":16,"mustHitSection":false},{"sectionNotes":[[19400,3,0],[20000,2,0],[20200,0,0],[20400,1,0]],"lengthInSteps":16,"mustHitSection":false},{"sectionNotes":[[21000,2,0],[21600,3,0],[21800,0,0],[22000,1,0]],"lengthInSteps":16,"mustHitSection":false},{"sectionNotes":[[22600,2,0],[23200,3,0],[23400,0,0],[23600,1,0]],"lengthInSteps":16,"mustHitSection":true},{"sectionNotes":[[24200,3,0],[24800,3,0],[25000,0,0],[25200,1,0]],"lengthInSteps":16,"mustHitSection":true},{"sectionNotes":[[25799.998,3,0],[26399.998,2,0],[26599.998,0,0],[26799.998,1,0]],"lengthInSteps":16,"mustHitSection":true},{"sectionNotes":[[27399.998,2,0],[27999.998,3,0],[28199.998,0,0],[28399.998,1,0]],"lengthInSteps":16,"mustHitSection":true},{"sectionNotes":[[28999.998,0,0],[29199.998,3,0],[29599.998,2,0],[29999.998,1,0]],"lengthInSteps":16,"mustHitSection":false},{"sectionNotes":[[30399.998,2,0],[30599.998,3,0],[30699.998,0,0],[30799.998,3,0],[31199.998,0,300],[31599.998,1,200]],"lengthInSteps":16,"mustHitSection":false},{"sectionNotes":[[32199.998,3,0],[32399.998,1,0],[32800,3,0],[33000,1,0],[33400,3,0]],"lengthInSteps":16,"mustHitSection":false},{"sectionNotes":[[33600,0,0],[33800,0,0],[34000,3,0],[34200,3,0],[34400,2,300],[34800,1,300]],"lengthInSteps":16,"mustHitSection":false},{"sectionNotes":[[35400,0,0],[35600,3,0],[36000,2,0],[36400,1,0]],"lengthInSteps":16,"mustHitSection":true},{"sectionNotes":[[36800,2,0],[37000,3,0],[37100,0,0],[37200,3,0],[37600,0,300],[38000,1,200]],"lengthInSteps":16,"mustHitSection":true},{"sectionNotes":[[38600,3,0],[38800,1,0],[39200,3,0],[39400,1,0],[39800,3,0]],"lengthInSteps":16,"mustHitSection":true},{"sectionNotes":[[40000,0,0],[40200,0,0],[40400,3,0],[40600,3,0],[40800,2,300],[41200,1,300]],"lengthInSteps":16,"mustHitSection":true},{"sectionNotes":[[41800,2,0],[42400,3,0],[42600,0,0],[42700,3,0],[42800,1,0]],"lengthInSteps":16,"mustHitSection":false},{"sectionNotes":[[43400,2,0],[44000,3,0],[44200,0,0],[44300,3,0],[44400,1,0]],"lengthInSteps":16,"mustHitSection":false},{"sectionNotes":[[45000,3,0],[45600,2,0],[45800,0,0],[45900,3,0],[46000,1,0]],"lengthInSteps":16,"mustHitSection":false},{"sectionNotes":[[46600,2,0],[47200,3,0],[47400,0,0],[47500,3,0],[47600,1,0]],"lengthInSteps":16,"mustHitSection":false},{"sectionNotes":[[48200,2,0],[48800,3,0],[49000,0,0],[49100,3,0],[49200,1,0]],"lengthInSteps":16,"mustHitSection":true},{"sectionNotes":[[49800,2,0],[50400,3,0],[50600,0,0],[50700,3,0],[50800,1,0]],"lengthInSteps":16,"mustHitSection":true},{"sectionNotes":[[51399.9961,3,0],[51999.9961,2,0],[52199.9961,0,0],[52299.9961,3,0],[52399.9961,1,0]],"lengthInSteps":16,"mustHitSection":true},{"sectionNotes":[[52999.9961,2,0],[53599.9961,3,0],[53799.9961,0,0],[53899.9961,3,0],[53999.9961,1,0]],"lengthInSteps":16,"mustHitSection":true},{"sectionNotes":[[54399.9961,6,200],[54599.9961,2,0],[54999.9961,7,0],[55199.9961,3,0],[55199.9961,5,0],[55399.9961,0,0],[55499.9961,3,0],[55599.9961,1,0],[55599.9961,7,0]],"lengthInSteps":16,"mustHitSection":false},{"sectionNotes":[[55999.9961,0,0],[56199.9961,6,0],[56399.9961,0,0],[56599.9961,3,0],[56799.9961,7,0],[56799.9961,1,200],[56999.9961,4,0],[57099.9961,7,0],[57199.9961,5,0]],"lengthInSteps":16,"mustHitSection":true},{"sectionNotes":[[57599.9961,6,200],[57799.9961,3,0],[58199.9961,7,0],[58399.9961,2,0],[58399.9961,5,0],[58599.9961,0,0],[58699.9961,3,0],[58799.9961,1,0],[58799.9961,7,0]],"lengthInSteps":16,"mustHitSection":false},{"sectionNotes":[[59199.9961,4,0],[59399.9961,2,0],[59399.9961,6,0],[59599.9961,4,0],[59799.9961,7,0],[59999.9961,3,0],[59999.9961,6,0],[60199.9961,0,0],[60199.9961,6,0],[60299.9961,3,0],[60399.9961,1,0],[60399.9961,4,0],[60599.9961,4,0]],"lengthInSteps":16,"mustHitSection":false},{"sectionNotes":[[60999.9961,2,0],[61599.9961,3,0],[61799.9961,0,0],[61899.9961,3,0],[61999.9961,1,0]],"lengthInSteps":16,"mustHitSection":true},{"sectionNotes":[[62599.9961,2,0],[63199.9961,3,0],[63399.9961,0,0],[63499.9961,3,0],[63599.9961,1,0]],"lengthInSteps":16,"mustHitSection":true},{"sectionNotes":[[64199.9961,3,0],[64799.9961,2,0],[64999.9961,0,0],[65099.9961,3,0],[65199.9961,1,0]],"lengthInSteps":16,"mustHitSection":true},{"sectionNotes":[[65800,2,0],[66400,3,0],[66600,0,0],[66700,3,0],[66800,1,0]],"lengthInSteps":16,"mustHitSection":true},{"sectionNotes":[[67400,0,0],[67600,3,0],[68000,2,0],[68400,1,0]],"lengthInSteps":16,"mustHitSection":false},{"sectionNotes":[[68800,2,0],[69000,3,0],[69100,0,0],[69200,3,0],[69600,0,300],[70000,1,200]],"lengthInSteps":16,"mustHitSection":false},{"sectionNotes":[[70600,3,0],[70800,1,0],[71200,3,0],[71400,1,0],[71800,3,0]],"lengthInSteps":16,"mustHitSection":false},{"sectionNotes":[[72000,0,0],[72200,0,0],[72400,3,0],[72600,3,0],[72800,2,300],[73200,1,300]],"lengthInSteps":16,"mustHitSection":false},{"sectionNotes":[[73800,0,0],[74000,3,0],[74400,2,0],[74800,1,0]],"lengthInSteps":16,"mustHitSection":true},{"sectionNotes":[[75200,2,0],[75400,3,0],[75500,0,0],[75600,3,0],[76000,0,300],[76400,1,200]],"lengthInSteps":16,"mustHitSection":true},{"sectionNotes":[[77000,3,0],[77200,1,0],[77600,3,0],[77800,1,0],[78200,3,0]],"lengthInSteps":16,"mustHitSection":true},{"sectionNotes":[[78400,0,0],[78600,0,0],[78800,3,0],[79000,3,0],[79200,2,300],[79600,1,300]],"lengthInSteps":16,"mustHitSection":true},{"lengthInSteps":16,"altAnim":false,"typeOfSection":0,"sectionNotes":[],"bpm":150,"changeBPM":false,"mustHitSection":true}],"player2":"pico","song":"Pico","stage":"philly","needsVoices":true,"validScore":true,"bpm":150,"speed":1.4}}