{"song":{"player1":"bf","player2":"spooky","notes":[{"sectionNotes":[],"lengthInSteps":16,"typeOfSection":0,"mustHitSection":true},{"sectionNotes":[],"lengthInSteps":16,"typeOfSection":0,"mustHitSection":true},{"sectionNotes":[],"lengthInSteps":16,"typeOfSection":0,"mustHitSection":true},{"sectionNotes":[],"lengthInSteps":16,"typeOfSection":0,"mustHitSection":true},{"sectionNotes":[],"lengthInSteps":16,"typeOfSection":0,"mustHitSection":true},{"sectionNotes":[],"lengthInSteps":16,"typeOfSection":0,"mustHitSection":true},{"sectionNotes":[],"lengthInSteps":16,"typeOfSection":0,"mustHitSection":true},{"sectionNotes":[],"lengthInSteps":16,"typeOfSection":0,"mustHitSection":true},{"sectionNotes":[[12000,3,281.25],[12375,1,281.25],[12750,0,281.25],[13125,1,281.25]],"lengthInSteps":16,"typeOfSection":0,"mustHitSection":false},{"sectionNotes":[[13500,1,0],[13687.5,0,0],[13875,3,0],[14062.5,1,0],[14250,2,281.25],[14625,1,281.25]],"lengthInSteps":16,"typeOfSection":0,"mustHitSection":false},{"sectionNotes":[[15000,1,0],[15093.75,0,0],[15187.5,3,0],[15375,1,0],[15468.75,0,0],[15562.5,3,0],[15750,1,0],[15843.75,0,0],[15937.5,3,0],[16125,1,0],[16218.75,0,0],[16312.5,3,0]],"lengthInSteps":16,"typeOfSection":0,"mustHitSection":false},{"sectionNotes":[[16500,1,0],[16593.75,0,0],[16687.5,3,0],[16875,2,281.25],[17437.5,3,375]],"lengthInSteps":16,"typeOfSection":0,"mustHitSection":false},{"sectionNotes":[[18000,3,0],[18375,1,0],[18750,0,0],[19125,1,0]],"lengthInSteps":16,"typeOfSection":0,"mustHitSection":true},{"sectionNotes":[[19500,1,0],[20250,1,0],[20625,3,0],[19875,1,0],[19687.5,3,0],[20062.5,0,0]],"lengthInSteps":16,"typeOfSection":0,"mustHitSection":true},{"sectionNotes":[[21000,1,0],[21093.75,0,0],[21187.5,3,0],[21375,1,0],[21468.75,0,0],[21562.5,3,0],[21750,1,0],[21843.75,0,0],[21937.5,3,0],[22125,1,0],[22218.75,0,0],[22312.5,3,0]],"lengthInSteps":16,"typeOfSection":0,"mustHitSection":true},{"sectionNotes":[[22500,1,0],[22593.75,0,0],[22687.5,3,0],[23437.5,3,0],[22875,1,0]],"lengthInSteps":16,"typeOfSection":0,"mustHitSection":true},{"sectionNotes":[[24000,3,93.75],[24187.5,0,93.75],[24375,3,93.75],[24562.5,1,93.75],[24750,3,281.25],[25125,2,281.25]],"lengthInSteps":16,"typeOfSection":0,"mustHitSection":false},{"sectionNotes":[[25500,3,93.75],[25687.5,0,93.75],[25875,3,93.75],[26062.5,1,93.75],[26250,3,281.25]],"lengthInSteps":16,"typeOfSection":0,"mustHitSection":false},{"sectionNotes":[[27000,3,93.75],[27187.5,0,93.75],[27375,3,93.75],[27562.5,1,93.75],[27750,3,0],[27937.5,2,0],[28125,0,0],[28312.5,1,0]],"lengthInSteps":16,"typeOfSection":0,"mustHitSection":false},{"sectionNotes":[[28500,3,0],[28875,0,0],[29062.5,3,0],[29250,2,0],[29437.5,0,0],[29625,3,0],[29812.5,2,0],[28687.5,1,0]],"lengthInSteps":16,"typeOfSection":0,"mustHitSection":false},{"sectionNotes":[[30187.5,0,0],[31125,0,0],[30750,3,0],[30843.75,2,0],[30000,1,0],[30375,3,0],[30562.5,1,0],[31312.5,3,0],[31406.25,2,0]],"lengthInSteps":16,"typeOfSection":0,"mustHitSection":true},{"sectionNotes":[[31875,3,0],[31968.75,1,0],[32625,1,0],[32812.5,3,0],[31500,0,0],[31687.5,1,0],[32062.5,0,0],[32250,1,0],[32531.25,2,0]],"lengthInSteps":16,"typeOfSection":0,"mustHitSection":true},{"sectionNotes":[[33750,2,0],[33000,1,0],[33187.5,0,0],[33375,1,0],[33562.5,0,0],[33937.5,1,0],[34125,3,0],[34312.5,1,0]],"lengthInSteps":16,"typeOfSection":0,"mustHitSection":true},{"sectionNotes":[[34500,3,0],[34687.5,1,0],[34875,0,0],[35062.5,3,0],[35250,1,0],[35437.5,0,0],[35812.5,1,0],[35625,2,0]],"lengthInSteps":16,"typeOfSection":0,"mustHitSection":true},{"sectionNotes":[[36000,3,281.25],[36375,1,281.25],[36750,0,281.25],[37125,1,281.25]],"lengthInSteps":16,"typeOfSection":0,"mustHitSection":false},{"sectionNotes":[[37500,1,93.75],[37687.5,0,93.75],[37875,3,93.75],[38062.5,1,93.75],[38250,2,281.25],[38625,1,281.25]],"lengthInSteps":16,"typeOfSection":0,"mustHitSection":false},{"sectionNotes":[[39000,1,0],[39093.75,0,0],[39187.5,3,0],[39375,1,0],[39468.75,0,0],[39562.5,3,0],[39750,1,0],[39843.75,0,0],[39937.5,3,0],[40125,1,0],[40218.75,0,0],[40312.5,3,0]],"lengthInSteps":16,"typeOfSection":0,"mustHitSection":false},{"sectionNotes":[[40500,1,0],[40593.75,0,0],[40687.5,3,0],[41437.5,3,375],[40875,2,375]],"lengthInSteps":16,"typeOfSection":0,"mustHitSection":false},{"sectionNotes":[[42000,3,0],[42375,1,0],[42750,0,0],[43125,1,0]],"lengthInSteps":16,"typeOfSection":0,"mustHitSection":true},{"sectionNotes":[[43500,1,0],[43687.5,3,0],[43875,1,0],[44062.5,0,0],[44250,1,0],[44625,3,0]],"lengthInSteps":16,"typeOfSection":0,"mustHitSection":true},{"sectionNotes":[[45000,1,0],[45093.75,0,0],[45187.5,3,0],[45375,1,0],[45468.75,0,0],[45562.5,3,0],[45750,1,0],[45843.75,0,0],[45937.5,3,0],[46125,1,0],[46218.75,0,0],[46312.5,3,0]],"lengthInSteps":16,"typeOfSection":0,"mustHitSection":true},{"sectionNotes":[[46500,1,0],[46593.75,0,0],[46687.5,3,0],[46968.75,1,0],[47437.5,3,0]],"lengthInSteps":16,"typeOfSection":0,"mustHitSection":true},{"sectionNotes":[[48000,3,0],[48187.5,1,0],[48375,3,0],[48562.5,1,0],[48750,3,0],[48937.5,2,0],[49125,0,0],[49312.5,1,0]],"lengthInSteps":16,"typeOfSection":0,"mustHitSection":false},{"sectionNotes":[[49875,1,0],[49500,0,0],[50062.5,3,0],[50250,2,0],[50437.5,3,0],[50625,1,0],[50812.5,3,0],[49687.5,3,0]],"lengthInSteps":16,"typeOfSection":0,"mustHitSection":false},{"sectionNotes":[[51000,0,0],[51187.5,2,0],[51375,0,0],[51562.5,1,0],[52312.5,1,0],[51750,3,0],[51937.5,2,0],[52125,0,0]],"lengthInSteps":16,"typeOfSection":0,"mustHitSection":false},{"sectionNotes":[[52500,2,0],[52687.5,3,0],[53062.5,0,0],[53250,3,0],[53437.5,1,0],[53625,2,0],[52875,2,0],[53812.5,0,0]],"lengthInSteps":16,"typeOfSection":0,"mustHitSection":false},{"sectionNotes":[[54375,3,0],[54750,3,0],[54937.5,2,0],[54000,3,0],[54187.5,2,0],[54562.5,1,0],[55125,1,0],[55312.5,0,0]],"lengthInSteps":16,"typeOfSection":0,"mustHitSection":true},{"sectionNotes":[[55500,0,0],[55687.5,2,0],[55875,3,0],[56062.5,1,0],[56250,0,0],[56437.5,2,0],[56625,3,0],[56812.5,2,0]],"lengthInSteps":16,"typeOfSection":0,"mustHitSection":true},{"sectionNotes":[[57000,1,0],[57187.5,3,0],[57375,3,0],[57562.5,2,0],[57750,1,0],[57937.5,0,0],[58125,1,0],[58312.5,2,0]],"lengthInSteps":16,"typeOfSection":0,"mustHitSection":true},{"sectionNotes":[[58500,3,0],[58687.5,0,0],[58875,2,0],[59250,1,0],[59062.5,3,0],[59437.5,3,0],[59625,0,0],[59812.5,1,0]],"lengthInSteps":16,"typeOfSection":0,"mustHitSection":true},{"sectionNotes":[[60000,3,281.25],[60375,1,281.25],[60750,0,281.25],[61125,1,281.25]],"lengthInSteps":16,"typeOfSection":0,"mustHitSection":false},{"sectionNotes":[[61500,1,93.75],[61687.5,0,93.75],[61875,3,93.75],[62062.5,1,93.75],[62250,2,281.25],[62625,1,281.25]],"lengthInSteps":16,"typeOfSection":0,"mustHitSection":false},{"sectionNotes":[[63000,1,0],[63093.75,0,0],[63187.5,3,0],[63375,1,0],[63468.75,0,0],[63562.5,3,0],[63750,1,0],[63843.75,0,0],[63937.5,3,0],[64125,1,0],[64218.75,0,0],[64312.5,3,0]],"lengthInSteps":16,"typeOfSection":0,"mustHitSection":false},{"sectionNotes":[[64500,1,0],[64593.75,0,0],[64687.5,3,0],[65437.5,3,375],[64875,2,375]],"lengthInSteps":16,"typeOfSection":0,"mustHitSection":false},{"sectionNotes":[[66000,3,0],[66375,1,0],[66750,0,0],[67125,1,0]],"lengthInSteps":16,"typeOfSection":0,"mustHitSection":true},{"sectionNotes":[[67500,1,0],[67687.5,3,0],[67875,1,0],[68062.5,0,0],[68250,1,0],[68625,3,0]],"lengthInSteps":16,"typeOfSection":0,"mustHitSection":true},{"sectionNotes":[[69000,1,0],[69093.75,0,0],[69187.5,3,0],[69375,1,0],[69468.75,0,0],[69562.5,3,0],[69750,1,0],[69843.75,0,0],[69937.5,3,0],[70125,1,0],[70218.75,0,0],[70312.5,3,0]],"lengthInSteps":16,"typeOfSection":0,"mustHitSection":true},{"sectionNotes":[[70500,1,0],[70593.75,0,0],[70687.5,3,0],[70968.75,1,0],[71437.5,3,0]],"lengthInSteps":16,"typeOfSection":0,"mustHitSection":true},{"sectionNotes":[[72000,3,281.25],[72375,1,281.25],[72750,0,281.25],[73125,1,281.25]],"lengthInSteps":16,"typeOfSection":0,"mustHitSection":false},{"sectionNotes":[[73500,1,93.75],[73687.5,0,93.75],[73875,3,93.75],[74062.5,1,93.75],[74250,2,281.25],[74625,1,281.25]],"lengthInSteps":16,"typeOfSection":0,"mustHitSection":false},{"sectionNotes":[[75000,1,0],[75093.75,0,0],[75187.5,3,0],[75375,1,0],[75468.75,0,0],[75562.5,3,0],[75750,1,0],[75843.75,0,0],[75937.5,3,0],[76125,1,0],[76218.75,0,0],[76312.5,3,0]],"lengthInSteps":16,"typeOfSection":0,"mustHitSection":false},{"sectionNotes":[[76500,1,0],[76593.75,0,0],[76687.5,3,0],[77437.5,3,375],[76875,2,375]],"lengthInSteps":16,"typeOfSection":0,"mustHitSection":false},{"sectionNotes":[[78000,3,0],[78375,1,0],[78750,0,0],[79125,1,0]],"lengthInSteps":16,"typeOfSection":0,"mustHitSection":true},{"sectionNotes":[[79500,1,0],[79687.5,3,0],[79875,1,0],[80062.5,0,0],[80250,1,0],[80625,3,0]],"lengthInSteps":16,"typeOfSection":0,"mustHitSection":true},{"sectionNotes":[[81000,1,0],[81093.75,0,0],[81187.5,3,0],[81375,1,0],[81468.75,0,0],[81562.5,3,0],[81750,1,0],[81843.75,0,0],[81937.5,3,0],[82125,1,0],[82218.75,0,0],[82312.5,3,0]],"lengthInSteps":16,"typeOfSection":0,"mustHitSection":true},{"sectionNotes":[[82500,1,0],[82593.75,0,0],[82687.5,3,0],[82968.75,1,0],[83437.5,3,0]],"lengthInSteps":16,"typeOfSection":0,"mustHitSection":true},{"sectionNotes":[],"lengthInSteps":16,"typeOfSection":0,"mustHitSection":true},{"sectionNotes":[],"lengthInSteps":16,"typeOfSection":0,"mustHitSection":true},{"sectionNotes":[],"lengthInSteps":16,"typeOfSection":0,"mustHitSection":true},{"sectionNotes":[],"lengthInSteps":16,"typeOfSection":0,"mustHitSection":true},{"typeOfSection":0,"sectionNotes":[],"lengthInSteps":16,"bpm":165,"changeBPM":false,"mustHitSection":true},{"typeOfSection":0,"sectionNotes":[],"lengthInSteps":16,"bpm":165,"changeBPM":false,"mustHitSection":true},{"typeOfSection":0,"sectionNotes":[],"lengthInSteps":16,"bpm":165,"changeBPM":false,"mustHitSection":true},{"lengthInSteps":16,"typeOfSection":0,"sectionNotes":[],"altAnimNum":0,"altAnim":false,"bpm":165,"changeBPM":false,"mustHitSection":true},{"lengthInSteps":16,"typeOfSection":0,"sectionNotes":[],"altAnimNum":0,"altAnim":false,"bpm":160,"changeBPM":false,"mustHitSection":true},{"lengthInSteps":16,"typeOfSection":0,"sectionNotes":[],"altAnimNum":0,"altAnim":false,"bpm":160,"changeBPM":false,"mustHitSection":true},{"lengthInSteps":16,"typeOfSection":0,"sectionNotes":[],"altAnimNum":0,"altAnim":false,"bpm":160,"changeBPM":false,"mustHitSection":true},{"lengthInSteps":16,"typeOfSection":0,"sectionNotes":[],"altAnimNum":0,"altAnim":false,"bpm":160,"changeBPM":false,"mustHitSection":true},{"lengthInSteps":16,"typeOfSection":0,"sectionNotes":[],"altAnimNum":0,"altAnim":false,"bpm":160,"changeBPM":false,"mustHitSection":true},{"lengthInSteps":16,"typeOfSection":0,"sectionNotes":[],"altAnimNum":0,"altAnim":false,"bpm":160,"changeBPM":false,"mustHitSection":true},{"altAnimNum":0,"sectionNotes":[],"typeOfSection":0,"lengthInSteps":16,"altAnim":false,"mustHitSection":true,"changeBPM":false,"bpm":160},{"lengthInSteps":16,"typeOfSection":0,"sectionNotes":[],"altAnimNum":0,"altAnim":false,"bpm":160,"changeBPM":false,"mustHitSection":true},{"sectionNotes":[],"typeOfSection":0,"lengthInSteps":16,"altAnim":false,"mustHitSection":true,"changeBPM":false,"bpm":160},{"lengthInSteps":16,"altAnim":false,"typeOfSection":0,"sectionNotes":[],"bpm":160,"changeBPM":false,"mustHitSection":true}],"isHey":false,"cutsceneType":"none","song":"Legendary","isSpooky":false,"validScore":true,"speed":2.8,"isMoody":false,"sectionLengths":[],"uiType":"normal","stage":"halloween","sections":0,"needsVoices":true,"bpm":160,"gf":"gf"}}