{"song":{"player1":"bf","player2":"monster-christmas","notes":[{"lengthInSteps":16,"sectionNotes":[[375,0,656.25],[1125,1,187.5]],"mustHitSection":false},{"lengthInSteps":16,"sectionNotes":[[2250,1,187.5],[2625,3,281.25]],"mustHitSection":false},{"lengthInSteps":16,"sectionNotes":[[3000,1,187.5]],"mustHitSection":false},{"lengthInSteps":16,"sectionNotes":[[4875,3,0],[5062.5,1,0],[5250,0,0],[5437.5,1,0],[5625,2,0]],"mustHitSection":false},{"lengthInSteps":16,"sectionNotes":[[6000,1,562.5]],"mustHitSection":false},{"lengthInSteps":16,"sectionNotes":[[7500,3,656.25]],"mustHitSection":false},{"lengthInSteps":16,"sectionNotes":[[9000,1,562.5]],"mustHitSection":false},{"lengthInSteps":16,"sectionNotes":[[10500,3,656.25]],"mustHitSection":false},{"lengthInSteps":16,"sectionNotes":[[13125,2,0],[12468.75,3,562.5]],"altAnim":true,"mustHitSection":true},{"lengthInSteps":16,"sectionNotes":[[14250,1,187.5],[14625,3,281.25]],"altAnim":true,"mustHitSection":true},{"lengthInSteps":16,"sectionNotes":[[15000,2,0]],"altAnim":true,"mustHitSection":true},{"lengthInSteps":16,"sectionNotes":[[16875,1,0],[17062.5,2,0],[17250,3,0],[17437.5,2,0],[17625,1,0]],"altAnim":true,"mustHitSection":true},{"lengthInSteps":16,"sectionNotes":[[18000,3,281.25]],"mustHitSection":true},{"lengthInSteps":16,"sectionNotes":[[19500,1,656.25]],"mustHitSection":true},{"lengthInSteps":16,"sectionNotes":[[21000,3,281.25]],"mustHitSection":true},{"lengthInSteps":16,"sectionNotes":[[22500,1,656.25]],"mustHitSection":true},{"lengthInSteps":16,"sectionNotes":[[24000,0,0],[24187.5,2,0],[24375,0,0],[24750,0,0],[24937.5,2,0],[25125,0,0],[25312.5,3,0],[24562.5,3,0]],"mustHitSection":false},{"lengthInSteps":16,"sectionNotes":[[25500,1,281.25],[26625,1,281.25],[26250,0,281.25],[25875,3,281.25]],"mustHitSection":false},{"lengthInSteps":16,"sectionNotes":[[27375,0,0],[27562.5,1,0],[27750,0,0],[28125,1,0],[28312.5,2,0],[27000,3,0],[27187.5,2,0]],"mustHitSection":false},{"lengthInSteps":16,"sectionNotes":[[28500,3,281.25],[28875,1,281.25],[29250,2,281.25],[29625,0,281.25]],"mustHitSection":false},{"lengthInSteps":16,"sectionNotes":[[30000,1,281.25],[30375,0,281.25],[30750,3,281.25],[31125,1,281.25]],"mustHitSection":false},{"lengthInSteps":16,"sectionNotes":[[31500,0,0],[31687.5,2,0],[31875,0,0],[32062.5,2,0],[32250,1,281.25],[32625,3,281.25]],"mustHitSection":false},{"lengthInSteps":16,"sectionNotes":[[33000,1,0],[33187.5,0,0],[33375,1,0],[33562.5,3,0],[34125,1,0],[33937.5,3,0],[33750,2,0]],"mustHitSection":false},{"lengthInSteps":16,"sectionNotes":[[34500,3,0],[34687.5,1,0],[35250,0,0],[35437.5,3,0],[35625,0,281.25],[34875,0,0]],"mustHitSection":false},{"lengthInSteps":16,"sectionNotes":[[36000,3,0],[36187.5,2,0],[36375,3,0],[36750,3,0],[36937.5,0,0],[37125,3,0],[37312.5,1,0]],"altAnim":true,"mustHitSection":true},{"lengthInSteps":16,"sectionNotes":[[37500,0,281.25],[38625,2,0],[37875,3,281.25],[38250,1,281.25]],"altAnim":true,"mustHitSection":true},{"lengthInSteps":16,"sectionNotes":[[39000,0,0],[39187.5,3,0],[39375,1,0],[40312.5,0,0],[39937.5,1,0],[39750,3,0],[40125,2,0]],"altAnim":true,"mustHitSection":true},{"lengthInSteps":16,"sectionNotes":[[40500,3,281.25],[40875,2,0],[41250,1,0],[41625,0,281.25]],"altAnim":true,"mustHitSection":true},{"lengthInSteps":16,"sectionNotes":[[42000,3,281.25],[42375,1,281.25],[42750,2,0],[43125,0,0]],"mustHitSection":true},{"lengthInSteps":16,"sectionNotes":[[43500,3,0],[43687.5,0,0],[43875,3,0],[44250,1,281.25],[44625,2,281.25]],"mustHitSection":true},{"lengthInSteps":16,"sectionNotes":[[45000,1,0],[45187.5,3,0],[45375,1,0],[45562.5,0,0],[45750,3,0],[45937.5,2,0],[46312.5,0,0]],"mustHitSection":true},{"lengthInSteps":16,"sectionNotes":[[46500,1,0],[46687.5,2,0],[46875,3,0],[47250,3,0],[47437.5,0,0],[47625,3,281.25]],"mustHitSection":true},{"lengthInSteps":16,"sectionNotes":[[48000,2,0],[48187.5,0,0],[48375,1,0],[48562.5,0,0],[48750,3,0],[49312.5,1,0],[49031.25,2,0]],"mustHitSection":false},{"lengthInSteps":16,"sectionNotes":[[49500,1,0],[49687.5,3,0],[49875,1,0],[50062.5,3,0],[50250,1,0],[50437.5,2,0],[50625,3,0],[50812.5,2,0]],"mustHitSection":false},{"lengthInSteps":16,"sectionNotes":[[51000,1,0],[51187.5,2,0],[51375,0,0],[51562.5,1,0],[51750,2,0],[51937.5,0,0],[52125,1,0],[52312.5,3,0]],"mustHitSection":false},{"lengthInSteps":16,"sectionNotes":[[52500,1,0],[52687.5,3,0],[53062.5,1,0],[53250,3,0],[52875,0,0],[53437.5,0,0],[53625,3,0],[53812.5,2,0]],"mustHitSection":false},{"lengthInSteps":16,"sectionNotes":[[54000,3,0],[54187.5,1,0],[54375,0,0],[54562.5,1,0],[54750,3,0],[55312.5,0,0],[55031.25,2,0]],"altAnim":true,"mustHitSection":true},{"lengthInSteps":16,"sectionNotes":[[55500,3,0],[55687.5,1,0],[56062.5,1,0],[55875,3,0],[56250,0,0],[56437.5,1,0],[56625,1,0],[56812.5,1,0]],"altAnim":true,"mustHitSection":true},{"lengthInSteps":16,"sectionNotes":[[57000,2,0],[57187.5,3,0],[57375,1,0],[57750,3,0],[57937.5,1,0],[57562.5,0,0],[58125,2,0],[58312.5,1,0]],"mustHitSection":true},{"lengthInSteps":16,"sectionNotes":[[58500,0,0],[58687.5,1,0],[58875,3,0],[59062.5,0,0],[59250,1,0],[59437.5,3,0],[59625,1,0],[59812.5,2,0]],"mustHitSection":true},{"lengthInSteps":16,"sectionNotes":[[60000,5,0],[60375,6,0],[60750,7,0],[61125,4,0],[60000,3,750]],"altAnim":true,"mustHitSection":false},{"lengthInSteps":16,"sectionNotes":[[61500,0,656],[61500,7,0],[61875,5,0],[62250,6,0],[62625,4,0]],"altAnim":true,"mustHitSection":false},{"lengthInSteps":16,"sectionNotes":[[63000,1,0],[63375,1,0],[63562,3,0],[63750,1,0],[64125,0,0],[63000,7,750],[63187.5,2,0],[63281.25,0,0]],"mustHitSection":true},{"lengthInSteps":16,"sectionNotes":[[64500,7,750],[64500,3,0],[64875,1,0],[65250,3,0],[65625,0,0]],"mustHitSection":true},{"lengthInSteps":16,"sectionNotes":[[66000,7,0],[66187.5,5,0],[66375,6,0],[66562.5,4,0],[67125,6,0],[67312.5,4,0],[66000,1,750],[66750,7,0]],"mustHitSection":false},{"lengthInSteps":16,"sectionNotes":[[67500,2,937],[67500,7,0],[67687,4,0],[67875,7,0],[68250,7,0],[68437,4,0],[68625,7,0],[68812,6,0]],"mustHitSection":false},{"lengthInSteps":16,"sectionNotes":[[69000,5,750],[69750,0,0],[69375,0,0],[69000,0,0],[69937,3,0],[70125,0,0]],"mustHitSection":true},{"lengthInSteps":16,"sectionNotes":[[70500,6,937.5],[70500,0,0],[70687.5,3,0],[70875,0,0],[71250,0,0],[71437.5,3,0],[71625,0,281.25],[71062.5,2,0]],"mustHitSection":true},{"sectionNotes":[[72000,3,281.25],[72375,1,281.25],[72750,0,281.25],[73125,2,281.25]],"typeOfSection":0,"lengthInSteps":16,"altAnim":false,"mustHitSection":false,"changeBPM":false,"bpm":100},{"lengthInSteps":16,"altAnim":false,"typeOfSection":0,"sectionNotes":[[73500,1,0],[73687.5,0,0],[73781.25,2,0],[74156.25,3,0],[74812.5,0,0],[74625,2,0],[74250,1,0],[74437.5,0,0],[74062.5,0,0],[73875,3,0]],"bpm":100,"changeBPM":false,"mustHitSection":false},{"lengthInSteps":16,"altAnim":false,"typeOfSection":0,"sectionNotes":[[75000,1,0],[75281.25,1,187.5],[75562.5,0,0],[75750,2,0],[75937.5,0,0],[76125,1,0],[76312.5,3,0],[75187.5,3,0]],"bpm":100,"changeBPM":false,"mustHitSection":false},{"lengthInSteps":16,"altAnim":false,"typeOfSection":0,"sectionNotes":[[76500,2,0],[76687.5,0,0],[76875,1,0],[77062.5,3,0],[77437.5,1,0],[77250,3,0],[77812.5,2,0]],"bpm":130,"changeBPM":false,"mustHitSection":false},{"lengthInSteps":16,"altAnim":false,"typeOfSection":0,"sectionNotes":[[78000,1,0],[78375,2,0],[79125,3,281.25],[78750,0,281.25]],"bpm":130,"changeBPM":false,"mustHitSection":true},{"lengthInSteps":16,"altAnim":false,"typeOfSection":0,"sectionNotes":[[79500,1,0],[79781.25,3,0],[79687.5,0,0],[80625,3,93.75],[80250,2,0],[80437.5,0,93.75],[80812.5,0,93.75],[79875,2,0],[80156.25,1,0],[80062.5,3,0]],"bpm":160,"changeBPM":false,"mustHitSection":true},{"lengthInSteps":16,"altAnim":false,"typeOfSection":0,"sectionNotes":[[81000,2,0],[81281.25,2,0],[82125,2,0],[82312.5,1,0],[81562.5,3,93.75],[81750,2,93.75],[81937.5,0,93.75],[81187.5,1,0]],"bpm":160,"changeBPM":false,"mustHitSection":true},{"lengthInSteps":16,"altAnim":false,"typeOfSection":0,"sectionNotes":[[83625,0,0],[83812.5,2,0],[83062.5,1,0],[82500,2,0],[82687.5,0,0],[82875,2,0],[83250,3,0]],"bpm":160,"changeBPM":false,"mustHitSection":true},{"lengthInSteps":16,"altAnim":false,"typeOfSection":0,"sectionNotes":[[84000,0,0],[84187.5,1,0],[84375,0,0],[84562.5,1,0],[84750,0,0],[85125,1,0],[84937.5,0,0]],"bpm":160,"changeBPM":false,"mustHitSection":false},{"lengthInSteps":16,"altAnim":false,"typeOfSection":0,"sectionNotes":[[85500,3,0],[85687.5,2,0],[85875,1,0],[86062.5,0,0],[86250,1,0],[86437.5,3,0],[86625,1,0],[86812.5,0,0]],"bpm":160,"changeBPM":false,"mustHitSection":false},{"lengthInSteps":16,"altAnim":false,"typeOfSection":0,"sectionNotes":[[87000,1,0],[87375,0,0],[87750,2,0],[88125,3,0]],"bpm":160,"changeBPM":false,"mustHitSection":false},{"lengthInSteps":16,"altAnim":false,"typeOfSection":0,"sectionNotes":[[88500,1,0],[88875,2,0],[89250,0,0],[89625,1,0]],"bpm":160,"changeBPM":false,"mustHitSection":false},{"lengthInSteps":16,"altAnim":false,"typeOfSection":0,"sectionNotes":[[90000,3,0],[90187.5,1,0],[90375,3,0],[90562.5,1,0],[90750,2,0],[91125,0,0],[91312.5,0,0]],"bpm":160,"changeBPM":false,"mustHitSection":true},{"lengthInSteps":16,"altAnim":false,"typeOfSection":0,"sectionNotes":[[91500,2,0],[91687.5,3,0],[91875,1,0],[92250,1,0],[92437.5,3,0],[92625,1,0],[92812.5,0,0]],"bpm":160,"changeBPM":false,"mustHitSection":true},{"lengthInSteps":16,"altAnim":false,"typeOfSection":0,"sectionNotes":[[93375,0,0],[93000,2,0],[93750,3,0],[94125,0,0]],"bpm":160,"changeBPM":false,"mustHitSection":true},{"lengthInSteps":16,"altAnim":false,"typeOfSection":0,"sectionNotes":[[94500,2,0],[94875,1,0],[95250,3,0],[95625,0,0]],"bpm":160,"changeBPM":false,"mustHitSection":true},{"lengthInSteps":16,"altAnim":false,"typeOfSection":0,"sectionNotes":[[96000,0,0],[96187.5,2,0],[96375,0,0],[96750,0,0],[96937.5,2,0],[97125,0,0],[97312.5,3,0],[96562.5,3,0]],"bpm":160,"changeBPM":false,"mustHitSection":false},{"lengthInSteps":16,"altAnim":false,"typeOfSection":0,"sectionNotes":[[97500,1,281.25],[98625,1,281.25],[98250,0,281.25],[97875,3,281.25]],"bpm":160,"changeBPM":false,"mustHitSection":false},{"lengthInSteps":16,"altAnim":false,"typeOfSection":0,"sectionNotes":[[99375,0,0],[99562.5,1,0],[99750,0,0],[100125,1,0],[100312.5,2,0],[99000,3,0],[99187.5,2,0]],"bpm":160,"changeBPM":false,"mustHitSection":false},{"lengthInSteps":16,"altAnim":false,"typeOfSection":0,"sectionNotes":[[100500,3,281.25],[100875,1,281.25],[101250,2,281.25],[101625,0,281.25]],"bpm":160,"changeBPM":false,"mustHitSection":false},{"lengthInSteps":16,"altAnim":false,"typeOfSection":0,"sectionNotes":[[102000,1,281.25],[102375,0,281.25],[102750,3,281.25],[103125,1,281.25]],"bpm":160,"changeBPM":false,"mustHitSection":false},{"lengthInSteps":16,"altAnim":false,"typeOfSection":0,"sectionNotes":[[103500,0,0],[103687.5,2,0],[103875,0,0],[104062.5,2,0],[104250,1,281.25],[104625,3,281.25]],"bpm":160,"changeBPM":false,"mustHitSection":false},{"lengthInSteps":16,"altAnim":false,"typeOfSection":0,"sectionNotes":[[105000,1,0],[105187.5,0,0],[105375,1,0],[105562.5,3,0],[106125,1,0],[105937.5,3,0],[105750,2,0]],"bpm":160,"changeBPM":false,"mustHitSection":false},{"lengthInSteps":16,"altAnim":false,"typeOfSection":0,"sectionNotes":[[106500,3,0],[106687.5,1,0],[107250,0,0],[107437.5,3,0],[107625,0,281.25],[106875,0,0]],"bpm":160,"changeBPM":false,"mustHitSection":false},{"lengthInSteps":16,"altAnim":false,"typeOfSection":0,"sectionNotes":[[108000,3,0],[108187.5,2,0],[108375,3,0],[108750,3,0],[108937.5,0,0],[109125,3,0],[109312.5,1,0]],"bpm":160,"changeBPM":false,"mustHitSection":true},{"lengthInSteps":16,"altAnim":false,"typeOfSection":0,"sectionNotes":[[109500,0,281.25],[110625,2,0],[109875,3,281.25],[110250,1,281.25]],"bpm":160,"changeBPM":false,"mustHitSection":true},{"lengthInSteps":16,"altAnim":false,"typeOfSection":0,"sectionNotes":[[111000,0,0],[111187.5,3,0],[111375,1,0],[112312.5,0,0],[111937.5,1,0],[111750,3,0],[112125,2,0]],"bpm":160,"changeBPM":false,"mustHitSection":true},{"lengthInSteps":16,"altAnim":false,"typeOfSection":0,"sectionNotes":[[112500,3,281.25],[112875,2,0],[113250,1,0],[113625,0,281.25]],"bpm":160,"changeBPM":false,"mustHitSection":true},{"lengthInSteps":16,"altAnim":false,"typeOfSection":0,"sectionNotes":[[114000,3,281.25],[114375,1,281.25],[114750,2,0],[115125,0,0]],"bpm":160,"changeBPM":false,"mustHitSection":true},{"lengthInSteps":16,"altAnim":false,"typeOfSection":0,"sectionNotes":[[115500,3,0],[115687.5,0,0],[115875,3,0],[116250,1,281.25],[116625,2,281.25]],"bpm":160,"changeBPM":false,"mustHitSection":true},{"lengthInSteps":16,"altAnim":false,"typeOfSection":0,"sectionNotes":[[117000,1,0],[117187.5,3,0],[117375,1,0],[117562.5,0,0],[117750,3,0],[117937.5,2,0],[118312.5,0,0]],"bpm":160,"changeBPM":false,"mustHitSection":true},{"lengthInSteps":16,"altAnim":false,"typeOfSection":0,"sectionNotes":[[118500,1,0],[118687.5,2,0],[118875,3,0],[119250,3,0],[119437.5,0,0],[119625,3,281.25]],"bpm":160,"changeBPM":false,"mustHitSection":true},{"lengthInSteps":16,"altAnim":false,"typeOfSection":0,"sectionNotes":[[120000,4,0],[120187,7,0],[120375,4,0],[120750,4,0],[120937,7,0],[121125,4,0],[121312,6,0],[120000,0,0],[120187.5,1,0],[120375,0,0],[120562.5,1,0],[121312.5,1,0],[121125,1,0],[120750,0,0]],"bpm":160,"changeBPM":false,"mustHitSection":false},{"lengthInSteps":16,"altAnim":false,"typeOfSection":0,"sectionNotes":[[121500,0,0],[121687.5,3,0],[121875,2,0],[122062.5,0,0],[122625,1,0],[122812.5,0,0],[121500,5,281.25],[121875,7,281.25],[122250,4,281.25],[122625,6,0],[122250,3,0]],"bpm":160,"changeBPM":false,"mustHitSection":false},{"lengthInSteps":16,"altAnim":false,"typeOfSection":0,"sectionNotes":[[123000,1,93.75],[123187.5,3,93.75],[123375,0,93.75],[123562.5,2,0],[123750,1,0],[123937.5,3,0],[124125,0,0],[124312.5,1,0],[123000,5,0],[123375,4,0],[123750,6,0],[124125,7,0]],"bpm":160,"changeBPM":false,"mustHitSection":true},{"lengthInSteps":16,"altAnim":false,"typeOfSection":0,"sectionNotes":[[124500,5,0],[124875,7,0],[125250,4,0],[125625,5,0],[124500,3,281.25],[124875,2,0],[125250,1,0],[125625,0,281.25]],"bpm":160,"changeBPM":false,"mustHitSection":true},{"lengthInSteps":16,"altAnim":false,"typeOfSection":0,"sectionNotes":[[126000,6,0],[126187,7,0],[126562,7,0],[127312,5,0],[126375,6,0],[127125,5,0],[126750,4,0],[126000,0,0],[126375,0,0],[126562,3,0],[126750,0,0],[126937,2,0],[127125,0,0],[127312,3,0]],"bpm":160,"changeBPM":false,"mustHitSection":false},{"lengthInSteps":16,"altAnim":false,"typeOfSection":0,"sectionNotes":[[127500,6,0],[127687.5,7,0],[127875,5,0],[128062.5,4,0],[128437.5,6,0],[128625,5,0],[128812.5,7,0],[127500,1,281.25],[128250,0,281.25],[128625,1,281.25],[127875,3,281.25]],"bpm":160,"changeBPM":false,"mustHitSection":false},{"lengthInSteps":16,"altAnim":false,"typeOfSection":0,"sectionNotes":[[129000,2,0],[129750,3,0],[130125,0,0],[129000,7,0],[129187.5,6,0],[129375,4,0],[129562.5,5,0],[129375,1,0],[129937.5,7,0],[130125,5,0],[130312.5,6,0]],"bpm":160,"changeBPM":false,"mustHitSection":true},{"lengthInSteps":16,"altAnim":false,"typeOfSection":0,"sectionNotes":[[130500,4,281.25],[130875,5,281.25],[131250,6,281.25],[131625,7,281.25],[130500,2,0],[130875,1,0],[131625,0,0],[131250,3,0]],"bpm":160,"changeBPM":false,"mustHitSection":true},{"lengthInSteps":16,"altAnim":false,"typeOfSection":0,"sectionNotes":[[132000,4,0],[132187,7,0],[132375,4,0],[132750,4,0],[132937,7,0],[133125,4,0],[133312,6,0],[132000,0,0],[132187.5,1,0],[132375,0,0],[132562.5,1,0],[133312.5,1,0],[133125,1,0],[132750,0,0]],"bpm":160,"changeBPM":false,"mustHitSection":false},{"lengthInSteps":16,"altAnim":false,"typeOfSection":0,"sectionNotes":[[133500,0,0],[133687.5,3,0],[133875,2,0],[134062.5,0,0],[134625,1,0],[134812.5,0,0],[133500,5,281.25],[133875,7,281.25],[134250,4,281.25],[134625,6,0],[134250,3,0]],"bpm":160,"changeBPM":false,"mustHitSection":false},{"lengthInSteps":16,"altAnim":false,"typeOfSection":0,"sectionNotes":[[135000,1,93.75],[135187.5,3,93.75],[135375,0,93.75],[135562.5,2,0],[135750,1,0],[135937.5,3,0],[136125,0,0],[136312.5,1,0],[135000,5,0],[135375,4,0],[135750,6,0],[136125,7,0]],"bpm":160,"changeBPM":false,"mustHitSection":true},{"lengthInSteps":16,"altAnim":false,"typeOfSection":0,"sectionNotes":[[136500,5,0],[136875,7,0],[137250,4,0],[137625,5,0],[136500,3,281.25],[136875,2,0],[137250,1,0],[137625,0,281.25]],"bpm":160,"changeBPM":false,"mustHitSection":true},{"lengthInSteps":16,"altAnim":false,"typeOfSection":0,"sectionNotes":[[138000,6,0],[138187,7,0],[138562,7,0],[139312,5,0],[138375,6,0],[139125,5,0],[138750,4,0],[138000,0,0],[138375,0,0],[138562,3,0],[138750,0,0],[138937,2,0],[139125,0,0],[139312,3,0]],"bpm":160,"changeBPM":false,"mustHitSection":false},{"lengthInSteps":16,"altAnim":false,"typeOfSection":0,"sectionNotes":[[139500,6,0],[139687.5,7,0],[139875,5,0],[140062.5,4,0],[140437.5,6,0],[140625,5,0],[140812.5,7,0],[139500,1,281.25],[140250,0,281.25],[140625,1,281.25],[139875,3,281.25]],"bpm":160,"changeBPM":false,"mustHitSection":false},{"lengthInSteps":16,"altAnim":false,"typeOfSection":0,"sectionNotes":[[141000,2,0],[141750,3,0],[142125,0,0],[141000,7,0],[141187.5,6,0],[141375,4,0],[141562.5,5,0],[141375,1,0],[141937.5,7,0],[142125,5,0],[142312.5,6,0]],"bpm":160,"changeBPM":false,"mustHitSection":true},{"lengthInSteps":16,"altAnim":false,"typeOfSection":0,"sectionNotes":[[142500,4,281.25],[142875,5,281.25],[143250,6,281.25],[143625,7,281.25],[142500,2,0],[142875,1,0],[143625,0,0],[143250,3,0]],"bpm":160,"changeBPM":false,"mustHitSection":true},{"lengthInSteps":16,"altAnim":false,"typeOfSection":0,"sectionNotes":[],"bpm":160,"changeBPM":false,"mustHitSection":true},{"lengthInSteps":16,"altAnim":false,"typeOfSection":0,"sectionNotes":[],"bpm":160,"changeBPM":false,"mustHitSection":true},{"lengthInSteps":16,"altAnim":false,"typeOfSection":0,"sectionNotes":[],"bpm":160,"changeBPM":false,"mustHitSection":true},{"lengthInSteps":16,"altAnim":false,"typeOfSection":0,"sectionNotes":[],"bpm":160,"changeBPM":false,"mustHitSection":true},{"lengthInSteps":16,"altAnim":false,"typeOfSection":0,"sectionNotes":[],"bpm":160,"changeBPM":false,"mustHitSection":true},{"lengthInSteps":16,"altAnim":false,"typeOfSection":0,"sectionNotes":[],"bpm":160,"changeBPM":false,"mustHitSection":true},{"lengthInSteps":16,"altAnim":false,"typeOfSection":0,"sectionNotes":[],"bpm":160,"changeBPM":false,"mustHitSection":true},{"lengthInSteps":16,"altAnim":false,"typeOfSection":0,"sectionNotes":[],"bpm":160,"changeBPM":false,"mustHitSection":true},{"lengthInSteps":16,"altAnim":false,"typeOfSection":0,"sectionNotes":[],"bpm":160,"changeBPM":false,"mustHitSection":true},{"lengthInSteps":16,"altAnim":false,"typeOfSection":0,"sectionNotes":[],"bpm":160,"changeBPM":false,"mustHitSection":true}],"gfVersion":"gf","song":"Mild","stage":"week5","needsVoices":true,"validScore":true,"speed":2,"bpm":160}}