{"song":{"player1":"bf-pixel","notes":[{"lengthInSteps":16,"sectionNotes":[[375,3,0],[562.5,3,0],[750,3,0],[1312.5,0,0],[1406.25,3,0]],"typeOfSection":0,"altAnim":false,"mustHitSection":false,"changeBPM":false,"bpm":150},{"lengthInSteps":16,"sectionNotes":[[1500,1,0],[1687.5,3,0],[1875,1,0],[2062.5,3,0],[2250,1,0],[2437.5,0,0],[2625,2,0],[2812.5,2,0]],"typeOfSection":0,"altAnim":false,"mustHitSection":false,"changeBPM":false,"bpm":144},{"lengthInSteps":16,"sectionNotes":[[3000,2,0],[3187.5,3,0],[3375,1,0],[3562.5,3,0],[3750,2,0],[3937.5,0,0],[4125,1,0],[4312.5,0,0]],"typeOfSection":0,"altAnim":false,"mustHitSection":false,"changeBPM":false,"bpm":144},{"lengthInSteps":16,"sectionNotes":[[4500,3,0],[4687.5,1,0],[4875,2,0],[5062.5,1,0],[5250,3,0],[5437.5,1,0],[5625,2,0],[5812.5,0,0]],"typeOfSection":0,"altAnim":false,"mustHitSection":false,"changeBPM":false,"bpm":144},{"lengthInSteps":16,"sectionNotes":[[7312.5,0,0],[6375,1,0],[6562.5,1,0],[6750,1,0],[7406.25,2,0]],"typeOfSection":0,"altAnim":false,"mustHitSection":true,"changeBPM":false,"bpm":144},{"lengthInSteps":16,"sectionNotes":[[8625,2,0],[8812.5,2,0],[7500,3,0],[7687.5,1,0],[7875,0,0],[8062.5,1,0],[8250,3,0],[8437.5,1,0]],"typeOfSection":0,"altAnim":false,"mustHitSection":true,"changeBPM":false,"bpm":144},{"lengthInSteps":16,"sectionNotes":[[9000,2,0],[9750,2,0],[9187.5,1,0],[9375,3,0],[9562.5,1,0],[9937.5,1,0],[10125,0,0],[10312.5,1,0]],"typeOfSection":0,"altAnim":false,"mustHitSection":true,"changeBPM":false,"bpm":144},{"lengthInSteps":16,"sectionNotes":[[10500,1,0],[10687.5,2,0],[10875,1,0],[11250,1,0],[11437.5,2,0],[11625,1,0],[11062.5,0,0],[11812.5,3,0]],"typeOfSection":0,"altAnim":false,"mustHitSection":true,"changeBPM":false,"bpm":144},{"lengthInSteps":16,"sectionNotes":[[12375,2,0],[12656.25,2,0],[12468.75,3,93.75],[12937.5,3,0],[12750,3,0],[13125,1,0],[13312.5,0,0]],"typeOfSection":0,"altAnim":false,"mustHitSection":false,"changeBPM":false,"bpm":144},{"lengthInSteps":16,"sectionNotes":[[13500,1,0],[13687.5,3,0],[13875,2,0],[14062.5,3,0],[14250,0,0],[14437.5,3,0],[14625,1,0],[14812.5,1,0]],"typeOfSection":0,"altAnim":false,"mustHitSection":false,"changeBPM":false,"bpm":144},{"lengthInSteps":16,"sectionNotes":[[15375,2,0],[15656.25,2,0],[16312.5,0,0],[15750,1,0],[15937.5,1,0],[16125,3,0],[15468.75,1,0]],"typeOfSection":0,"altAnim":false,"mustHitSection":true,"changeBPM":false,"bpm":144},{"lengthInSteps":16,"sectionNotes":[[16500,1,0],[16687.5,3,0],[16875,2,0],[17062.5,3,0],[17250,0,0],[17437.5,3,0],[17625,1,0],[17812.5,1,0]],"typeOfSection":0,"altAnim":false,"mustHitSection":true,"changeBPM":false,"bpm":144},{"lengthInSteps":16,"sectionNotes":[[18375,1,0],[18187.5,2,0],[18562.5,3,0],[18000,0,0],[18843.75,1,0],[18750,0,0],[18937.5,3,93.75],[19125,1,0],[19312.5,0,0]],"typeOfSection":0,"altAnim":false,"mustHitSection":false,"changeBPM":false,"bpm":144},{"lengthInSteps":16,"sectionNotes":[[19500,3,0],[19781.25,3,0],[20062.5,3,0],[20250,1,0],[20437.5,0,0],[20625,1,0],[20812.5,2,0]],"typeOfSection":0,"altAnim":false,"mustHitSection":false,"changeBPM":false,"bpm":144},{"lengthInSteps":16,"sectionNotes":[[21000,0,0],[21750,0,0],[21187.5,1,0],[21375,3,0],[21562.5,1,0],[21937.5,1,93.75],[21843.75,3,0],[22125,2,0],[22312.5,3,0]],"typeOfSection":0,"altAnim":false,"mustHitSection":true,"changeBPM":false,"bpm":144},{"lengthInSteps":16,"sectionNotes":[[23437.5,0,0],[23625,1,0],[23812.5,2,0],[22781.25,1,0],[22500,1,0],[23062.5,1,0],[23250,3,0]],"typeOfSection":0,"altAnim":false,"mustHitSection":true,"changeBPM":false,"bpm":144},{"lengthInSteps":16,"sectionNotes":[[24000,1,0],[24281.25,3,0],[24562.5,3,0],[24750,1,0],[24937.5,0,0],[25125,2,0],[25218.75,3,0],[25312.5,1,0]],"typeOfSection":0,"altAnim":false,"mustHitSection":false,"changeBPM":false,"bpm":144},{"lengthInSteps":16,"sectionNotes":[[25687.5,0,0],[25781.25,1,0],[25500,3,93.75],[25875,3,93.75],[26062.5,0,0],[26156.25,1,0],[26250,3,93.75],[26437.5,0,93.75],[26625,3,0],[26718.75,1,0],[26812.5,3,0]],"typeOfSection":0,"altAnim":false,"mustHitSection":false,"changeBPM":false,"bpm":144},{"lengthInSteps":16,"sectionNotes":[[27000,1,0],[27187.5,0,0],[27375,3,0],[27562.5,1,281.25],[27937.5,2,281.25],[28312.5,0,281.25]],"typeOfSection":0,"altAnim":false,"mustHitSection":false,"changeBPM":false,"bpm":144},{"lengthInSteps":16,"sectionNotes":[[28687.5,1,0],[28875,3,0],[29062.5,1,0],[29250,0,0],[29437.5,2,0],[29625,1,0],[29812.5,3,0]],"typeOfSection":0,"altAnim":false,"mustHitSection":false,"changeBPM":false,"bpm":144},{"lengthInSteps":16,"sectionNotes":[[31218.75,3,0],[30281.25,0,0],[30000,3,0],[30562.5,1,0],[30750,0,0],[30937.5,3,0],[31125,1,0],[31312.5,0,0]],"typeOfSection":0,"altAnim":false,"mustHitSection":true,"changeBPM":false,"bpm":144},{"lengthInSteps":16,"sectionNotes":[[31500,1,93.75],[31875,1,93.75],[32250,1,93.75],[32062.5,0,0],[32156.25,3,0],[31687.5,0,0],[31781.25,3,0],[32437.5,0,93.75],[32625,1,0],[32812.5,1,0],[32718.75,2,0]],"typeOfSection":0,"altAnim":false,"mustHitSection":true,"changeBPM":false,"bpm":144},{"lengthInSteps":16,"sectionNotes":[[33000,3,0],[33187.5,1,0],[33375,0,0],[33562.5,2,0],[33937.5,1,0],[34312.5,3,0]],"typeOfSection":0,"altAnim":false,"mustHitSection":true,"changeBPM":false,"bpm":144},{"lengthInSteps":16,"sectionNotes":[[34687.5,3,0],[34875,1,0],[35062.5,0,0],[35250,2,0],[35812.5,1,0],[35625,3,0],[35437.5,1,0]],"typeOfSection":0,"altAnim":false,"mustHitSection":true,"changeBPM":false,"bpm":144},{"lengthInSteps":16,"sectionNotes":[[36000,4,281.25],[37125,5,0],[36750,7,0],[36375,6,281.25],[36000,0,0],[36187.5,3,0],[36375,0,0],[36562.5,3,0],[36750,0,0],[36937.5,0,0],[37125,0,0],[37312.5,3,0]],"typeOfSection":0,"altAnim":false,"mustHitSection":false,"changeBPM":false,"bpm":144},{"lengthInSteps":16,"sectionNotes":[[37500,0,0],[37687.5,2,0],[37875,3,0],[38062.5,1,0],[38250,0,0],[38437.5,2,0],[38625,3,0],[38812.5,1,0],[37500,7,0],[37687.5,5,0],[37875,7,0],[38062.5,5,0],[38250,7,0],[38437.5,7,0],[38625,7,0],[38718.75,5,0],[38812.5,4,0]],"typeOfSection":0,"altAnim":false,"mustHitSection":true,"changeBPM":false,"bpm":144},{"lengthInSteps":16,"sectionNotes":[[39000,4,281.25],[39375,7,281.25],[40125,4,281.25],[39187.5,3,0],[39562.5,3,0],[40312.5,3,0],[40125,0,0],[39937.5,0,0],[39750,0,0],[39750,5,0],[39000,0,0],[39375,0,0]],"typeOfSection":0,"altAnim":false,"mustHitSection":false,"changeBPM":false,"bpm":144},{"lengthInSteps":16,"sectionNotes":[[40500,1,0],[40687.5,3,0],[40875,1,0],[41062.5,3,0],[41437.5,1,0],[41250,2,0],[41625,0,0],[41812.5,1,0],[40500,7,0],[40687.5,5,0],[40875,7,0],[41062.5,5,0],[41250,7,0],[41437.5,7,0],[41625,7,0],[41718.75,5,0],[41812.5,4,0]],"typeOfSection":0,"altAnim":false,"mustHitSection":true,"changeBPM":false,"bpm":144},{"lengthInSteps":16,"sectionNotes":[[42187.5,5,0],[42375,6,0],[42562.5,7,0],[42750,4,0],[42937.5,5,0],[43312.5,6,0],[42000,7,0],[42000,0,281.25],[42375,3,281.25],[42750,2,281.25],[43125,1,281.25],[43125,7,0]],"typeOfSection":0,"altAnim":false,"mustHitSection":false,"changeBPM":false,"bpm":144},{"lengthInSteps":16,"sectionNotes":[[43500,0,0],[43687.5,3,0],[43875,2,0],[44062.5,3,0],[44250,0,0],[44437.5,1,0],[44625,2,0],[44812.5,0,0],[43500,7,0],[43687.5,5,0],[43875,7,0],[44062.5,5,0],[44250,7,0],[44437.5,5,0],[44625,6,0],[44812.5,4,0]],"typeOfSection":0,"altAnim":false,"mustHitSection":true,"changeBPM":false,"bpm":144},{"lengthInSteps":16,"sectionNotes":[[45000,4,0],[45187.5,5,0],[45375,6,0],[45562.5,5,0],[45750,7,0],[45937.5,6,0],[46125,5,0],[46312.5,6,0],[45000,3,0],[45187.5,0,0],[45375,3,0],[45562.5,0,0],[45750,3,0],[45937.5,3,0],[46125,3,0],[46312.5,0,0]],"typeOfSection":0,"altAnim":false,"mustHitSection":false,"changeBPM":false,"bpm":144},{"lengthInSteps":16,"sectionNotes":[[46500,3,0],[46687.5,2,0],[46875,3,0],[47062.5,0,0],[47250,3,0],[47437.5,1,0],[47625,0,0],[47812.5,1,0],[46500,4,0],[46687.5,5,0],[46875,4,0],[47062.5,5,0],[47250,4,0],[47437.5,5,0],[47625,7,281.25]],"typeOfSection":0,"altAnim":false,"mustHitSection":true,"changeBPM":false,"bpm":144},{"lengthInSteps":16,"sectionNotes":[[48375,2,0],[48656.25,2,0],[48468.75,3,93.75],[48937.5,3,0],[48750,3,0],[49125,1,0],[49312.5,0,0]],"typeOfSection":0,"altAnim":false,"mustHitSection":false,"changeBPM":false,"bpm":144},{"lengthInSteps":16,"sectionNotes":[[49500,1,0],[49687.5,3,0],[49875,2,0],[50062.5,3,0],[50250,0,0],[50437.5,3,0],[50625,1,0],[50812.5,1,0]],"typeOfSection":0,"altAnim":false,"mustHitSection":false,"changeBPM":false,"bpm":144},{"lengthInSteps":16,"sectionNotes":[[51375,2,0],[51656.25,2,0],[52312.5,0,0],[51750,1,0],[51937.5,1,0],[52125,3,0],[51468.75,1,0]],"typeOfSection":0,"altAnim":false,"mustHitSection":true,"changeBPM":false,"bpm":144},{"lengthInSteps":16,"sectionNotes":[[52500,1,0],[52687.5,3,0],[52875,2,0],[53062.5,3,0],[53250,0,0],[53437.5,3,0],[53625,1,0],[53812.5,1,0]],"typeOfSection":0,"altAnim":false,"mustHitSection":true,"changeBPM":false,"bpm":144},{"lengthInSteps":16,"sectionNotes":[[54375,1,0],[54187.5,2,0],[54562.5,3,0],[54000,0,0],[54843.75,1,0],[54750,0,0],[54937.5,3,93.75],[55125,1,0],[55312.5,0,0]],"typeOfSection":0,"altAnim":false,"mustHitSection":false,"changeBPM":false,"bpm":144},{"lengthInSteps":16,"sectionNotes":[[55500,3,0],[55781.25,3,0],[56062.5,3,0],[56250,1,0],[56437.5,0,0],[56625,1,0],[56812.5,2,0]],"typeOfSection":0,"altAnim":false,"mustHitSection":false,"changeBPM":false,"bpm":144},{"lengthInSteps":16,"sectionNotes":[[57000,0,0],[57750,0,0],[57187.5,1,0],[57375,3,0],[57562.5,1,0],[57937.5,1,93.75],[57843.75,3,0],[58125,2,0],[58312.5,3,0]],"typeOfSection":0,"altAnim":false,"mustHitSection":true,"changeBPM":false,"bpm":144},{"lengthInSteps":16,"sectionNotes":[[59437.5,0,0],[59625,1,0],[59812.5,2,0],[58781.25,1,0],[58500,1,0],[59062.5,1,0],[59250,3,0]],"typeOfSection":0,"altAnim":false,"mustHitSection":true,"changeBPM":false,"bpm":144},{"lengthInSteps":16,"sectionNotes":[[60000,5,0],[60187.5,4,0],[60375,6,0],[60562.5,7,0],[60937.5,4,0],[61312.5,7,0],[60000,3,281.25],[60375,0,281.25],[60750,5,0],[61125,6,0],[60750,1,281.25],[61125,2,281.25]],"typeOfSection":0,"altAnim":false,"mustHitSection":false,"changeBPM":false,"bpm":144},{"lengthInSteps":16,"sectionNotes":[[61687.5,1,0],[61875,3,0],[62062.5,1,0],[62250,0,0],[62437.5,1,0],[62812.5,3,0],[61500,0,0],[61500,7,0],[61687.5,5,0],[61875,4,0],[62062.5,6,0],[62250,7,0],[62437.5,5,0],[62812.5,6,0],[62625,4,0],[62625,2,0]],"typeOfSection":0,"altAnim":false,"mustHitSection":true,"changeBPM":false,"bpm":144},{"lengthInSteps":16,"sectionNotes":[[63000,4,0],[63187.5,5,0],[63375,4,0],[63562.5,5,0],[63750,6,0],[63843.75,7,0],[63937.5,6,0],[64031.25,7,0],[64125,5,0],[64218.75,4,0],[64312.5,6,0],[64406.25,7,0],[63000,1,0],[63187.5,3,0],[63375,2,0],[63562.5,0,0],[63750,1,0],[63937.5,3,0],[64125,2,0],[64312.5,0,0]],"typeOfSection":0,"altAnim":false,"mustHitSection":false,"changeBPM":false,"bpm":144},{"lengthInSteps":16,"sectionNotes":[[64500,2,0],[64781,0,0],[65062,1,0],[65343,0,0],[65812,2,0],[65625,3,93],[64500,5,0],[64687.5,7,0],[64875,5,0],[65062.5,4,0],[65250,4,0],[65437.5,4,0],[65625,7,0],[65812.5,4,0]],"typeOfSection":0,"altAnim":false,"mustHitSection":true,"changeBPM":false,"bpm":144},{"lengthInSteps":16,"sectionNotes":[[66000,5,0],[66093,4,0],[66187,5,0],[66281,6,0],[66375,7,0],[66562,6,0],[66750,5,0],[66937,4,0],[67125,6,0],[67312,7,0],[66000,3,281.25],[66375,0,281.25],[66750,3,281.25],[67125,0,281.25]],"typeOfSection":0,"altAnim":false,"mustHitSection":false,"changeBPM":false,"bpm":144},{"lengthInSteps":16,"sectionNotes":[[67500,1,0],[67593.75,0,0],[67687.5,1,0],[67781.25,2,0],[67875,3,0],[68062.5,2,0],[68250,1,0],[68437.5,0,0],[67500,5,0],[67687.5,7,0],[67875,6,0],[68062.5,4,0],[68250,5,0],[68437.5,7,0],[68625,5,0],[68812.5,4,0],[68812.5,0,0],[68625,2,0]],"typeOfSection":0,"altAnim":false,"mustHitSection":true,"changeBPM":false,"bpm":144},{"lengthInSteps":16,"sectionNotes":[[69093,6,0],[69187,4,0],[69281,5,0],[69375,6,0],[69468,7,0],[69562,5,0],[69000,7,0],[69937,5,0],[70125,7,0],[70218,6,0],[70312,4,0],[70406,5,0],[69656,4,0],[69750,7,0],[69000,3,93.75],[69187.5,0,93.75],[69375,3,93.75],[69562.5,0,93.75],[69750,3,93.75],[69937.5,3,93.75],[70125,0,93.75],[70312.5,3,93.75]],"typeOfSection":0,"altAnim":false,"mustHitSection":false,"changeBPM":false,"bpm":144},{"lengthInSteps":16,"sectionNotes":[[70687.5,0,0],[70875,3,0],[71062.5,1,0],[71250,2,0],[71437.5,2,0],[71625,1,0],[71812.5,2,0],[70500,3,0],[70500,5,0],[70687.5,7,0],[70875,5,0],[71062.5,7,0],[71250,4,0],[71437.5,4,0],[71625,7,0],[71812.5,4,0]],"typeOfSection":0,"altAnim":false,"mustHitSection":true,"changeBPM":false,"bpm":144},{"lengthInSteps":16,"sectionNotes":[[72000,5,0],[72187.5,4,0],[72375,6,0],[72562.5,7,0],[72937.5,4,0],[73312.5,7,0],[72000,3,281.25],[72375,0,281.25],[72750,5,0],[73125,6,0],[72750,1,281.25],[73125,2,281.25]],"typeOfSection":0,"altAnim":false,"mustHitSection":false,"changeBPM":false,"bpm":144},{"lengthInSteps":16,"sectionNotes":[[73687.5,1,0],[73875,3,0],[74062.5,1,0],[74250,0,0],[74437.5,1,0],[74812.5,3,0],[73500,0,0],[73500,7,0],[73687.5,5,0],[73875,4,0],[74062.5,6,0],[74250,7,0],[74437.5,5,0],[74812.5,6,0],[74625,4,0],[74625,2,0]],"typeOfSection":0,"altAnim":false,"mustHitSection":true,"changeBPM":false,"bpm":144},{"lengthInSteps":16,"sectionNotes":[[75000,4,0],[75187.5,5,0],[75375,4,0],[75562.5,5,0],[75750,6,0],[75843.75,7,0],[75937.5,6,0],[76031.25,7,0],[76125,5,0],[76218.75,4,0],[76312.5,6,0],[76406.25,7,0],[75000,1,0],[75187.5,3,0],[75375,2,0],[75562.5,0,0],[75750,1,0],[75937.5,3,0],[76125,2,0],[76312.5,0,0]],"typeOfSection":0,"altAnim":false,"mustHitSection":false,"changeBPM":false,"bpm":144},{"lengthInSteps":16,"sectionNotes":[[76500,2,0],[76781,0,0],[77062,1,0],[77343,0,0],[77812,2,0],[77625,3,93],[76500,5,0],[76687.5,7,0],[76875,5,0],[77062.5,4,0],[77250,4,0],[77437.5,4,0],[77625,7,0],[77812.5,4,0]],"typeOfSection":0,"altAnim":false,"mustHitSection":true,"changeBPM":false,"bpm":144},{"lengthInSteps":16,"sectionNotes":[[78000,5,0],[78093,4,0],[78187,5,0],[78281,6,0],[78375,7,0],[78562,6,0],[78750,5,0],[78937,4,0],[79125,6,0],[79312,7,0],[78000,3,281.25],[78375,0,281.25],[78750,3,281.25],[79125,0,281.25]],"typeOfSection":0,"altAnim":false,"mustHitSection":false,"changeBPM":false,"bpm":144},{"lengthInSteps":16,"sectionNotes":[[79500,1,0],[79593.75,0,0],[79687.5,1,0],[79781.25,2,0],[79875,3,0],[80062.5,2,0],[80250,1,0],[80437.5,0,0],[79500,5,0],[79687.5,7,0],[79875,6,0],[80062.5,4,0],[80250,5,0],[80437.5,7,0],[80625,5,0],[80812.5,4,0],[80812.5,0,0],[80625,2,0]],"typeOfSection":0,"altAnim":false,"mustHitSection":true,"changeBPM":false,"bpm":144},{"lengthInSteps":16,"sectionNotes":[[81093,6,0],[81187,4,0],[81281,5,0],[81375,6,0],[81468,7,0],[81562,5,0],[81000,7,0],[81937,5,0],[82125,7,0],[82218,6,0],[82312,4,0],[82406,5,0],[81656,4,0],[81750,7,0],[81000,3,93.75],[81187.5,0,93.75],[81375,3,93.75],[81562.5,0,93.75],[81750,3,93.75],[81937.5,3,93.75],[82125,0,93.75],[82312.5,3,93.75]],"typeOfSection":0,"altAnim":false,"mustHitSection":false,"changeBPM":false,"bpm":144},{"lengthInSteps":16,"sectionNotes":[[82687.5,0,0],[82875,3,0],[83062.5,1,0],[83250,2,0],[83437.5,2,0],[83625,1,0],[83812.5,2,0],[82500,3,0],[82500,5,0],[82687.5,7,0],[82875,5,0],[83062.5,7,0],[83250,4,0],[83437.5,4,0],[83625,7,0],[83812.5,4,0]],"typeOfSection":0,"altAnim":false,"mustHitSection":true,"changeBPM":false,"bpm":144},{"lengthInSteps":16,"sectionNotes":[],"typeOfSection":0,"altAnim":false,"mustHitSection":true,"changeBPM":false,"bpm":144},{"lengthInSteps":16,"sectionNotes":[],"typeOfSection":0,"altAnim":false,"mustHitSection":true,"changeBPM":false,"bpm":144},{"lengthInSteps":16,"sectionNotes":[],"typeOfSection":0,"altAnim":false,"mustHitSection":true,"changeBPM":false,"bpm":144},{"lengthInSteps":16,"sectionNotes":[],"typeOfSection":0,"altAnim":false,"mustHitSection":true,"changeBPM":false,"bpm":144},{"lengthInSteps":16,"sectionNotes":[],"typeOfSection":0,"altAnim":false,"mustHitSection":true,"changeBPM":false,"bpm":144},{"lengthInSteps":16,"sectionNotes":[],"typeOfSection":0,"altAnim":false,"mustHitSection":true,"changeBPM":false,"bpm":144},{"lengthInSteps":16,"sectionNotes":[],"typeOfSection":0,"altAnim":false,"mustHitSection":true,"changeBPM":false,"bpm":144},{"lengthInSteps":16,"sectionNotes":[],"typeOfSection":0,"altAnim":false,"mustHitSection":true,"changeBPM":false,"bpm":144},{"lengthInSteps":16,"sectionNotes":[],"typeOfSection":0,"altAnim":false,"mustHitSection":true,"changeBPM":false,"bpm":144},{"lengthInSteps":16,"sectionNotes":[],"typeOfSection":0,"altAnim":false,"mustHitSection":true,"changeBPM":false,"bpm":144},{"lengthInSteps":16,"sectionNotes":[],"typeOfSection":0,"altAnim":false,"mustHitSection":true,"changeBPM":false,"bpm":144},{"altAnimNum":0,"sectionNotes":[],"typeOfSection":0,"lengthInSteps":16,"altAnim":false,"mustHitSection":true,"changeBPM":false,"bpm":144},{"altAnimNum":0,"sectionNotes":[],"typeOfSection":0,"lengthInSteps":16,"altAnim":false,"mustHitSection":true,"changeBPM":false,"bpm":120},{"lengthInSteps":16,"typeOfSection":0,"sectionNotes":[],"altAnim":false,"bpm":120,"changeBPM":false,"mustHitSection":true},{"lengthInSteps":16,"typeOfSection":0,"sectionNotes":[],"altAnim":false,"bpm":120,"changeBPM":false,"mustHitSection":true},{"lengthInSteps":16,"typeOfSection":0,"sectionNotes":[],"altAnim":false,"bpm":120,"changeBPM":false,"mustHitSection":true},{"sectionNotes":[],"typeOfSection":0,"lengthInSteps":16,"altAnim":false,"mustHitSection":true,"changeBPM":false,"bpm":120},{"sectionNotes":[],"typeOfSection":0,"lengthInSteps":16,"altAnim":false,"mustHitSection":true,"changeBPM":false,"bpm":160},{"sectionNotes":[],"typeOfSection":0,"lengthInSteps":16,"altAnim":false,"mustHitSection":true,"changeBPM":false,"bpm":160},{"sectionNotes":[],"typeOfSection":0,"lengthInSteps":16,"altAnim":false,"mustHitSection":true,"changeBPM":false,"bpm":160},{"sectionNotes":[],"typeOfSection":0,"lengthInSteps":16,"altAnim":false,"mustHitSection":true,"changeBPM":false,"bpm":160},{"sectionNotes":[],"typeOfSection":0,"lengthInSteps":16,"altAnim":false,"mustHitSection":true,"changeBPM":false,"bpm":160},{"sectionNotes":[],"typeOfSection":0,"lengthInSteps":16,"altAnim":false,"mustHitSection":true,"changeBPM":false,"bpm":160},{"sectionNotes":[],"typeOfSection":0,"lengthInSteps":16,"altAnim":false,"mustHitSection":true,"changeBPM":false,"bpm":160},{"lengthInSteps":16,"altAnim":false,"typeOfSection":0,"sectionNotes":[],"bpm":160,"changeBPM":false,"mustHitSection":true}],"player2":"senpai","isHey":false,"cutsceneType":"senpai","isSpooky":false,"song":"Ur-girl","validScore":true,"speed":2,"sectionLengths":[],"isMoody":false,"gfVersion":"gf-pixel","uiType":"pixel","needsVoices":true,"sections":0,"stage":"school","noteStyle":"pixel","gf":"gf-pixel","bpm":160}}