{"song":{"player1":"bf","notes":[{"sectionNotes":[],"lengthInSteps":16,"mustHitSection":true},{"sectionNotes":[],"lengthInSteps":16,"mustHitSection":true},{"sectionNotes":[],"lengthInSteps":16,"mustHitSection":true},{"sectionNotes":[],"lengthInSteps":16,"mustHitSection":true},{"sectionNotes":[],"lengthInSteps":16,"mustHitSection":true},{"sectionNotes":[],"lengthInSteps":16,"mustHitSection":true},{"sectionNotes":[],"lengthInSteps":16,"mustHitSection":true},{"sectionNotes":[],"lengthInSteps":16,"mustHitSection":true},{"sectionNotes":[[11818.1816,1,0],[12363.6367,0,0],[12727.2725,3,181.818176]],"lengthInSteps":16,"mustHitSection":false},{"sectionNotes":[[13090.9092,2,0],[13454.5449,2,0],[14181.8184,1,0]],"lengthInSteps":16,"mustHitSection":false},{"sectionNotes":[[14727.2725,1,0],[15272.7275,0,0],[15818.1816,3,0]],"lengthInSteps":16,"mustHitSection":false},{"sectionNotes":[[16181.8184,1,0],[17090.9082,1,181.818176]],"lengthInSteps":16,"mustHitSection":false},{"sectionNotes":[[17636.3633,1,0],[18181.8184,0,0],[18545.4551,3,181.818176]],"lengthInSteps":16,"mustHitSection":true},{"sectionNotes":[[18909.09,2,0],[19272.7266,2,0],[20000,1,0]],"lengthInSteps":16,"mustHitSection":true},{"sectionNotes":[[20545.4551,1,0],[21090.9082,0,0],[21636.3633,3,0]],"lengthInSteps":16,"mustHitSection":true},{"sectionNotes":[[22000,1,0],[22909.09,1,181.818176]],"lengthInSteps":16,"mustHitSection":true},{"sectionNotes":[[23454.5449,2,0],[24000,2,0]],"lengthInSteps":16,"mustHitSection":false},{"sectionNotes":[[24727.2734,3,0],[25090.9082,0,0],[25454.5449,2,0],[25818.1816,0,0]],"lengthInSteps":16,"mustHitSection":false},{"sectionNotes":[[26363.6367,2,0],[26909.09,1,0]],"lengthInSteps":16,"mustHitSection":false},{"sectionNotes":[[27636.3633,3,0],[28000,1,0],[28363.6367,3,0],[28727.2715,0,0]],"lengthInSteps":16,"mustHitSection":false},{"sectionNotes":[[29272.7266,2,0],[29818.1816,2,0]],"lengthInSteps":16,"mustHitSection":true},{"sectionNotes":[[30545.4551,3,0],[30909.09,0,0],[31272.7266,2,0],[31636.3633,0,0]],"lengthInSteps":16,"mustHitSection":true},{"sectionNotes":[[32181.8184,2,0],[32727.2715,1,0]],"lengthInSteps":16,"mustHitSection":true},{"sectionNotes":[[33454.5469,3,0],[33818.18,1,0],[34181.8164,3,0],[34545.4531,0,0]],"lengthInSteps":16,"mustHitSection":true},{"sectionNotes":[[35090.91,0,0],[35636.3633,3,0],[36000,1,272.727264]],"lengthInSteps":16,"mustHitSection":false},{"sectionNotes":[[36363.6367,2,181.818176],[36727.2734,3,0],[37090.91,2,0],[37454.5469,0,0]],"lengthInSteps":16,"mustHitSection":false},{"sectionNotes":[[38000,0,0],[38545.4531,3,0],[38909.09,1,272.727264]],"lengthInSteps":16,"mustHitSection":false},{"sectionNotes":[[39272.7266,0,272.727264],[39636.3633,1,0],[40000,3,0],[40363.6367,2,0]],"lengthInSteps":16,"mustHitSection":false},{"sectionNotes":[[40909.09,0,0],[41454.5469,3,0],[41818.18,1,272.727264]],"lengthInSteps":16,"mustHitSection":true},{"sectionNotes":[[42181.8164,2,181.818176],[42545.4531,3,0],[42909.09,2,0],[43272.7266,0,0]],"lengthInSteps":16,"mustHitSection":true},{"sectionNotes":[[43818.18,0,0],[44363.6367,3,0],[44727.2734,1,272.727264]],"lengthInSteps":16,"mustHitSection":true},{"sectionNotes":[[45090.91,0,272.727264],[45454.5469,1,0],[45818.18,3,0],[46181.8164,2,0]],"lengthInSteps":16,"mustHitSection":true},{"sectionNotes":[[46545.4531,0,0],[46909.09,3,0],[47272.7266,0,0],[47636.3633,0,0]],"lengthInSteps":16,"mustHitSection":false},{"sectionNotes":[[48000,2,0],[48363.6367,3,0],[48727.2734,1,0],[49090.91,0,0]],"lengthInSteps":16,"mustHitSection":false},{"sectionNotes":[[49454.5469,3,0],[49818.18,3,0],[50181.8164,2,0],[50545.4531,0,0]],"lengthInSteps":16,"mustHitSection":false},{"sectionNotes":[[50909.09,0,0],[51636.3633,2,0],[52000,2,0],[52181.8164,3,0]],"lengthInSteps":16,"mustHitSection":false},{"sectionNotes":[[52363.6367,0,0],[52727.2734,3,0],[53090.91,0,0],[53454.5469,0,0]],"lengthInSteps":16,"mustHitSection":true},{"sectionNotes":[[53818.18,2,0],[54181.8164,3,0],[54545.4531,1,0],[54909.09,0,0]],"lengthInSteps":16,"mustHitSection":true},{"sectionNotes":[[55272.7266,3,0],[55636.3633,3,0],[56000,2,0],[56181.8164,5,0],[56363.6367,4,0],[56363.6367,0,0]],"lengthInSteps":16,"mustHitSection":true},{"sectionNotes":[[56727.2734,7,0],[56727.2734,0,0],[57090.91,6,0],[57454.543,6,272.727264],[57454.543,2,0],[57818.18,7,272.727264],[57818.18,2,0],[58000,3,0]],"lengthInSteps":16,"mustHitSection":true},{"sectionNotes":[[58181.8164,0,0],[58545.4531,3,0],[58909.09,0,0],[59272.7266,0,0]],"lengthInSteps":16,"mustHitSection":false},{"sectionNotes":[[59636.3633,2,0],[60000,3,0],[60363.6367,1,0],[60727.2734,0,0]],"lengthInSteps":16,"mustHitSection":false},{"sectionNotes":[[61090.91,3,0],[61454.543,3,0],[61818.18,2,0],[62181.8164,0,0]],"lengthInSteps":16,"mustHitSection":false},{"sectionNotes":[[62545.4531,2,0],[62727.2734,3,0],[62909.09,2,0],[63272.7266,1,0],[63636.3633,2,0]],"lengthInSteps":16,"mustHitSection":false},{"sectionNotes":[[64000,0,0],[64363.6367,3,0],[64727.2734,0,0],[65090.91,0,0]],"lengthInSteps":16,"mustHitSection":true},{"sectionNotes":[[65454.543,2,0],[65818.18,3,0],[66181.82,1,0],[66545.45,0,0]],"lengthInSteps":16,"mustHitSection":true},{"sectionNotes":[[66909.09,3,0],[67272.73,3,0],[67636.36,2,0],[68000,0,0]],"lengthInSteps":16,"mustHitSection":true},{"sectionNotes":[[68363.63,2,0],[68545.45,3,0],[68727.27,2,0],[69090.91,1,0],[69454.55,2,0]],"lengthInSteps":16,"mustHitSection":true},{"sectionNotes":[[69818.18,5,272.727264],[70000,0,0],[70545.45,3,0],[70909.09,1,272.727264]],"lengthInSteps":16,"mustHitSection":false},{"sectionNotes":[[71272.73,2,181.818176],[71636.36,3,0],[72000,2,0],[72363.63,0,0]],"lengthInSteps":16,"mustHitSection":false},{"sectionNotes":[[72909.09,0,0],[73454.55,3,0],[73818.18,1,272.727264]],"lengthInSteps":16,"mustHitSection":false},{"sectionNotes":[[74181.82,0,272.727264],[74545.45,1,0],[74909.09,3,0],[75272.73,2,0]],"lengthInSteps":16,"mustHitSection":false},{"sectionNotes":[[75818.18,0,0],[76363.63,3,0],[76727.27,1,272.727264]],"lengthInSteps":16,"mustHitSection":true},{"sectionNotes":[[77090.91,2,181.818176],[77454.55,3,0],[77818.18,2,0],[78181.82,0,0]],"lengthInSteps":16,"mustHitSection":true},{"sectionNotes":[[78727.27,0,0],[79272.73,3,0],[79636.36,1,272.727264]],"lengthInSteps":16,"mustHitSection":true},{"sectionNotes":[[80000,0,272.727264],[80363.63,1,0],[80727.27,3,0],[81090.91,2,0]],"lengthInSteps":16,"mustHitSection":true},{"sectionNotes":[[81636.36,0,0],[82181.82,3,0],[82545.45,1,272.727264]],"lengthInSteps":16,"mustHitSection":false},{"sectionNotes":[[82909.09,2,181.818176],[83272.73,3,0],[83636.36,2,0],[84000,0,0]],"lengthInSteps":16,"mustHitSection":false},{"sectionNotes":[[84545.45,0,0],[85090.91,3,0],[85454.55,1,272.727264]],"lengthInSteps":16,"mustHitSection":false},{"sectionNotes":[[85818.18,0,272.727264],[86181.82,1,0],[86545.45,3,0],[86909.09,2,0],[87090.91,3,0]],"lengthInSteps":16,"mustHitSection":false},{"sectionNotes":[[87454.55,0,0],[88000,3,0],[88363.63,1,272.727264]],"lengthInSteps":16,"mustHitSection":true},{"sectionNotes":[[88727.27,2,181.818176],[89090.91,3,0],[89454.55,2,0],[89818.18,0,0]],"lengthInSteps":16,"mustHitSection":true},{"sectionNotes":[[90363.63,0,0],[90909.09,3,0],[91272.73,1,272.727264]],"lengthInSteps":16,"mustHitSection":true},{"sectionNotes":[[91636.36,0,272.727264],[92000,1,0],[92363.63,3,0],[92727.27,2,0],[92909.09,3,0]],"lengthInSteps":16,"mustHitSection":true},{"sectionNotes":[],"lengthInSteps":16,"mustHitSection":true},{"sectionNotes":[],"lengthInSteps":16,"mustHitSection":true},{"sectionNotes":[],"lengthInSteps":16,"mustHitSection":true},{"sectionNotes":[],"lengthInSteps":16,"mustHitSection":true},{"sectionNotes":[],"lengthInSteps":16,"mustHitSection":true},{"sectionNotes":[],"lengthInSteps":16,"mustHitSection":true},{"sectionNotes":[],"lengthInSteps":16,"mustHitSection":true},{"sectionNotes":[],"lengthInSteps":16,"mustHitSection":true},{"sectionNotes":[],"lengthInSteps":16,"mustHitSection":true},{"sectionNotes":[],"lengthInSteps":16,"mustHitSection":true},{"lengthInSteps":16,"altAnim":false,"typeOfSection":0,"sectionNotes":[],"bpm":165,"changeBPM":false,"mustHitSection":true}],"player2":"pico","song":"Blammed","stage":"philly","needsVoices":true,"validScore":true,"bpm":165,"speed":1.2}}