{"song":{"player1":"bfdemoncesar","player2":"monster","notes":[{"lengthInSteps":16,"sectionNotes":[],"mustHitSection":true},{"lengthInSteps":16,"sectionNotes":[],"mustHitSection":true},{"lengthInSteps":16,"sectionNotes":[],"mustHitSection":true},{"lengthInSteps":16,"sectionNotes":[],"mustHitSection":true},{"lengthInSteps":16,"sectionNotes":[],"mustHitSection":true},{"lengthInSteps":16,"sectionNotes":[],"mustHitSection":true},{"lengthInSteps":16,"sectionNotes":[],"mustHitSection":true},{"lengthInSteps":16,"sectionNotes":[],"mustHitSection":true},{"lengthInSteps":16,"sectionNotes":[[9900,1,225],[10200,0,225],[10500,2,225],[9600,3,225]],"mustHitSection":false},{"lengthInSteps":16,"sectionNotes":[[11100,2,225],[11700,1,225],[10800,3,225],[11400,0,225]],"mustHitSection":false},{"lengthInSteps":16,"sectionNotes":[[12000,2,0],[12150,0,0],[12300,2,0],[12600,3,0],[12750,0,0],[12900,2,0],[13050,1,0]],"mustHitSection":false},{"lengthInSteps":16,"sectionNotes":[[13200,3,0],[13350,1,0],[13500,2,0],[13800,3,0],[13950,1,0],[14100,0,0],[14250,2,0]],"mustHitSection":false},{"lengthInSteps":16,"sectionNotes":[[14400,1,225],[14700,3,225],[15000,1,225],[15300,0,0]],"mustHitSection":true},{"lengthInSteps":16,"sectionNotes":[[15600,1,0],[15900,2,0],[16200,1,225],[16500,3,0]],"mustHitSection":true},{"lengthInSteps":16,"sectionNotes":[[16800,1,0],[17100,1,0],[17400,2,0],[17550,1,0],[16950,3,0],[17850,3,0],[17700,0,0]],"mustHitSection":true},{"lengthInSteps":16,"sectionNotes":[[18000,1,0],[18600,1,0],[18900,1,0],[19050,2,0],[18150,0,0],[18750,3,0],[18300,2,0]],"mustHitSection":true},{"lengthInSteps":16,"sectionNotes":[[19200,5,0],[19500,5,0],[19950,7,0],[20100,5,0],[20250,7,0],[19350,6,0],[19200,0,525],[19800,2,525],[19800,4,0]],"mustHitSection":false},{"lengthInSteps":16,"sectionNotes":[[20400,5,0],[20700,5,0],[21150,7,0],[21300,6,225],[20550,6,0],[20400,1,525],[21000,3,525],[21000,4,0]],"mustHitSection":false},{"lengthInSteps":16,"sectionNotes":[[22200,3,225],[21600,1,0],[21900,2,225],[22500,0,225],[21600,5,0],[21750,7,0],[21900,5,0],[22350,7,0],[22500,5,0],[22650,6,75],[22200,4,0]],"mustHitSection":true},{"lengthInSteps":16,"sectionNotes":[[22800,1,0],[22950,2,0],[23100,1,0],[23550,0,0],[23700,1,225],[23400,7,525],[22800,4,525],[23400,3,0]],"mustHitSection":true},{"lengthInSteps":16,"sectionNotes":[[24000,7,0],[24675,5,150],[24900,7,0],[25050,5,0],[24075,6,0],[24450,7,0],[24225,4,150],[24000,0,225],[24300,1,225],[24600,2,225],[24900,3,225]],"mustHitSection":false},{"lengthInSteps":16,"sectionNotes":[[25200,7,0],[25350,6,0],[25950,4,0],[26100,6,0],[26250,5,0],[25800,7,0],[25500,4,0],[25200,0,225],[25500,2,225],[25800,3,225],[26100,1,225]],"mustHitSection":false},{"lengthInSteps":16,"sectionNotes":[[26550,2,0],[26700,1,0],[26850,3,0],[27000,0,0],[27150,1,0],[27300,3,0],[27450,2,0],[26400,3,0],[26400,7,225],[26700,4,225],[27000,6,225],[27300,5,225]],"mustHitSection":true},{"lengthInSteps":16,"sectionNotes":[[27600,1,0],[27750,3,0],[27900,0,0],[28050,1,0],[28200,3,0],[28350,2,0],[27600,7,225],[27900,4,225],[28200,7,225],[28500,6,225],[28500,1,0],[28650,0,0]],"mustHitSection":true},{"lengthInSteps":16,"sectionNotes":[[28800,0,0],[28950,2,0],[29100,0,0],[29250,2,0],[29400,1,0],[29550,3,0],[29700,1,0],[29850,3,0]],"mustHitSection":false},{"lengthInSteps":16,"sectionNotes":[[30000,0,0],[30150,1,0],[30750,3,0],[30900,2,0],[31050,1,0],[30600,0,0],[30300,2,0],[30450,3,0]],"mustHitSection":false},{"lengthInSteps":16,"sectionNotes":[[31200,0,0],[31425,1,0],[31650,2,0],[31875,0,0],[32100,3,0]],"mustHitSection":false},{"lengthInSteps":16,"sectionNotes":[[32400,2,0],[32625,0,0],[32850,1,0],[33000,3,0],[33150,2,0],[33450,0,0],[33300,1,0]],"mustHitSection":false},{"lengthInSteps":16,"sectionNotes":[[33600,3,0],[33750,2,0],[33900,1,0],[34050,0,0],[34200,1,0],[34350,2,0],[34500,1,0],[34650,3,0]],"mustHitSection":true},{"lengthInSteps":16,"sectionNotes":[[34800,1,0],[34950,3,0],[35100,1,0],[35250,0,0],[35400,2,0],[35550,1,0],[35700,2,0],[35850,3,0]],"mustHitSection":true},{"lengthInSteps":16,"sectionNotes":[[36000,1,0],[36225,3,0],[36450,1,0],[36675,2,0],[36900,0,0]],"mustHitSection":true},{"lengthInSteps":16,"sectionNotes":[[37200,2,0],[37650,3,0],[37800,1,0],[37950,0,0],[38100,2,0],[38250,1,0],[37425,1,0]],"mustHitSection":true},{"lengthInSteps":16,"sectionNotes":[[38400,1,0],[38550,0,0],[38700,1,0],[38850,2,225],[39150,3,0],[39300,2,225]],"mustHitSection":false},{"lengthInSteps":16,"sectionNotes":[[39600,0,0],[39750,1,0],[39900,3,0],[40050,2,225],[40350,0,0],[40500,2,225]],"mustHitSection":false},{"lengthInSteps":16,"sectionNotes":[[41100,2,0],[41400,2,0],[40950,0,0],[41700,2,0],[41250,0,0],[40800,3,0]],"mustHitSection":false},{"lengthInSteps":16,"sectionNotes":[[42000,2,0],[42300,2,0],[42600,2,0],[42825,2,0],[43050,2,0]],"mustHitSection":false},{"lengthInSteps":16,"sectionNotes":[[43500,1,0],[44100,2,225],[43200,3,0],[43350,2,0],[43650,0,225],[43950,1,0]],"mustHitSection":true},{"lengthInSteps":16,"sectionNotes":[[44700,3,0],[44850,2,225],[44400,1,0],[44550,0,0],[45150,0,0],[45300,3,225]],"mustHitSection":true},{"lengthInSteps":16,"sectionNotes":[[45600,2,0],[45900,2,0],[46200,2,0],[45750,0,0],[46500,2,0],[46050,0,0]],"mustHitSection":true},{"lengthInSteps":16,"sectionNotes":[[46800,2,0],[47100,2,0],[47400,2,0],[47850,2,0],[47625,2,0]],"mustHitSection":true},{"lengthInSteps":16,"sectionNotes":[[48000,3,150],[48225,1,150],[48450,2,150],[48675,0,150],[48900,3,150],[49125,2,150]],"mustHitSection":false},{"lengthInSteps":16,"sectionNotes":[[49350,0,150],[49575,3,150],[50100,1,225],[49800,1,0],[49950,1,0]],"mustHitSection":false},{"lengthInSteps":16,"sectionNotes":[[50400,0,0],[50550,1,0],[50700,2,0],[50850,3,225],[51150,0,0],[51300,2,225]],"mustHitSection":false},{"lengthInSteps":16,"sectionNotes":[[51600,3,0],[51750,0,0],[51900,1,0],[52050,2,0],[52200,3,0],[52350,0,0],[52500,3,225]],"mustHitSection":false},{"lengthInSteps":16,"sectionNotes":[[52800,1,150],[53025,0,150],[53250,3,150],[53475,1,150],[53700,2,0],[53925,0,150]],"mustHitSection":true},{"lengthInSteps":16,"sectionNotes":[[54750,1,0],[54900,1,225],[54600,1,0],[54150,1,150],[54375,3,0]],"mustHitSection":true},{"lengthInSteps":16,"sectionNotes":[[55200,0,0],[55950,0,0],[56100,2,225],[55350,3,0],[55500,1,0],[55650,2,225]],"mustHitSection":true},{"lengthInSteps":16,"sectionNotes":[[57300,3,225],[56550,1,0],[56700,3,0],[56850,1,0],[57000,0,0],[57150,2,0],[56400,0,0]],"mustHitSection":true},{"lengthInSteps":16,"sectionNotes":[[57600,0,0],[57750,2,0],[57900,2,0],[58050,0,0],[58350,0,0],[58200,3,0],[58500,2,0],[58650,1,0],[57825,3,0]],"mustHitSection":false},{"lengthInSteps":16,"sectionNotes":[[58800,0,0],[58950,2,0],[59025,3,0],[59100,2,0],[59250,0,0],[59550,0,0],[59400,3,0],[59700,2,0],[59850,1,0]],"mustHitSection":false},{"lengthInSteps":16,"sectionNotes":[[60000,2,0],[60225,2,0],[60450,1,0],[60900,0,0],[60750,1,0],[60600,3,0],[61050,2,0]],"mustHitSection":false},{"lengthInSteps":16,"sectionNotes":[[61200,0,0],[61500,0,0],[61650,2,0],[61800,3,525],[62100,2,225],[61425,3,0],[61350,1,0]],"mustHitSection":false},{"lengthInSteps":16,"sectionNotes":[[62400,0,0],[63150,0,0],[62850,1,0],[63300,1,0],[63450,3,0],[63000,2,0],[62700,3,0],[62550,1,0],[62625,2,0]],"mustHitSection":true},{"lengthInSteps":16,"sectionNotes":[[63600,0,0],[64350,0,0],[64050,1,0],[64500,1,0],[64650,3,0],[63750,1,0],[64200,2,0],[63825,2,0],[63900,3,0]],"mustHitSection":true},{"lengthInSteps":16,"sectionNotes":[[65250,1,0],[65700,0,0],[65550,1,0],[65400,3,0],[65850,2,0],[65025,2,0],[64800,2,0]],"mustHitSection":true},{"lengthInSteps":16,"sectionNotes":[[66000,0,0],[66150,1,0],[66600,1,150],[66225,3,0],[66300,2,0],[66450,0,0]],"mustHitSection":true},{"lengthInSteps":16,"sectionNotes":[[67800,3,0],[67950,1,0],[68100,3,0],[68250,1,0]],"mustHitSection":true},{"lengthInSteps":16,"sectionNotes":[[68400,0,0],[68550,2,0],[68700,1,0],[68850,3,0],[69000,1,0],[69450,3,0],[69300,0,0]],"mustHitSection":true},{"lengthInSteps":16,"sectionNotes":[[69600,0,0],[69750,2,0],[69900,1,0],[70350,1,0],[70500,0,0],[70200,2,0],[70050,0,0],[70650,2,0]],"mustHitSection":false},{"lengthInSteps":16,"sectionNotes":[[70800,1,0],[70950,0,0],[71100,2,0],[71250,1,0],[71400,3,0],[71550,0,0],[71700,3,225]],"mustHitSection":false},{"lengthInSteps":16,"sectionNotes":[[72600,1,0],[72750,3,0],[72900,1,225]],"mustHitSection":true},{"sectionNotes":[[73200,0,0],[73650,3,225],[73950,0,0],[74100,1,225],[73350,2,0]],"typeOfSection":0,"lengthInSteps":16,"altAnim":false,"mustHitSection":true,"changeBPM":false,"bpm":165},{"lengthInSteps":16,"typeOfSection":0,"sectionNotes":[[74400,0,0],[74550,2,0],[74700,1,0],[75150,1,0],[75300,0,0],[75000,2,0],[74850,0,0],[75450,2,0]],"altAnim":false,"bpm":165,"changeBPM":false,"mustHitSection":false},{"lengthInSteps":16,"typeOfSection":0,"sectionNotes":[[75600,1,0],[75750,0,0],[75900,2,0],[76050,1,0],[76200,0,0],[76350,2,0],[76500,1,0],[76650,0,0]],"altAnim":false,"bpm":200,"changeBPM":false,"mustHitSection":false},{"lengthInSteps":16,"typeOfSection":0,"sectionNotes":[[76800,5,0],[77400,5,225],[77700,4,0],[77100,6,0],[76800,0,225],[77100,2,225],[77400,3,225],[77700,1,225]],"altAnim":false,"bpm":200,"changeBPM":false,"mustHitSection":false},{"lengthInSteps":16,"typeOfSection":0,"sectionNotes":[[78000,5,0],[78450,7,0],[78600,4,0],[79050,5,0],[78000,3,75],[78150,0,75],[78300,3,75],[78450,1,75],[78600,2,225],[78300,6,0]],"altAnim":false,"bpm":200,"changeBPM":false,"mustHitSection":false},{"lengthInSteps":16,"typeOfSection":0,"sectionNotes":[[79500,3,0],[79800,2,0],[80100,1,0],[80250,2,0],[79200,6,150],[79200,2,0],[79650,7,150],[80100,4,150]],"altAnim":false,"bpm":200,"changeBPM":false,"mustHitSection":true},{"lengthInSteps":16,"typeOfSection":0,"sectionNotes":[[80400,3,225],[81000,0,0],[81300,1,0],[81450,2,0],[80700,1,225],[80550,5,150],[81300,7,75],[81000,7,75],[81150,4,75]],"altAnim":false,"bpm":200,"changeBPM":false,"mustHitSection":true},{"lengthInSteps":16,"typeOfSection":0,"sectionNotes":[[81600,5,0],[82200,5,225],[82500,4,0],[81900,6,0],[81600,0,225],[81900,2,225],[82200,3,225],[82500,1,225]],"altAnim":false,"bpm":200,"changeBPM":false,"mustHitSection":false},{"lengthInSteps":16,"typeOfSection":0,"sectionNotes":[[82800,5,0],[83250,7,0],[83400,4,0],[83850,5,0],[82800,3,75],[82950,0,75],[83100,3,75],[83250,1,75],[83400,2,225],[83100,6,0]],"altAnim":false,"bpm":200,"changeBPM":false,"mustHitSection":false},{"lengthInSteps":16,"typeOfSection":0,"sectionNotes":[[84000,2,0],[84150,3,225],[84450,1,0],[85050,1,0],[84000,6,150],[84450,7,150],[84900,4,150],[84750,0,225]],"altAnim":false,"bpm":200,"changeBPM":false,"mustHitSection":true},{"lengthInSteps":16,"typeOfSection":0,"sectionNotes":[[85800,0,0],[85500,2,0],[85425,1,0],[85200,3,150],[85350,5,150],[85800,7,75],[85950,4,75],[86100,7,75]],"altAnim":false,"bpm":200,"changeBPM":false,"mustHitSection":true},{"lengthInSteps":16,"typeOfSection":0,"sectionNotes":[[86400,3,0],[86550,1,0],[86700,2,0],[86850,0,0],[87000,3,0],[87300,1,225],[87300,3,225],[87300,2,225],[87150,0,0]],"altAnim":false,"bpm":200,"changeBPM":false,"mustHitSection":false},{"sectionNotes":[[87750,1,0],[87900,2,0],[88050,0,0],[88500,0,225],[88500,1,225],[88500,2,225],[88350,3,0],[88200,1,0],[87600,0,0]],"typeOfSection":0,"lengthInSteps":16,"altAnim":false,"mustHitSection":false,"changeBPM":false,"bpm":200},{"sectionNotes":[[88800,3,225],[89100,2,225],[89400,0,225],[89700,1,225]],"typeOfSection":0,"lengthInSteps":16,"altAnim":false,"mustHitSection":false,"changeBPM":false,"bpm":200},{"sectionNotes":[[90000,3,0],[90150,2,0],[90300,0,0],[90600,0,0],[90900,3,225],[90900,1,225],[90900,0,225],[90750,2,0],[90450,3,0]],"typeOfSection":0,"lengthInSteps":16,"altAnim":false,"mustHitSection":false,"changeBPM":false,"bpm":200},{"sectionNotes":[[92100,1,225],[92100,3,225],[92100,2,225],[91200,1,0],[91350,3,0],[91500,1,0],[91800,1,0],[91650,2,0],[91950,0,0]],"typeOfSection":0,"lengthInSteps":16,"altAnim":false,"mustHitSection":true,"changeBPM":false,"bpm":200},{"sectionNotes":[[92550,3,0],[92700,1,0],[92850,2,0],[93300,0,225],[93300,1,225],[93300,2,225],[93150,3,0],[93000,0,0],[92400,0,0]],"typeOfSection":0,"lengthInSteps":16,"altAnim":false,"mustHitSection":true,"changeBPM":false,"bpm":200},{"sectionNotes":[[93600,3,225],[93900,2,0],[94200,0,0],[94500,1,225]],"typeOfSection":0,"lengthInSteps":16,"altAnim":false,"mustHitSection":true,"changeBPM":false,"bpm":200},{"sectionNotes":[[95700,3,225],[95700,0,225],[94800,2,0],[94950,1,0],[95100,3,0],[95550,1,0],[95700,2,225],[95250,0,0],[95400,2,0]],"typeOfSection":0,"lengthInSteps":16,"altAnim":false,"mustHitSection":true,"changeBPM":false,"bpm":200},{"sectionNotes":[[96000,5,0],[96300,5,0],[96750,7,0],[96900,5,0],[97050,7,0],[96150,6,0],[96000,0,525],[96600,2,525],[96600,4,0]],"typeOfSection":0,"lengthInSteps":16,"altAnim":false,"mustHitSection":false,"changeBPM":false,"bpm":200},{"sectionNotes":[[97200,5,0],[97500,5,0],[97950,7,0],[98100,6,225],[97350,6,0],[97200,1,525],[97800,3,525],[97800,4,0]],"typeOfSection":0,"lengthInSteps":16,"altAnim":false,"mustHitSection":false,"changeBPM":false,"bpm":200},{"sectionNotes":[[99000,3,225],[98400,1,0],[98700,2,225],[99300,0,225],[98400,5,0],[98550,7,0],[98700,5,0],[98850,7,0],[99000,6,0],[99150,7,0],[99300,5,0],[99450,6,75]],"typeOfSection":0,"lengthInSteps":16,"altAnim":false,"mustHitSection":true,"changeBPM":false,"bpm":200},{"sectionNotes":[[99600,1,0],[99750,2,0],[99900,1,0],[100350,0,0],[100500,1,225],[99600,4,450],[100125,7,600],[100200,3,0]],"typeOfSection":0,"lengthInSteps":16,"altAnim":false,"mustHitSection":true,"changeBPM":false,"bpm":200},{"sectionNotes":[[100800,7,0],[101475,5,150],[101700,7,0],[101850,5,0],[101250,7,0],[101025,4,150],[100800,0,225],[101100,1,225],[101400,2,225],[101700,3,225],[100950,6,0]],"typeOfSection":0,"lengthInSteps":16,"altAnim":false,"mustHitSection":false,"changeBPM":false,"bpm":200},{"sectionNotes":[[102000,7,0],[102150,6,0],[102750,4,0],[102900,6,0],[103050,5,0],[102000,0,225],[102300,2,225],[102900,1,225],[102300,4,0],[102600,5,0],[102600,3,225]],"typeOfSection":0,"lengthInSteps":16,"altAnim":false,"mustHitSection":false,"changeBPM":false,"bpm":200},{"sectionNotes":[[103350,2,0],[103500,1,0],[103650,3,0],[103800,0,0],[103950,1,0],[104100,3,0],[104250,2,0],[103200,3,0],[103200,7,225],[103500,4,225],[103800,6,225],[104100,5,225]],"typeOfSection":0,"lengthInSteps":16,"altAnim":false,"mustHitSection":true,"changeBPM":false,"bpm":200},{"sectionNotes":[[104400,1,0],[104550,3,0],[104700,0,0],[104850,1,0],[105000,3,0],[105150,2,0],[105450,0,0],[104400,7,225],[104700,4,225],[105000,7,225],[105300,6,225],[105300,1,0]],"typeOfSection":0,"lengthInSteps":16,"altAnim":false,"mustHitSection":true,"changeBPM":false,"bpm":200},{"sectionNotes":[[105600,0,0],[105750,2,0],[105900,0,0],[106050,2,0],[106200,1,0],[106350,3,0],[106500,1,0],[106650,3,0]],"typeOfSection":0,"lengthInSteps":16,"altAnim":false,"mustHitSection":false,"changeBPM":false,"bpm":200},{"sectionNotes":[[106800,0,0],[106950,1,0],[107550,3,0],[107700,2,0],[107850,1,0],[107400,0,0],[107100,2,0],[107250,3,0]],"typeOfSection":0,"lengthInSteps":16,"altAnim":false,"mustHitSection":false,"changeBPM":false,"bpm":200},{"sectionNotes":[[108000,0,0],[108225,1,0],[108450,2,0],[108675,0,0],[108900,3,0]],"typeOfSection":0,"lengthInSteps":16,"altAnim":false,"mustHitSection":false,"changeBPM":false,"bpm":200},{"sectionNotes":[[109200,2,0],[109425,0,0],[109650,1,0],[109800,3,0],[109950,2,0],[110250,0,0],[110100,1,0]],"typeOfSection":0,"lengthInSteps":16,"altAnim":false,"mustHitSection":false,"changeBPM":false,"bpm":200},{"sectionNotes":[[110400,3,0],[110550,2,0],[110700,1,0],[110850,0,0],[111000,1,0],[111150,2,0],[111300,1,0],[111450,3,0]],"typeOfSection":0,"lengthInSteps":16,"altAnim":false,"mustHitSection":true,"changeBPM":false,"bpm":200},{"sectionNotes":[[111600,1,0],[111750,3,0],[111900,1,0],[112050,0,0],[112200,2,0],[112350,1,0],[112500,2,0],[112650,3,0]],"typeOfSection":0,"lengthInSteps":16,"altAnim":false,"mustHitSection":true,"changeBPM":false,"bpm":200},{"sectionNotes":[[112800,1,0],[113025,3,0],[113250,1,0],[113475,2,0],[113700,0,0]],"typeOfSection":0,"lengthInSteps":16,"altAnim":false,"mustHitSection":true,"changeBPM":false,"bpm":200},{"sectionNotes":[[114000,2,0],[114450,3,0],[114600,1,0],[114750,0,0],[114900,2,0],[115050,1,0],[114225,1,0]],"typeOfSection":0,"lengthInSteps":16,"altAnim":false,"mustHitSection":true,"changeBPM":false,"bpm":200},{"sectionNotes":[[115200,7,0],[115800,6,0],[115650,6,0],[116100,5,0],[116250,5,0],[115200,0,0],[115350,3,0],[115650,2,0],[115800,1,0],[116100,3,0],[116250,0,0],[115350,7,0]],"typeOfSection":0,"lengthInSteps":16,"altAnim":false,"mustHitSection":false,"changeBPM":false,"bpm":200},{"sectionNotes":[[116700,4,0],[116550,4,0],[117300,5,0],[117150,6,0],[117000,5,0],[117000,3,0],[117150,0,0],[117300,2,0],[116550,2,0],[116700,1,0]],"typeOfSection":0,"lengthInSteps":16,"altAnim":false,"mustHitSection":false,"changeBPM":false,"bpm":200},{"sectionNotes":[[117750,0,0],[117600,7,0],[117900,7,0],[118050,0,0],[118200,7,0],[118350,0,0],[118500,7,0],[118650,0,0]],"typeOfSection":0,"lengthInSteps":16,"altAnim":false,"mustHitSection":true,"changeBPM":false,"bpm":200},{"sectionNotes":[[118950,1,0],[119250,1,0],[118800,4,0],[119100,4,0],[119400,3,0],[119400,5,0],[119700,1,0],[119850,0,0],[119700,6,0],[119850,7,0]],"typeOfSection":0,"lengthInSteps":16,"altAnim":false,"mustHitSection":true,"changeBPM":false,"bpm":200},{"sectionNotes":[[120000,5,0],[120150,6,0],[120300,5,0],[120450,6,0],[120600,5,0],[121050,4,0],[120000,0,0],[120150,2,0],[120300,0,0],[120450,2,0],[120600,0,0],[120900,2,0],[121050,1,0],[120900,7,0]],"typeOfSection":0,"lengthInSteps":16,"altAnim":false,"mustHitSection":false,"changeBPM":false,"bpm":200},{"sectionNotes":[[121200,7,225],[121800,5,225],[121200,3,0],[121350,0,0],[121500,3,0],[121800,0,0],[121950,1,0],[122100,2,0],[122250,1,0],[121650,2,0]],"typeOfSection":0,"lengthInSteps":16,"altAnim":false,"mustHitSection":false,"changeBPM":false,"bpm":200},{"sectionNotes":[[122400,7,0],[122700,6,0],[123000,7,0],[123300,4,0],[122400,0,0],[122700,0,0],[122550,3,0],[123000,1,0],[123150,2,0],[123300,1,0],[123450,0,0],[123450,6,0]],"typeOfSection":0,"lengthInSteps":16,"altAnim":false,"mustHitSection":true,"changeBPM":false,"bpm":200},{"sectionNotes":[[123600,1,0],[123750,3,0],[123900,1,0],[124200,2,0],[124350,3,0],[124500,1,0],[124650,0,0],[123600,5,0],[123900,5,0],[124200,5,0],[124500,4,0],[124650,6,0]],"typeOfSection":0,"lengthInSteps":16,"altAnim":false,"mustHitSection":true,"changeBPM":false,"bpm":200},{"sectionNotes":[[124800,3,150],[125025,1,150],[125250,2,150],[125475,0,150],[125700,3,150],[125925,2,150]],"typeOfSection":0,"lengthInSteps":16,"altAnim":false,"mustHitSection":false,"changeBPM":false,"bpm":200},{"sectionNotes":[[126150,0,150],[126375,3,150],[126900,1,225],[126600,1,0],[126750,1,0]],"typeOfSection":0,"lengthInSteps":16,"altAnim":false,"mustHitSection":false,"changeBPM":false,"bpm":200},{"sectionNotes":[[127200,0,0],[127350,1,0],[127500,2,0],[127650,3,225],[127950,0,0],[128100,2,225]],"typeOfSection":0,"lengthInSteps":16,"altAnim":false,"mustHitSection":false,"changeBPM":false,"bpm":200},{"sectionNotes":[[128400,3,0],[128550,0,0],[128700,1,0],[128850,2,0],[129000,3,0],[129150,0,0],[129300,3,225]],"typeOfSection":0,"lengthInSteps":16,"altAnim":false,"mustHitSection":false,"changeBPM":false,"bpm":200},{"sectionNotes":[[129600,1,150],[129825,0,150],[130050,3,150],[130275,1,150],[130500,2,0],[130725,0,150]],"typeOfSection":0,"lengthInSteps":16,"altAnim":false,"mustHitSection":true,"changeBPM":false,"bpm":200},{"sectionNotes":[[131550,1,0],[131700,1,225],[131400,1,0],[130950,1,150],[131175,3,0]],"typeOfSection":0,"lengthInSteps":16,"altAnim":false,"mustHitSection":true,"changeBPM":false,"bpm":200},{"sectionNotes":[[132000,0,0],[132750,0,0],[132900,2,225],[132150,3,0],[132300,1,0],[132450,2,225]],"typeOfSection":0,"lengthInSteps":16,"altAnim":false,"mustHitSection":true,"changeBPM":false,"bpm":200},{"sectionNotes":[[134100,3,225],[133350,1,0],[133500,3,0],[133650,1,0],[133800,0,0],[133950,2,0],[133200,0,0]],"typeOfSection":0,"lengthInSteps":16,"altAnim":false,"mustHitSection":true,"changeBPM":false,"bpm":200},{"sectionNotes":[[134400,0,0],[134550,2,0],[134700,2,0],[134850,0,0],[135150,0,0],[135000,3,0],[135300,2,0],[135450,1,0],[134625,3,0]],"typeOfSection":0,"lengthInSteps":16,"altAnim":false,"mustHitSection":false,"changeBPM":false,"bpm":200},{"sectionNotes":[[135600,0,0],[135750,2,0],[135825,3,0],[135900,2,0],[136050,0,0],[136350,0,0],[136200,3,0],[136500,2,0],[136650,1,0]],"typeOfSection":0,"lengthInSteps":16,"altAnim":false,"mustHitSection":false,"changeBPM":false,"bpm":200},{"sectionNotes":[[136800,2,0],[137025,2,0],[137250,1,0],[137700,0,0],[137550,1,0],[137400,3,0],[137850,2,0]],"typeOfSection":0,"lengthInSteps":16,"altAnim":false,"mustHitSection":false,"changeBPM":false,"bpm":200},{"sectionNotes":[[138000,0,0],[138300,0,0],[138450,2,0],[138600,3,525],[138900,2,225],[138225,3,0],[138150,1,0]],"typeOfSection":0,"lengthInSteps":16,"altAnim":false,"mustHitSection":false,"changeBPM":false,"bpm":200},{"sectionNotes":[[139200,0,0],[139950,0,0],[139650,1,0],[140100,1,0],[140250,3,0],[139800,2,0],[139500,3,0],[139350,1,0],[139425,2,0]],"typeOfSection":0,"lengthInSteps":16,"altAnim":false,"mustHitSection":true,"changeBPM":false,"bpm":200},{"sectionNotes":[[140400,0,0],[141150,0,0],[140850,1,0],[141300,1,0],[141450,3,0],[140550,1,0],[141000,2,0],[140625,2,0],[140700,3,0]],"typeOfSection":0,"lengthInSteps":16,"altAnim":false,"mustHitSection":true,"changeBPM":false,"bpm":200},{"sectionNotes":[[142050,1,0],[142500,0,0],[142350,1,0],[142200,3,0],[142650,2,0],[141825,2,0],[141600,2,0]],"typeOfSection":0,"lengthInSteps":16,"altAnim":false,"mustHitSection":true,"changeBPM":false,"bpm":200},{"sectionNotes":[[142800,0,0],[142950,1,0],[143400,1,150],[143025,3,0],[143100,2,0],[143250,0,0]],"typeOfSection":0,"lengthInSteps":16,"altAnim":false,"mustHitSection":true,"changeBPM":false,"bpm":200},{"sectionNotes":[[144225,1,150],[144450,2,150],[144000,0,150],[144675,3,150],[144900,1,150],[145125,2,150]],"typeOfSection":0,"lengthInSteps":16,"altAnim":false,"mustHitSection":false,"changeBPM":false,"bpm":200},{"sectionNotes":[[145800,3,0],[145950,3,0],[146100,3,225],[145350,3,150],[145575,0,150]],"typeOfSection":0,"lengthInSteps":16,"altAnim":false,"mustHitSection":false,"changeBPM":false,"bpm":200},{"sectionNotes":[[146400,2,0],[146550,3,0],[146700,0,0],[146850,1,225],[147150,3,0],[147300,1,225]],"typeOfSection":0,"lengthInSteps":16,"altAnim":false,"mustHitSection":false,"changeBPM":false,"bpm":200},{"sectionNotes":[[147600,0,0],[147750,1,0],[147900,2,0],[148050,3,0],[148200,1,0],[148350,0,0],[148500,1,225]],"typeOfSection":0,"lengthInSteps":16,"altAnim":false,"mustHitSection":false,"changeBPM":false,"bpm":200},{"sectionNotes":[[148800,3,0],[149025,1,0],[149250,2,150],[149925,2,150],[149475,3,0],[149700,0,0]],"typeOfSection":0,"lengthInSteps":16,"altAnim":false,"mustHitSection":true,"changeBPM":false,"bpm":200},{"sectionNotes":[[150150,3,150],[150375,0,0],[150600,3,0],[150750,3,0],[150900,3,0]],"typeOfSection":0,"lengthInSteps":16,"altAnim":false,"mustHitSection":true,"changeBPM":false,"bpm":200},{"sectionNotes":[[151950,0,0],[151200,0,0],[151350,1,0],[151500,2,0],[151650,3,0],[152100,3,0]],"typeOfSection":0,"lengthInSteps":16,"altAnim":false,"mustHitSection":true,"changeBPM":false,"bpm":200},{"sectionNotes":[[152400,0,0],[153150,2,0],[152850,3,0],[152700,2,0],[152550,1,0],[153000,0,0],[153300,3,0]],"typeOfSection":0,"lengthInSteps":16,"altAnim":false,"mustHitSection":true,"changeBPM":false,"bpm":200},{"sectionNotes":[[154350,0,0],[153600,1,0],[153675,0,0],[153750,1,0],[153900,3,0],[154500,1,0],[154200,1,0],[154050,0,0],[154650,2,0]],"typeOfSection":0,"lengthInSteps":16,"altAnim":false,"mustHitSection":false,"changeBPM":false,"bpm":200},{"sectionNotes":[[155550,0,0],[154800,1,0],[154875,0,0],[154950,1,0],[155100,3,0],[155700,1,0],[155400,1,0],[155250,0,0],[155850,2,0]],"typeOfSection":0,"lengthInSteps":16,"altAnim":false,"mustHitSection":false,"changeBPM":false,"bpm":200},{"sectionNotes":[[156600,3,0],[157050,2,0],[156000,3,0],[156225,3,0],[156450,0,0],[156750,0,0],[156900,1,0]],"typeOfSection":0,"lengthInSteps":16,"altAnim":false,"mustHitSection":false,"changeBPM":false,"bpm":200},{"sectionNotes":[[157275,3,0],[157500,0,0],[158100,1,225],[157800,0,525],[157350,1,0],[157650,3,0],[157200,0,0]],"typeOfSection":0,"lengthInSteps":16,"altAnim":false,"mustHitSection":false,"changeBPM":false,"bpm":200},{"sectionNotes":[[159150,0,0],[158400,3,0],[158475,1,0],[158850,0,0],[159000,3,0],[159450,1,0],[159300,3,0],[158550,0,0],[158700,2,0]],"typeOfSection":0,"lengthInSteps":16,"altAnim":false,"mustHitSection":true,"changeBPM":false,"bpm":200},{"sectionNotes":[[160350,0,0],[159600,3,0],[159675,1,0],[159750,0,0],[160050,0,0],[160200,3,0],[160650,1,0],[160500,3,0],[159900,2,0]],"typeOfSection":0,"lengthInSteps":16,"altAnim":false,"mustHitSection":true,"changeBPM":false,"bpm":200},{"sectionNotes":[[161400,3,0],[160800,3,0],[161025,3,0],[161250,0,0],[161550,2,0],[161700,3,0],[161850,1,0]],"typeOfSection":0,"lengthInSteps":16,"altAnim":false,"mustHitSection":true,"changeBPM":false,"bpm":200},{"sectionNotes":[[162000,0,0],[162075,1,0],[162450,3,0],[162600,1,0],[162150,3,0],[162300,2,0]],"typeOfSection":0,"lengthInSteps":16,"altAnim":false,"mustHitSection":true,"changeBPM":false,"bpm":200},{"sectionNotes":[],"typeOfSection":0,"lengthInSteps":16,"altAnim":false,"mustHitSection":true,"changeBPM":false,"bpm":200},{"sectionNotes":[],"typeOfSection":0,"lengthInSteps":16,"altAnim":false,"mustHitSection":true,"changeBPM":false,"bpm":200},{"sectionNotes":[],"typeOfSection":0,"lengthInSteps":16,"altAnim":false,"mustHitSection":true,"changeBPM":false,"bpm":200},{"sectionNotes":[],"typeOfSection":0,"lengthInSteps":16,"altAnim":false,"mustHitSection":true,"changeBPM":false,"bpm":200},{"sectionNotes":[],"typeOfSection":0,"lengthInSteps":16,"altAnim":false,"mustHitSection":true,"changeBPM":false,"bpm":200},{"sectionNotes":[],"typeOfSection":0,"lengthInSteps":16,"altAnim":false,"mustHitSection":true,"changeBPM":false,"bpm":200},{"lengthInSteps":16,"typeOfSection":0,"sectionNotes":[],"altAnim":false,"bpm":200,"changeBPM":false,"mustHitSection":true},{"sectionNotes":[],"typeOfSection":0,"lengthInSteps":16,"altAnim":false,"mustHitSection":true,"changeBPM":false,"bpm":200},{"sectionNotes":[],"typeOfSection":0,"lengthInSteps":16,"altAnim":false,"mustHitSection":true,"changeBPM":false,"bpm":200},{"sectionNotes":[],"typeOfSection":0,"lengthInSteps":16,"altAnim":false,"mustHitSection":true,"changeBPM":false,"bpm":200},{"sectionNotes":[],"typeOfSection":0,"lengthInSteps":16,"altAnim":false,"mustHitSection":true,"changeBPM":false,"bpm":200},{"lengthInSteps":16,"typeOfSection":0,"sectionNotes":[],"altAnim":false,"bpm":200,"changeBPM":false,"mustHitSection":true},{"lengthInSteps":16,"typeOfSection":0,"sectionNotes":[],"altAnim":false,"bpm":200,"changeBPM":false,"mustHitSection":true},{"lengthInSteps":16,"typeOfSection":0,"sectionNotes":[],"altAnim":false,"bpm":200,"changeBPM":false,"mustHitSection":true},{"lengthInSteps":16,"typeOfSection":0,"sectionNotes":[],"altAnim":false,"bpm":200,"changeBPM":false,"mustHitSection":true},{"sectionNotes":[],"typeOfSection":0,"lengthInSteps":16,"altAnim":false,"mustHitSection":true,"changeBPM":false,"bpm":200},{"lengthInSteps":16,"altAnim":false,"typeOfSection":0,"sectionNotes":[],"bpm":200,"changeBPM":false,"mustHitSection":true}],"song":"Crucify","stage":"halloween2","needsVoices":true,"validScore":true,"speed":2.5,"bpm":200}}