{"song":{"player1":"bf","isMoody":false,"notes":[{"sectionNotes":[],"lengthInSteps":16,"typeOfSection":0,"mustHitSection":false},{"sectionNotes":[],"lengthInSteps":16,"typeOfSection":0,"mustHitSection":false},{"sectionNotes":[],"lengthInSteps":16,"typeOfSection":0,"mustHitSection":false},{"sectionNotes":[],"lengthInSteps":16,"typeOfSection":0,"mustHitSection":false},{"sectionNotes":[],"lengthInSteps":16,"typeOfSection":0,"mustHitSection":true},{"sectionNotes":[],"lengthInSteps":16,"typeOfSection":0,"mustHitSection":true},{"sectionNotes":[],"lengthInSteps":16,"typeOfSection":0,"mustHitSection":true},{"sectionNotes":[],"lengthInSteps":16,"typeOfSection":0,"mustHitSection":true},{"sectionNotes":[],"lengthInSteps":16,"typeOfSection":0,"mustHitSection":false},{"sectionNotes":[],"lengthInSteps":16,"typeOfSection":0,"mustHitSection":false},{"sectionNotes":[],"lengthInSteps":16,"typeOfSection":0,"mustHitSection":false},{"sectionNotes":[],"lengthInSteps":16,"typeOfSection":0,"mustHitSection":false},{"sectionNotes":[],"lengthInSteps":16,"typeOfSection":0,"mustHitSection":true},{"sectionNotes":[],"lengthInSteps":16,"typeOfSection":0,"mustHitSection":true},{"sectionNotes":[],"lengthInSteps":16,"typeOfSection":0,"mustHitSection":true},{"sectionNotes":[],"lengthInSteps":16,"typeOfSection":0,"mustHitSection":true},{"sectionNotes":[[21333.3333333333,3,0],[21666.6666666667,0,0],[22000,3,0],[22333.3333333333,2,0]],"lengthInSteps":16,"typeOfSection":0,"mustHitSection":false},{"sectionNotes":[[23000,0,0],[23500,0,0],[23666.6666666667,3,0],[22666.6666666667,0,0],[23333.3333333333,2,0]],"lengthInSteps":16,"typeOfSection":0,"mustHitSection":false},{"sectionNotes":[[24333.3333333333,2,0],[24666.6666666667,0,0],[24000,3,0],[24833.3333333333,3,0],[25000,0,0],[25166.6666666667,3,0]],"lengthInSteps":16,"typeOfSection":0,"mustHitSection":false},{"sectionNotes":[[25333.3333333333,2,0],[25500,1,0],[25666.6666666667,2,0],[25833.3333333333,1,0],[26000,2,0],[26333.3333333333,3,0]],"lengthInSteps":16,"typeOfSection":0,"mustHitSection":false},{"sectionNotes":[[26666.6666666667,3,0],[27000,0,0],[27333.3333333333,3,0],[27666.6666666667,2,0]],"lengthInSteps":16,"typeOfSection":0,"mustHitSection":false},{"sectionNotes":[[28166.6666666667,3,0],[28333.3333333333,0,0],[29000,3,0],[28666.6666666667,0,0],[28000,0,0],[29166.6666666667,2,0]],"lengthInSteps":16,"typeOfSection":0,"mustHitSection":false},{"sectionNotes":[[29666.6666666666,2,0],[29333.3333333333,3,0],[30000,1,0],[30166.6666666667,2,0],[30333.3333333333,1,0]],"lengthInSteps":16,"typeOfSection":0,"mustHitSection":false},{"sectionNotes":[[31333.3333333333,3,0],[31500,2,0],[30666.6666666667,0,0],[30833.3333333333,3,0],[31000,0,0],[31833.3333333333,0,0]],"lengthInSteps":16,"typeOfSection":0,"mustHitSection":false},{"sectionNotes":[[32000,3,0],[32333.3333333333,0,0],[32666.6666666667,3,0],[33000,2,0]],"lengthInSteps":16,"typeOfSection":0,"mustHitSection":true},{"sectionNotes":[[34333.3333333333,3,0],[34166.6666666667,1,0],[34000,3,0],[33333.3333333333,0,0],[33666.6666666667,2,0]],"lengthInSteps":16,"typeOfSection":0,"mustHitSection":true},{"sectionNotes":[[34666.6666666667,1,0],[35000,2,0],[35333.3333333333,0,0],[35833.3333333333,3,0],[35666.6666666667,1,0]],"lengthInSteps":16,"typeOfSection":0,"mustHitSection":true},{"sectionNotes":[[36666.6666666667,0,0],[37000,2,0],[37166.6666666667,1,0],[36500,3,0],[36333.3333333333,1,0],[36000,2,0]],"lengthInSteps":16,"typeOfSection":0,"mustHitSection":true},{"sectionNotes":[[37333.3333333333,3,0],[38000,0,0],[37666.6666666667,2,0],[38333.3333333333,1,0]],"lengthInSteps":16,"typeOfSection":0,"mustHitSection":true},{"sectionNotes":[[38666.6666666666,1,0],[39000,0,0],[39333.3333333333,2,0],[39666.6666666667,3,0]],"lengthInSteps":16,"typeOfSection":0,"mustHitSection":true},{"sectionNotes":[[40000,1,0],[40666.6666666667,3,0],[40333.3333333333,0,0],[40833.3333333333,2,0],[41000,3,0],[41166.6666666667,2,0]],"lengthInSteps":16,"typeOfSection":0,"mustHitSection":true},{"sectionNotes":[[41500,1,0],[42000,2,0],[41333.3333333333,0,0],[41666.6666666667,0,0],[41833.3333333333,1,0],[42333.3333333333,1,0]],"lengthInSteps":16,"typeOfSection":0,"mustHitSection":true},{"sectionNotes":[[42666.6666666667,3,0],[43666.6666666667,1,250],[43000,1,250],[43333.3333333333,0,0]],"lengthInSteps":16,"typeOfSection":0,"mustHitSection":false},{"sectionNotes":[[44000,0,0],[44333.3333333333,2,250],[44666.6666666667,3,0],[45000,0,250]],"lengthInSteps":16,"typeOfSection":0,"mustHitSection":false},{"sectionNotes":[[45333.3333333333,3,0],[45666.6666666667,1,250],[46000,0,0],[46333.3333333333,2,0]],"lengthInSteps":16,"typeOfSection":0,"mustHitSection":false},{"sectionNotes":[[47333.3333333333,3,0],[47666.6666666667,1,0],[46666.6666666667,0,0],[47000,2,250]],"lengthInSteps":16,"typeOfSection":0,"mustHitSection":false},{"sectionNotes":[[48000,3,0],[48333.3333333333,1,250],[48666.6666666667,0,0],[49000,2,250]],"lengthInSteps":16,"typeOfSection":0,"mustHitSection":false},{"sectionNotes":[[49333.3333333334,0,0],[49666.6666666667,2,250],[50000,3,0],[50333.3333333334,1,250]],"lengthInSteps":16,"typeOfSection":0,"mustHitSection":false},{"sectionNotes":[[50666.6666666667,3,0],[51000,2,0],[51666.6666666667,1,250],[51333.3333333334,0,0]],"lengthInSteps":16,"typeOfSection":0,"mustHitSection":false},{"sectionNotes":[[52000,3,0],[52333.3333333334,1,250],[53000,0,0],[52666.6666666667,2,0]],"lengthInSteps":16,"typeOfSection":0,"mustHitSection":false},{"sectionNotes":[[53333.3333333334,0,250],[54000,1,250]],"lengthInSteps":16,"typeOfSection":0,"mustHitSection":true},{"sectionNotes":[[54666.6666666667,2,250],[55333.3333333334,1,250]],"lengthInSteps":16,"typeOfSection":0,"mustHitSection":true},{"sectionNotes":[[56000,3,250],[56666.6666666667,1,333.333333333333]],"lengthInSteps":16,"typeOfSection":0,"mustHitSection":true},{"sectionNotes":[[58000,1,250],[57333.3333333334,2,250]],"lengthInSteps":16,"typeOfSection":0,"mustHitSection":true},{"sectionNotes":[[59333.3333333334,1,250],[58666.6666666667,0,250]],"lengthInSteps":16,"typeOfSection":0,"mustHitSection":true},{"sectionNotes":[[60000,2,250],[60666.6666666667,1,250]],"lengthInSteps":16,"typeOfSection":0,"mustHitSection":true},{"sectionNotes":[[61333.3333333334,3,250],[62000,1,250]],"lengthInSteps":16,"typeOfSection":0,"mustHitSection":true},{"sectionNotes":[[63333.3333333334,1,250],[62666.6666666667,2,250]],"lengthInSteps":16,"typeOfSection":0,"mustHitSection":true},{"sectionNotes":[[64000,3,0],[64333.3333333334,0,0],[64666.6666666667,3,0],[65000,2,0]],"lengthInSteps":16,"typeOfSection":0,"mustHitSection":false},{"sectionNotes":[[65666.6666666667,0,0],[66166.6666666667,0,0],[66333.3333333334,3,0],[65333.3333333334,0,0],[66000,2,0]],"lengthInSteps":16,"typeOfSection":0,"mustHitSection":false},{"sectionNotes":[[67000,2,0],[67333.3333333334,0,0],[66666.6666666667,3,0],[67500,3,0],[67666.6666666667,0,0],[67833.3333333333,3,0]],"lengthInSteps":16,"typeOfSection":0,"mustHitSection":false},{"sectionNotes":[[68000,2,0],[68166.6666666667,1,0],[68333.3333333333,2,0],[68500,1,0],[68666.6666666667,2,0],[69000,3,0]],"lengthInSteps":16,"typeOfSection":0,"mustHitSection":false},{"sectionNotes":[[69333.3333333334,3,0],[69666.6666666667,0,0],[70000,3,0],[70333.3333333334,2,0]],"lengthInSteps":16,"typeOfSection":0,"mustHitSection":false},{"sectionNotes":[[70833.3333333334,3,0],[71000,0,0],[71666.6666666667,3,0],[71333.3333333334,0,0],[70666.6666666667,0,0],[71833.3333333333,2,0]],"lengthInSteps":16,"typeOfSection":0,"mustHitSection":false},{"sectionNotes":[[72333.3333333333,2,0],[72000,3,0],[72666.6666666667,1,0],[72833.3333333333,2,0],[73000,1,0]],"lengthInSteps":16,"typeOfSection":0,"mustHitSection":false},{"sectionNotes":[[74000,3,0],[74166.6666666667,2,0],[73333.3333333333,0,0],[73500,3,0],[73666.6666666667,0,0],[74500,0,0]],"lengthInSteps":16,"typeOfSection":0,"mustHitSection":false},{"sectionNotes":[[74666.6666666667,3,0],[75000,0,0],[75333.3333333334,3,0],[75666.6666666667,2,0]],"lengthInSteps":16,"typeOfSection":0,"mustHitSection":true},{"sectionNotes":[[77000,3,0],[76833.3333333334,1,0],[76666.6666666667,3,0],[76000,0,0],[76333.3333333333,2,0]],"lengthInSteps":16,"typeOfSection":0,"mustHitSection":true},{"sectionNotes":[[77333.3333333334,1,0],[77666.6666666667,2,0],[78000,0,0],[78500,3,0],[78333.3333333334,1,0]],"lengthInSteps":16,"typeOfSection":0,"mustHitSection":true},{"sectionNotes":[[79333.3333333334,0,0],[79666.6666666667,2,0],[79833.3333333334,1,0],[79166.6666666667,3,0],[79000,1,0],[78666.6666666667,2,0]],"lengthInSteps":16,"typeOfSection":0,"mustHitSection":true},{"sectionNotes":[[80000,3,0],[80666.6666666667,0,0],[80333.3333333333,2,0],[81000,1,0]],"lengthInSteps":16,"typeOfSection":0,"mustHitSection":true},{"sectionNotes":[[81333.3333333333,1,0],[81666.6666666667,0,0],[82000,2,0],[82333.3333333333,3,0]],"lengthInSteps":16,"typeOfSection":0,"mustHitSection":true},{"typeOfSection":0,"sectionNotes":[[82666.6666666667,1,0],[83333.3333333334,3,0],[83000,0,0],[83500,2,0],[83666.6666666667,3,0],[83833.3333333333,2,0]],"lengthInSteps":16,"bpm":180,"changeBPM":false,"mustHitSection":true},{"typeOfSection":0,"sectionNotes":[[84166.6666666667,1,0],[84666.6666666667,2,0],[84000,0,0],[84333.3333333333,0,0],[84500,1,0],[85000,1,0]],"lengthInSteps":16,"bpm":180,"changeBPM":false,"mustHitSection":true},{"typeOfSection":0,"sectionNotes":[[85666.6666666666,1,250],[86333.3333333333,1,250],[85333.3333333333,3,0],[86000,0,0]],"lengthInSteps":16,"bpm":180,"changeBPM":false,"mustHitSection":false},{"typeOfSection":0,"sectionNotes":[[86666.6666666666,2,0],[87333.3333333333,0,0],[87000,3,0],[87666.6666666666,1,0]],"lengthInSteps":16,"bpm":180,"changeBPM":false,"mustHitSection":false},{"typeOfSection":0,"sectionNotes":[[88000,3,0],[88333.3333333333,2,0],[88666.6666666666,0,0],[89000,1,0]],"lengthInSteps":16,"bpm":180,"changeBPM":false,"mustHitSection":false},{"typeOfSection":0,"sectionNotes":[[89333.3333333333,3,0],[89666.6666666666,0,0],[89500,2,0],[90000,3,0],[90166.6666666666,2,0],[90333.3333333333,0,0]],"lengthInSteps":16,"bpm":180,"changeBPM":false,"mustHitSection":false},{"typeOfSection":0,"sectionNotes":[[90666.6666666666,3,0],[91000,1,0],[91666.6666666666,0,0],[91333.3333333333,2,0],[90833.3333333333,2,0]],"lengthInSteps":16,"bpm":180,"changeBPM":false,"mustHitSection":false},{"lengthInSteps":16,"typeOfSection":0,"sectionNotes":[[92166.6666666666,3,0],[92333.3333333333,1,0],[92666.6666666666,2,0],[93000,0,0]],"altAnimNum":0,"altAnim":false,"bpm":180,"changeBPM":false,"mustHitSection":false},{"lengthInSteps":16,"typeOfSection":0,"sectionNotes":[[93500,3,0],[93666.6666666666,1,0],[94000,2,0],[94333.3333333333,0,0]],"altAnimNum":0,"altAnim":false,"bpm":180,"changeBPM":false,"mustHitSection":false},{"lengthInSteps":16,"typeOfSection":0,"sectionNotes":[[94666.6666666666,1,0],[95333.3333333333,1,0],[95499.9999999999,3,0],[95666.6666666666,0,0],[94999.9999999999,2,0]],"altAnimNum":0,"altAnim":false,"bpm":180,"changeBPM":false,"mustHitSection":false},{"lengthInSteps":16,"typeOfSection":0,"sectionNotes":[[95999.9999999999,3,250],[96666.6666666666,0,250],[96999.9999999999,1,0],[96333.3333333333,2,0]],"altAnimNum":0,"altAnim":false,"bpm":180,"changeBPM":false,"mustHitSection":true},{"lengthInSteps":16,"typeOfSection":0,"sectionNotes":[[97333.3333333332,3,250],[97999.9999999999,0,250],[98333.3333333332,1,0],[97666.6666666666,2,0]],"altAnimNum":0,"altAnim":false,"bpm":180,"changeBPM":false,"mustHitSection":true},{"lengthInSteps":16,"typeOfSection":0,"sectionNotes":[[98666.6666666666,1,0],[98833.3333333333,0,0],[99333.3333333333,1,0],[99666.6666666666,1,0],[99499.9999999999,3,0],[98999.9999999999,1,0]],"altAnimNum":0,"altAnim":false,"bpm":180,"changeBPM":false,"mustHitSection":true},{"lengthInSteps":16,"typeOfSection":0,"sectionNotes":[[99999.9999999999,1,250],[100333.333333333,0,0],[100666.666666667,1,250],[101000,3,0]],"altAnimNum":0,"altAnim":false,"bpm":180,"changeBPM":false,"mustHitSection":true},{"lengthInSteps":16,"typeOfSection":0,"sectionNotes":[[101333.333333333,1,250],[102000,1,250],[101666.666666667,2,0],[102333.333333333,2,0]],"altAnimNum":0,"altAnim":false,"bpm":180,"changeBPM":false,"mustHitSection":true},{"lengthInSteps":16,"typeOfSection":0,"sectionNotes":[[102666.666666667,1,250],[103000,0,0],[103333.333333333,1,250],[103666.666666667,3,0]],"altAnimNum":0,"altAnim":false,"bpm":180,"changeBPM":false,"mustHitSection":true},{"lengthInSteps":16,"typeOfSection":0,"sectionNotes":[[104333.333333333,1,0],[104000,1,0],[104666.666666667,1,0],[105000,1,0],[104833.333333333,2,0]],"altAnimNum":0,"altAnim":false,"bpm":180,"changeBPM":false,"mustHitSection":true},{"lengthInSteps":16,"typeOfSection":0,"sectionNotes":[[105333.333333333,1,250],[105666.666666667,0,0],[106000,1,250],[106333.333333333,3,0]],"altAnimNum":0,"altAnim":false,"bpm":180,"changeBPM":false,"mustHitSection":true},{"lengthInSteps":16,"typeOfSection":0,"sectionNotes":[[106666.666666667,3,0],[107000,0,0],[107333.333333333,3,0],[107666.666666667,2,0]],"altAnimNum":0,"altAnim":false,"bpm":180,"changeBPM":false,"mustHitSection":false},{"lengthInSteps":16,"typeOfSection":0,"sectionNotes":[[108333.333333333,0,0],[108833.333333333,0,0],[109000,3,0],[108000,0,0],[108666.666666667,2,0]],"altAnimNum":0,"altAnim":false,"bpm":180,"changeBPM":false,"mustHitSection":false},{"lengthInSteps":16,"typeOfSection":0,"sectionNotes":[[109666.666666667,2,0],[110000,0,0],[109333.333333333,3,0],[110166.666666667,3,0],[110333.333333333,0,0],[110500,3,0]],"altAnimNum":0,"altAnim":false,"bpm":180,"changeBPM":false,"mustHitSection":false},{"lengthInSteps":16,"typeOfSection":0,"sectionNotes":[[110666.666666667,2,0],[110833.333333333,1,0],[111000,2,0],[111166.666666667,1,0],[111333.333333333,2,0],[111666.666666667,3,0]],"altAnimNum":0,"altAnim":false,"bpm":180,"changeBPM":false,"mustHitSection":false},{"lengthInSteps":16,"typeOfSection":0,"sectionNotes":[[112000,3,0],[112333.333333333,0,0],[112666.666666667,3,0],[113000,2,0]],"altAnimNum":0,"altAnim":false,"bpm":180,"changeBPM":false,"mustHitSection":false},{"lengthInSteps":16,"typeOfSection":0,"sectionNotes":[[113500,3,0],[113666.666666667,0,0],[114333.333333333,3,0],[114000,0,0],[113333.333333333,0,0],[114500,2,0]],"altAnimNum":0,"altAnim":false,"bpm":180,"changeBPM":false,"mustHitSection":false},{"lengthInSteps":16,"typeOfSection":0,"sectionNotes":[[115000,2,0],[114666.666666667,3,0],[115333.333333333,1,0],[115500,2,0],[115666.666666667,1,0]],"altAnimNum":0,"altAnim":false,"bpm":180,"changeBPM":false,"mustHitSection":false},{"lengthInSteps":16,"typeOfSection":0,"sectionNotes":[[116666.666666667,3,0],[116833.333333333,2,0],[116000,0,0],[116166.666666667,3,0],[116333.333333333,0,0],[117166.666666667,0,0]],"altAnimNum":0,"altAnim":false,"bpm":180,"changeBPM":false,"mustHitSection":false},{"lengthInSteps":16,"typeOfSection":0,"sectionNotes":[[117333.333333333,3,0],[117666.666666667,0,0],[118000,3,0],[118333.333333333,2,0]],"altAnimNum":0,"altAnim":false,"bpm":180,"changeBPM":false,"mustHitSection":true},{"lengthInSteps":16,"typeOfSection":0,"sectionNotes":[[119666.666666667,3,0],[119500,1,0],[119333.333333333,3,0],[118666.666666667,0,0],[119000,2,0]],"altAnimNum":0,"altAnim":false,"bpm":180,"changeBPM":false,"mustHitSection":true},{"lengthInSteps":16,"typeOfSection":0,"sectionNotes":[[120000,1,0],[120333.333333333,2,0],[120666.666666667,0,0],[121166.666666667,3,0],[121000,1,0]],"altAnimNum":0,"altAnim":false,"bpm":180,"changeBPM":false,"mustHitSection":true},{"lengthInSteps":16,"typeOfSection":0,"sectionNotes":[[122000,0,0],[122333.333333333,2,0],[122500,1,0],[121833.333333333,3,0],[121666.666666667,1,0],[121333.333333333,2,0]],"altAnimNum":0,"altAnim":false,"bpm":180,"changeBPM":false,"mustHitSection":true},{"lengthInSteps":16,"typeOfSection":0,"sectionNotes":[[122666.666666667,3,0],[123333.333333333,0,0],[123000,2,0],[123666.666666667,1,0]],"altAnimNum":0,"altAnim":false,"bpm":180,"changeBPM":false,"mustHitSection":true},{"lengthInSteps":16,"typeOfSection":0,"sectionNotes":[[124000,1,0],[124333.333333333,0,0],[124666.666666667,2,0],[125000,3,0]],"altAnimNum":0,"altAnim":false,"bpm":180,"changeBPM":false,"mustHitSection":true},{"lengthInSteps":16,"typeOfSection":0,"sectionNotes":[[125333.333333333,1,0],[126000,3,0],[125666.666666667,0,0],[126166.666666667,2,0],[126333.333333333,3,0],[126500,2,0]],"altAnimNum":0,"altAnim":false,"bpm":180,"changeBPM":false,"mustHitSection":true},{"lengthInSteps":16,"typeOfSection":0,"sectionNotes":[[126833.333333333,1,0],[127333.333333333,2,0],[126666.666666667,0,0],[127000,0,0],[127166.666666667,1,0],[127666.666666667,1,0]],"altAnimNum":0,"altAnim":false,"bpm":180,"changeBPM":false,"mustHitSection":true},{"lengthInSteps":16,"typeOfSection":0,"sectionNotes":[[128000,3,0],[128333.333333333,0,0],[128666.666666667,3,0],[129000,2,0]],"altAnimNum":0,"altAnim":false,"bpm":180,"changeBPM":false,"mustHitSection":false},{"lengthInSteps":16,"typeOfSection":0,"sectionNotes":[[129666.666666667,0,0],[130166.666666667,0,0],[130333.333333333,3,0],[129333.333333333,0,0],[130000,2,0]],"altAnimNum":0,"altAnim":false,"bpm":180,"changeBPM":false,"mustHitSection":false},{"lengthInSteps":16,"typeOfSection":0,"sectionNotes":[[131000,2,0],[131333.333333333,0,0],[130666.666666667,3,0],[131500,3,0],[131666.666666667,0,0],[131833.333333333,3,0]],"altAnimNum":0,"altAnim":false,"bpm":180,"changeBPM":false,"mustHitSection":false},{"lengthInSteps":16,"typeOfSection":0,"sectionNotes":[[132000,2,0],[132166.666666667,1,0],[132333.333333333,2,0],[132500,1,0],[132666.666666667,2,0],[133000,3,0]],"altAnimNum":0,"altAnim":false,"bpm":180,"changeBPM":false,"mustHitSection":false},{"lengthInSteps":16,"typeOfSection":0,"sectionNotes":[[133333.333333333,3,0],[133666.666666667,0,0],[134000,3,0],[134333.333333333,2,0]],"altAnimNum":0,"altAnim":false,"bpm":180,"changeBPM":false,"mustHitSection":false},{"lengthInSteps":16,"typeOfSection":0,"sectionNotes":[[134833.333333333,3,0],[135000,0,0],[135666.666666667,3,0],[135333.333333333,0,0],[134666.666666667,0,0],[135833.333333333,2,0]],"altAnimNum":0,"altAnim":false,"bpm":180,"changeBPM":false,"mustHitSection":false},{"lengthInSteps":16,"typeOfSection":0,"sectionNotes":[[136333.333333333,2,0],[136000,3,0],[136666.666666667,1,0],[136833.333333333,2,0],[137000,1,0]],"altAnimNum":0,"altAnim":false,"bpm":180,"changeBPM":false,"mustHitSection":false},{"lengthInSteps":16,"typeOfSection":0,"sectionNotes":[[138000,3,0],[138166.666666667,2,0],[137333.333333333,0,0],[137500,3,0],[137666.666666667,0,0],[138500,0,0]],"altAnimNum":0,"altAnim":false,"bpm":180,"changeBPM":false,"mustHitSection":false},{"lengthInSteps":16,"typeOfSection":0,"sectionNotes":[[138666.666666667,3,0],[139000,0,0],[139333.333333333,3,0],[139666.666666667,2,0]],"altAnimNum":0,"altAnim":false,"bpm":180,"changeBPM":false,"mustHitSection":true},{"lengthInSteps":16,"typeOfSection":0,"sectionNotes":[[141000,3,0],[140833.333333333,1,0],[140666.666666667,3,0],[140000,0,0],[140333.333333333,2,0]],"altAnimNum":0,"altAnim":false,"bpm":180,"changeBPM":false,"mustHitSection":true},{"lengthInSteps":16,"typeOfSection":0,"sectionNotes":[[141333.333333333,1,0],[141666.666666667,2,0],[142000,0,0],[142500,3,0],[142333.333333333,1,0]],"altAnimNum":0,"altAnim":false,"bpm":180,"changeBPM":false,"mustHitSection":true},{"lengthInSteps":16,"typeOfSection":0,"sectionNotes":[[143333.333333333,0,0],[143666.666666667,2,0],[143833.333333333,1,0],[143166.666666667,3,0],[143000,1,0],[142666.666666667,2,0]],"altAnimNum":0,"altAnim":false,"bpm":180,"changeBPM":false,"mustHitSection":true},{"lengthInSteps":16,"typeOfSection":0,"sectionNotes":[[144000,3,0],[144666.666666667,0,0],[144333.333333333,2,0],[145000,1,0]],"altAnimNum":0,"altAnim":false,"bpm":180,"changeBPM":false,"mustHitSection":true},{"lengthInSteps":16,"typeOfSection":0,"sectionNotes":[[145333.333333333,1,0],[145666.666666667,0,0],[146000,2,0],[146333.333333333,3,0]],"altAnimNum":0,"altAnim":false,"bpm":180,"changeBPM":false,"mustHitSection":true},{"lengthInSteps":16,"typeOfSection":0,"sectionNotes":[[146666.666666667,1,0],[147333.333333333,3,0],[147000,0,0],[147500,2,0],[147666.666666667,3,0],[147833.333333333,2,0]],"altAnimNum":0,"altAnim":false,"bpm":180,"changeBPM":false,"mustHitSection":true},{"lengthInSteps":16,"typeOfSection":0,"sectionNotes":[[148166.666666667,1,0],[148666.666666667,2,0],[148000,0,0],[148333.333333333,0,0],[148500,1,0],[149000,1,0]],"altAnimNum":0,"altAnim":false,"bpm":180,"changeBPM":false,"mustHitSection":true},{"lengthInSteps":16,"typeOfSection":0,"sectionNotes":[],"altAnimNum":0,"altAnim":false,"bpm":180,"changeBPM":false,"mustHitSection":false},{"lengthInSteps":16,"typeOfSection":0,"sectionNotes":[],"altAnimNum":0,"altAnim":false,"bpm":180,"changeBPM":false,"mustHitSection":false},{"lengthInSteps":16,"typeOfSection":0,"sectionNotes":[],"altAnimNum":0,"altAnim":false,"bpm":180,"changeBPM":false,"mustHitSection":false},{"lengthInSteps":16,"typeOfSection":0,"sectionNotes":[],"altAnimNum":0,"altAnim":false,"bpm":180,"changeBPM":false,"mustHitSection":false},{"lengthInSteps":16,"typeOfSection":0,"sectionNotes":[],"altAnimNum":0,"altAnim":false,"bpm":180,"changeBPM":false,"mustHitSection":true},{"lengthInSteps":16,"typeOfSection":0,"sectionNotes":[],"altAnimNum":0,"altAnim":false,"bpm":180,"changeBPM":false,"mustHitSection":true},{"lengthInSteps":16,"typeOfSection":0,"sectionNotes":[],"altAnimNum":0,"altAnim":false,"bpm":180,"changeBPM":false,"mustHitSection":true},{"lengthInSteps":16,"typeOfSection":0,"sectionNotes":[],"altAnimNum":0,"altAnim":false,"bpm":180,"changeBPM":false,"mustHitSection":true},{"lengthInSteps":16,"typeOfSection":0,"sectionNotes":[],"altAnimNum":0,"altAnim":false,"bpm":180,"changeBPM":false,"mustHitSection":false},{"lengthInSteps":16,"typeOfSection":0,"sectionNotes":[],"altAnimNum":0,"altAnim":false,"bpm":180,"changeBPM":false,"mustHitSection":false},{"lengthInSteps":16,"typeOfSection":0,"sectionNotes":[],"altAnimNum":0,"altAnim":false,"bpm":180,"changeBPM":false,"mustHitSection":false},{"lengthInSteps":16,"typeOfSection":0,"sectionNotes":[],"altAnimNum":0,"altAnim":false,"bpm":180,"changeBPM":false,"mustHitSection":false},{"lengthInSteps":16,"typeOfSection":0,"sectionNotes":[],"altAnimNum":0,"altAnim":false,"bpm":180,"changeBPM":false,"mustHitSection":true},{"lengthInSteps":16,"typeOfSection":0,"sectionNotes":[],"altAnimNum":0,"altAnim":false,"bpm":180,"changeBPM":false,"mustHitSection":true},{"lengthInSteps":16,"typeOfSection":0,"sectionNotes":[],"altAnimNum":0,"altAnim":false,"bpm":180,"changeBPM":false,"mustHitSection":true},{"lengthInSteps":16,"typeOfSection":0,"sectionNotes":[],"altAnimNum":0,"altAnim":false,"bpm":180,"changeBPM":false,"mustHitSection":true},{"lengthInSteps":16,"typeOfSection":0,"sectionNotes":[],"altAnimNum":0,"altAnim":false,"bpm":180,"changeBPM":false,"mustHitSection":true},{"lengthInSteps":16,"typeOfSection":0,"sectionNotes":[],"altAnimNum":0,"altAnim":false,"bpm":180,"changeBPM":false,"mustHitSection":true},{"altAnimNum":0,"sectionNotes":[],"typeOfSection":0,"lengthInSteps":16,"altAnim":false,"mustHitSection":true,"changeBPM":false,"bpm":180},{"lengthInSteps":16,"typeOfSection":0,"sectionNotes":[],"altAnim":false,"bpm":180,"changeBPM":false,"mustHitSection":true},{"lengthInSteps":16,"typeOfSection":0,"sectionNotes":[],"altAnim":false,"bpm":180,"changeBPM":false,"mustHitSection":true},{"lengthInSteps":16,"typeOfSection":0,"sectionNotes":[],"altAnim":false,"bpm":180,"changeBPM":false,"mustHitSection":true},{"lengthInSteps":16,"typeOfSection":0,"sectionNotes":[],"altAnim":false,"bpm":180,"changeBPM":false,"mustHitSection":true},{"lengthInSteps":16,"typeOfSection":0,"sectionNotes":[],"altAnim":false,"bpm":180,"changeBPM":false,"mustHitSection":true},{"sectionNotes":[],"typeOfSection":0,"lengthInSteps":16,"altAnim":false,"mustHitSection":true,"changeBPM":false,"bpm":180},{"lengthInSteps":16,"altAnim":false,"typeOfSection":0,"sectionNotes":[],"bpm":180,"changeBPM":false,"mustHitSection":true}],"player2":"dad","isHey":false,"cutsceneType":"none","isSpooky":false,"song":"Down-Bad","validScore":true,"needsVoices":true,"sections":45,"stage":"stage","uiType":"normal","speed":2.2,"bpm":180,"gf":"gf"}}