{"song":{"player1":"bf-pixel","gfVersion":"gf-pixel","notes":[{"sectionNotes":[[0,3,157.89473],[631.5789,1,157.89473],[947.3684,0,0]],"lengthInSteps":16,"mustHitSection":false},{"sectionNotes":[[1263.15784,3,0],[1736.842,3,0],[2210.52612,3,0]],"lengthInSteps":16,"mustHitSection":false},{"sectionNotes":[[2526.31567,3,0],[2842.10522,3,0],[3157.89453,1,0],[3473.684,0,0]],"lengthInSteps":16,"mustHitSection":false},{"sectionNotes":[[3789.47363,3,0],[4263.15771,3,0],[4736.842,3,0]],"lengthInSteps":16,"mustHitSection":false},{"sectionNotes":[[5052.63135,3,157.89473],[5684.21045,1,157.89473],[5999.99951,0,0]],"lengthInSteps":16,"mustHitSection":true},{"sectionNotes":[[6315.789,3,0],[6789.473,3,0],[7263.15771,3,0]],"lengthInSteps":16,"mustHitSection":true},{"sectionNotes":[[7578.94727,3,0],[7894.73633,3,0],[8210.526,1,0],[8526.315,0,0]],"lengthInSteps":16,"mustHitSection":true},{"sectionNotes":[[8842.10449,3,0],[9315.789,3,0],[9789.474,3,0]],"lengthInSteps":16,"mustHitSection":true},{"sectionNotes":[[10105.2627,2,157.89473],[10736.8418,2,0],[10894.7363,3,0]],"lengthInSteps":16,"mustHitSection":false},{"sectionNotes":[[11368.4209,2,157.89473],[11842.1045,2,157.89473],[12315.7891,2,157.89473]],"lengthInSteps":16,"mustHitSection":false},{"sectionNotes":[[12631.5781,2,157.89473],[13263.1572,2,0],[13421.0518,3,0]],"lengthInSteps":16,"mustHitSection":false},{"sectionNotes":[[13894.7363,2,157.89473],[14368.42,2,157.89473],[14842.1045,0,157.89473]],"lengthInSteps":16,"mustHitSection":false},{"sectionNotes":[[15157.8945,2,157.89473],[15789.4727,2,0],[15947.3682,3,0]],"lengthInSteps":16,"mustHitSection":true},{"sectionNotes":[[16421.0527,2,157.89473],[16894.7363,2,157.89473],[17368.42,2,157.89473]],"lengthInSteps":16,"mustHitSection":true},{"sectionNotes":[[17684.209,2,157.89473],[18315.79,2,0],[18473.6836,3,0]],"lengthInSteps":16,"mustHitSection":true},{"sectionNotes":[[18947.3672,2,157.89473],[19421.05,2,157.89473],[19894.7363,0,157.89473]],"lengthInSteps":16,"mustHitSection":true},{"sectionNotes":[[20210.5254,1,0],[20526.3145,3,0],[21000,3,0]],"lengthInSteps":16,"mustHitSection":false},{"sectionNotes":[[21473.6836,2,0],[21947.3672,2,0],[22421.05,3,0]],"lengthInSteps":16,"mustHitSection":false},{"sectionNotes":[[22736.8418,1,0],[23052.63,3,0],[23526.3145,3,0]],"lengthInSteps":16,"mustHitSection":false},{"sectionNotes":[[23999.998,2,0],[24473.6836,2,0],[24789.4727,4,0],[24947.3672,3,0]],"lengthInSteps":16,"mustHitSection":false},{"sectionNotes":[[25263.1563,1,0],[25578.9453,3,0],[26052.63,3,0]],"lengthInSteps":16,"mustHitSection":true},{"sectionNotes":[[26526.3145,2,0],[26999.998,2,0],[27473.6836,3,0]],"lengthInSteps":16,"mustHitSection":true},{"sectionNotes":[[27789.4727,1,0],[28105.2617,3,0],[28578.9453,3,0]],"lengthInSteps":16,"mustHitSection":true},{"sectionNotes":[[29052.63,2,0],[29526.3145,2,0],[29999.998,3,0]],"lengthInSteps":16,"mustHitSection":true},{"sectionNotes":[[30315.79,2,0],[30631.5781,3,0],[30947.3672,3,0],[31263.1563,0,0]],"lengthInSteps":16,"mustHitSection":false},{"sectionNotes":[[31578.9453,0,0],[31894.7363,0,0],[32210.5254,3,0],[32526.3145,1,0]],"lengthInSteps":16,"mustHitSection":false},{"sectionNotes":[[32842.1055,0,0],[33157.8945,0,0],[33473.6836,0,0],[33789.4727,3,0]],"lengthInSteps":16,"mustHitSection":false},{"sectionNotes":[[34105.26,1,0],[34421.05,1,0],[34736.84,1,0],[35052.63,1,236.8421]],"lengthInSteps":16,"mustHitSection":false},{"sectionNotes":[[35368.418,2,0],[35684.207,3,0],[36000,3,0],[36315.79,0,0]],"lengthInSteps":16,"mustHitSection":true},{"sectionNotes":[[36631.58,0,0],[36947.3672,0,0],[37263.1563,3,0],[37578.9453,1,0]],"lengthInSteps":16,"mustHitSection":true},{"sectionNotes":[[37894.7344,0,0],[38210.5234,0,0],[38526.3125,0,0],[38842.1,3,0]],"lengthInSteps":16,"mustHitSection":true},{"sectionNotes":[[39157.8945,1,0],[39473.6836,1,0],[39789.4727,1,0],[40105.26,1,236.8421]],"lengthInSteps":16,"mustHitSection":true},{"sectionNotes":[[40421.05,0,0],[40736.84,0,0],[41052.63,3,0],[41368.418,0,0]],"lengthInSteps":16,"mustHitSection":false},{"sectionNotes":[[41684.207,2,0],[42315.79,2,0],[42631.58,0,0]],"lengthInSteps":16,"mustHitSection":false},{"sectionNotes":[[42947.3672,0,0],[43263.1563,0,0],[43578.9453,3,0],[43894.7344,0,0]],"lengthInSteps":16,"mustHitSection":false},{"sectionNotes":[[44210.5234,2,0],[44842.1,2,0],[45157.8945,3,0]],"lengthInSteps":16,"mustHitSection":false},{"sectionNotes":[[45473.6836,0,0],[45789.4727,0,0],[46105.26,3,0],[46421.05,0,0]],"lengthInSteps":16,"mustHitSection":true},{"sectionNotes":[[46736.84,2,0],[47368.418,2,0],[47684.207,0,0]],"lengthInSteps":16,"mustHitSection":true},{"sectionNotes":[[47999.9961,0,0],[48315.79,0,0],[48631.58,3,0],[48947.3672,0,0]],"lengthInSteps":16,"mustHitSection":true},{"sectionNotes":[[49263.1563,2,0],[49894.7344,2,0],[50210.5234,3,0]],"lengthInSteps":16,"mustHitSection":true},{"sectionNotes":[[50526.3125,3,157.89473],[51157.89,1,157.89473],[51473.6836,0,0]],"lengthInSteps":16,"mustHitSection":false},{"sectionNotes":[[51789.4727,3,0],[52263.1563,3,0],[52736.84,3,0]],"lengthInSteps":16,"mustHitSection":false},{"sectionNotes":[[53052.63,3,0],[53368.418,3,0],[53684.207,1,0],[53999.9961,0,0]],"lengthInSteps":16,"mustHitSection":false},{"sectionNotes":[[54315.7852,3,0],[54789.4727,3,0],[55263.1563,3,0]],"lengthInSteps":16,"mustHitSection":false},{"sectionNotes":[[55578.9453,3,157.89473],[56210.5234,1,157.89473],[56526.3125,0,0]],"lengthInSteps":16,"mustHitSection":true},{"sectionNotes":[[56842.1,3,0],[57315.7852,3,0],[57789.4727,3,0]],"lengthInSteps":16,"mustHitSection":true},{"sectionNotes":[[58105.26,3,0],[58421.05,3,0],[58736.84,1,0],[59052.63,0,0]],"lengthInSteps":16,"mustHitSection":true},{"sectionNotes":[[59368.418,3,0],[59842.1,3,0],[60315.7852,3,0]],"lengthInSteps":16,"mustHitSection":true},{"sectionNotes":[[60631.58,2,0],[60947.3672,3,0],[61263.1563,3,0],[61578.9453,0,0]],"lengthInSteps":16,"mustHitSection":false},{"sectionNotes":[[61894.7344,0,0],[62210.5234,0,0],[62526.3125,3,0],[62842.1,1,0]],"lengthInSteps":16,"mustHitSection":false},{"sectionNotes":[[63157.89,0,0],[63473.68,0,0],[63789.4727,0,0],[64105.26,3,0]],"lengthInSteps":16,"mustHitSection":false},{"sectionNotes":[[64421.05,1,0],[64736.84,1,0],[65052.63,1,0],[65368.418,1,236.8421]],"lengthInSteps":16,"mustHitSection":false},{"sectionNotes":[[65684.21,2,0],[66000,3,0],[66315.79,3,0],[66631.58,0,0]],"lengthInSteps":16,"mustHitSection":true},{"sectionNotes":[[66947.37,0,0],[67263.16,0,0],[67578.9453,3,0],[67894.7344,1,0]],"lengthInSteps":16,"mustHitSection":true},{"sectionNotes":[[68210.52,0,0],[68526.31,0,0],[68684.21,3,0],[68842.1,0,0],[69157.89,3,0],[69315.79,1,0]],"lengthInSteps":16,"mustHitSection":true},{"sectionNotes":[[69473.68,1,0],[69789.47,1,0],[70105.26,1,0],[70421.05,1,236.8421]],"lengthInSteps":16,"mustHitSection":true},{"sectionNotes":[[70736.8359,0,0],[71052.625,0,0],[71368.4141,3,0],[71684.21,0,0]],"lengthInSteps":16,"mustHitSection":false},{"sectionNotes":[[72000,2,0],[72631.58,2,0],[72947.37,0,0]],"lengthInSteps":16,"mustHitSection":false},{"sectionNotes":[[73263.16,0,0],[73578.9453,0,0],[73894.7344,3,0],[74210.52,0,0]],"lengthInSteps":16,"mustHitSection":false},{"sectionNotes":[[74526.31,2,0],[75157.89,2,0],[75473.68,3,0]],"lengthInSteps":16,"mustHitSection":false},{"sectionNotes":[[75789.47,0,0],[76105.26,0,0],[76421.05,3,0],[76736.8359,0,0]],"lengthInSteps":16,"mustHitSection":true},{"sectionNotes":[[77052.625,2,0],[77684.2,2,0],[78000,0,0]],"lengthInSteps":16,"mustHitSection":true},{"sectionNotes":[[78315.79,0,0],[78631.58,0,0],[78947.37,3,0],[79263.16,0,0]],"lengthInSteps":16,"mustHitSection":true},{"sectionNotes":[[79578.9453,2,0],[80210.52,2,0],[80526.31,3,0]],"lengthInSteps":16,"mustHitSection":true},{"sectionNotes":[[80842.1,2,0],[81473.68,0,0],[81631.58,3,0],[81789.47,1,0]],"lengthInSteps":16,"mustHitSection":false},{"sectionNotes":[[82105.26,2,0],[82736.8359,0,0],[82894.7344,3,0],[83052.625,1,0]],"lengthInSteps":16,"mustHitSection":false},{"sectionNotes":[[83368.4141,2,0],[84000,0,0],[84157.89,3,0],[84315.79,1,0]],"lengthInSteps":16,"mustHitSection":false},{"sectionNotes":[[84631.58,2,0],[85263.16,0,0],[85421.05,3,0],[85578.9453,1,0]],"lengthInSteps":16,"mustHitSection":false},{"sectionNotes":[[85894.7344,2,0],[86526.31,0,0],[86684.2,3,0],[86842.1,1,0]],"lengthInSteps":16,"mustHitSection":true},{"sectionNotes":[[87157.89,2,0],[87789.47,0,0],[87947.37,3,0],[88105.26,1,0]],"lengthInSteps":16,"mustHitSection":true},{"sectionNotes":[[88421.05,2,0],[89052.625,0,0],[89210.52,3,0],[89368.4141,1,0]],"lengthInSteps":16,"mustHitSection":true},{"sectionNotes":[[89684.2,2,0],[90315.79,0,0],[90473.68,3,0],[90631.58,1,0]],"lengthInSteps":16,"mustHitSection":true},{"sectionNotes":[[90947.37,3,157.89473],[91578.9453,1,157.89473],[91894.7344,0,0]],"lengthInSteps":16,"mustHitSection":false},{"sectionNotes":[[92210.52,3,0],[92684.2,3,0],[93157.89,3,0]],"lengthInSteps":16,"mustHitSection":false},{"sectionNotes":[[93473.68,3,0],[93789.47,3,0],[94105.26,1,0],[94421.05,0,0]],"lengthInSteps":16,"mustHitSection":false},{"sectionNotes":[[94736.8359,3,0],[95210.52,3,0],[95684.2,3,0]],"lengthInSteps":16,"mustHitSection":false},{"sectionNotes":[[95999.99,3,157.89473],[96631.58,1,157.89473],[96947.37,0,0]],"lengthInSteps":16,"mustHitSection":true},{"sectionNotes":[[97263.16,3,0],[97736.8359,3,0],[98210.52,3,0]],"lengthInSteps":16,"mustHitSection":true},{"sectionNotes":[[98526.31,3,0],[98842.1,3,0],[99157.89,1,0],[99473.68,0,0]],"lengthInSteps":16,"mustHitSection":true},{"sectionNotes":[[99789.47,3,0],[100263.156,3,0],[100736.836,3,0]],"lengthInSteps":16,"mustHitSection":true},{"sectionNotes":[],"lengthInSteps":16,"mustHitSection":true},{"sectionNotes":[],"lengthInSteps":16,"mustHitSection":true},{"sectionNotes":[],"lengthInSteps":16,"mustHitSection":true},{"sectionNotes":[],"lengthInSteps":16,"mustHitSection":true},{"lengthInSteps":16,"altAnim":false,"typeOfSection":0,"sectionNotes":[],"bpm":190,"changeBPM":false,"mustHitSection":true}],"player2":"spirit","song":"Thorns","stage":"schoolEvil","needsVoices":true,"validScore":true,"noteStyle":"pixel","bpm":190,"speed":1.1}}