{"song":{"player1":"bf","player2":"spooky","notes":[{"typeOfSection":0,"lengthInSteps":16,"sectionNotes":[],"mustHitSection":true},{"typeOfSection":0,"lengthInSteps":16,"sectionNotes":[],"mustHitSection":true},{"typeOfSection":0,"lengthInSteps":16,"sectionNotes":[],"mustHitSection":true},{"typeOfSection":0,"lengthInSteps":16,"sectionNotes":[],"mustHitSection":true},{"typeOfSection":0,"lengthInSteps":16,"sectionNotes":[],"mustHitSection":true},{"typeOfSection":0,"lengthInSteps":16,"sectionNotes":[],"mustHitSection":true},{"typeOfSection":0,"lengthInSteps":16,"sectionNotes":[],"mustHitSection":true},{"typeOfSection":0,"lengthInSteps":16,"sectionNotes":[],"mustHitSection":true},{"typeOfSection":0,"lengthInSteps":16,"sectionNotes":[[14200,1,0],[14000,1,0],[13000,0,0],[13200,1,0],[13600,2,0],[13800,2,0],[12800,3,0],[13400,0,0]],"mustHitSection":false},{"typeOfSection":0,"lengthInSteps":16,"sectionNotes":[[14800,1,0],[15000,0,0],[15200,0,0],[14400,0,0],[14600,2,0],[15600,3,0],[15600,1,0]],"mustHitSection":false},{"typeOfSection":0,"lengthInSteps":16,"sectionNotes":[[17400,1,0],[17200,1,0],[16200,0,0],[16400,1,0],[16800,2,0],[17000,2,0],[16000,3,0],[16600,0,0]],"mustHitSection":false},{"typeOfSection":0,"lengthInSteps":16,"sectionNotes":[[18000,1,0],[18200,0,0],[18400,0,0],[17600,0,0],[17800,2,0],[18800,2,0],[19000,2,0]],"mustHitSection":false},{"typeOfSection":0,"lengthInSteps":16,"sectionNotes":[[19200,1,0],[19400,3,0],[19800,3,0],[20000,1,0],[19600,2,0],[20400,0,0],[20600,0,0],[20200,3,0]],"mustHitSection":true},{"typeOfSection":0,"lengthInSteps":16,"sectionNotes":[[20800,1,0],[21200,3,0],[21600,1,0],[21000,2,0],[21400,0,0]],"mustHitSection":true},{"typeOfSection":0,"lengthInSteps":16,"sectionNotes":[[22400,2,0],[22600,3,0],[22800,2,0],[23000,0,0],[23200,1,0],[23600,2,0],[23800,0,0],[23400,3,0]],"mustHitSection":true},{"typeOfSection":0,"lengthInSteps":16,"sectionNotes":[[24800,1,0],[24200,2,0],[24600,0,0],[24000,3,0],[24400,1,0]],"mustHitSection":true},{"typeOfSection":0,"lengthInSteps":16,"sectionNotes":[[26000,1,300],[26800,1,300],[25600,0,300],[26400,3,300]],"mustHitSection":false},{"typeOfSection":0,"lengthInSteps":16,"sectionNotes":[[27800,1,0],[28400,0,0],[28600,1,0],[27200,2,0],[27400,0,0],[27600,3,0],[28000,0,0],[28200,3,0]],"mustHitSection":false},{"typeOfSection":0,"lengthInSteps":16,"sectionNotes":[[29200,1,300],[30000,1,300],[28800,0,300],[29600,3,300]],"mustHitSection":false},{"typeOfSection":0,"lengthInSteps":16,"sectionNotes":[[30400,2,0],[30600,0,0],[31800,3,0],[30800,1,0],[31000,2,0],[31200,0,0],[31400,1,0],[31600,2,0]],"mustHitSection":false},{"typeOfSection":0,"lengthInSteps":16,"sectionNotes":[[32000,3,0],[32400,2,0],[33200,1,0],[32800,0,0]],"mustHitSection":true},{"typeOfSection":0,"lengthInSteps":16,"sectionNotes":[[34000,0,0],[34600,0,0],[34800,1,0],[34400,1,0],[33600,3,0],[33800,2,0],[34200,3,0],[35000,0,0]],"mustHitSection":true},{"typeOfSection":0,"lengthInSteps":16,"sectionNotes":[[35200,3,0],[35600,2,0],[36400,1,0],[36000,0,0]],"mustHitSection":true},{"typeOfSection":0,"lengthInSteps":16,"sectionNotes":[[36800,0,0],[37000,3,0],[37400,3,0],[37600,1,0],[38000,1,0],[38200,3,0],[37800,0,0],[37200,2,0]],"mustHitSection":true},{"typeOfSection":0,"lengthInSteps":16,"sectionNotes":[[39800,1,0],[39600,1,0],[38600,0,0],[38800,1,0],[39200,2,0],[39400,2,0],[38400,3,0],[39000,0,0]],"mustHitSection":false},{"typeOfSection":0,"lengthInSteps":16,"sectionNotes":[[40400,1,0],[40600,0,0],[40800,0,0],[40000,0,0],[40200,2,0],[41200,3,0],[41200,1,0]],"mustHitSection":false},{"typeOfSection":0,"lengthInSteps":16,"sectionNotes":[[43000,1,0],[42800,1,0],[41800,0,0],[42000,1,0],[42400,2,0],[42600,2,0],[41600,3,0],[42200,0,0]],"mustHitSection":false},{"typeOfSection":0,"lengthInSteps":16,"sectionNotes":[[43600,1,0],[43800,0,0],[44000,0,0],[43200,0,0],[43400,2,0],[44400,2,0],[44600,2,0]],"mustHitSection":false},{"typeOfSection":0,"lengthInSteps":16,"sectionNotes":[[44800,1,0],[45000,3,0],[45400,3,0],[45600,1,0],[45200,2,0],[46000,0,0],[46200,0,0],[45800,3,0]],"mustHitSection":true},{"typeOfSection":0,"lengthInSteps":16,"sectionNotes":[[46400,1,0],[46800,3,0],[47200,1,0],[46600,2,0],[47000,0,0]],"mustHitSection":true},{"typeOfSection":0,"lengthInSteps":16,"sectionNotes":[[48000,2,0],[48200,3,0],[48400,2,0],[48600,0,0],[48800,1,0],[49200,2,0],[49400,0,0],[49000,3,0]],"mustHitSection":true},{"typeOfSection":0,"lengthInSteps":16,"sectionNotes":[[50400,1,0],[49800,2,0],[50200,0,0],[49600,3,0],[50000,1,0]],"mustHitSection":true},{"typeOfSection":0,"lengthInSteps":16,"sectionNotes":[[51200,1,300],[51800,1,300],[52200,1,300],[52600,1,300],[51600,0,100]],"mustHitSection":false},{"typeOfSection":0,"lengthInSteps":16,"sectionNotes":[[53400,2,0],[53600,1,0],[53200,0,0],[53000,3,0],[53800,0,0],[54000,3,0],[54200,2,0]],"mustHitSection":false},{"typeOfSection":0,"lengthInSteps":16,"sectionNotes":[[54400,1,300],[55000,1,300],[55400,1,300],[55800,1,300],[54800,0,100]],"mustHitSection":false},{"typeOfSection":0,"lengthInSteps":16,"sectionNotes":[[56600,2,0],[56800,1,0],[56400,0,0],[56200,3,0],[57000,0,0],[57200,3,0],[57400,2,0]],"mustHitSection":false},{"typeOfSection":0,"lengthInSteps":16,"sectionNotes":[[57600,3,0],[58000,2,0],[58200,3,0],[58600,3,0],[59000,3,0]],"mustHitSection":true},{"typeOfSection":0,"lengthInSteps":16,"sectionNotes":[[59600,0,0],[60000,2,0],[60200,2,0],[59400,1,0],[59800,1,0],[60400,3,0],[60600,2,0]],"mustHitSection":true},{"typeOfSection":0,"lengthInSteps":16,"sectionNotes":[[60800,3,0],[61200,2,0],[61400,3,0],[61800,3,0],[62200,3,0]],"mustHitSection":true},{"typeOfSection":0,"lengthInSteps":16,"sectionNotes":[[62800,0,0],[63200,2,0],[63400,2,0],[62600,1,0],[63000,1,0],[63600,3,0],[63800,2,0]],"mustHitSection":true},{"typeOfSection":0,"lengthInSteps":16,"sectionNotes":[[65400,1,0],[65200,1,0],[64200,0,0],[64400,1,0],[64800,2,0],[65000,2,0],[64000,3,0],[64600,0,0]],"mustHitSection":false},{"lengthInSteps":16,"sectionNotes":[[66000,1,0],[66200,0,0],[66400,0,0],[65600,0,0],[65800,2,0],[66800,3,0],[66800,1,0]],"typeOfSection":0,"mustHitSection":false,"changeBPM":false,"bpm":150},{"lengthInSteps":16,"sectionNotes":[[68600,1,0],[68400,1,0],[67400,0,0],[67600,1,0],[68000,2,0],[68200,2,0],[67200,3,0],[67800,0,0]],"typeOfSection":0,"mustHitSection":false,"changeBPM":false,"bpm":150},{"lengthInSteps":16,"sectionNotes":[[69200,1,0],[69400,0,0],[69600,0,0],[68800,0,0],[69000,2,0],[70000,2,0],[70200,2,0]],"typeOfSection":0,"mustHitSection":false,"changeBPM":false,"bpm":150},{"lengthInSteps":16,"sectionNotes":[[70400,1,0],[70600,3,0],[71000,3,0],[71200,1,0],[70800,2,0],[71600,0,0],[71800,0,0],[71400,3,0]],"typeOfSection":0,"mustHitSection":true,"changeBPM":false,"bpm":150},{"lengthInSteps":16,"sectionNotes":[[72000,1,0],[72400,3,0],[72800,1,0],[72200,2,0],[72600,0,0]],"typeOfSection":0,"mustHitSection":true,"changeBPM":false,"bpm":150},{"lengthInSteps":16,"sectionNotes":[[73600,2,0],[73800,3,0],[74000,2,0],[74200,0,0],[74400,1,0],[74800,2,0],[75000,0,0],[74600,3,0]],"typeOfSection":0,"mustHitSection":true,"changeBPM":false,"bpm":150},{"lengthInSteps":16,"sectionNotes":[[76000,1,0],[75400,2,0],[75800,0,0],[75200,3,0],[75600,1,0]],"typeOfSection":0,"mustHitSection":true,"changeBPM":false,"bpm":157},{"lengthInSteps":16,"sectionNotes":[[78200,1,0],[78000,1,0],[77000,0,0],[77200,1,0],[77600,2,0],[77800,2,0],[76800,3,0],[77400,0,0]],"typeOfSection":0,"mustHitSection":false,"changeBPM":false,"bpm":150},{"lengthInSteps":16,"sectionNotes":[[78800,1,0],[79000,0,0],[79200,0,0],[78400,0,0],[78600,2,0],[79600,3,0],[79600,1,0]],"typeOfSection":0,"mustHitSection":false,"changeBPM":false,"bpm":150},{"lengthInSteps":16,"sectionNotes":[[81400,1,0],[81200,1,0],[80200,0,0],[80400,1,0],[80800,2,0],[81000,2,0],[80000,3,0],[80600,0,0]],"typeOfSection":0,"mustHitSection":false,"changeBPM":false,"bpm":150},{"lengthInSteps":16,"sectionNotes":[[82000,1,0],[82200,0,0],[82400,0,0],[81600,0,0],[81800,2,0],[82800,2,0],[83000,2,0]],"typeOfSection":0,"mustHitSection":false,"changeBPM":false,"bpm":150},{"lengthInSteps":16,"sectionNotes":[[83200,1,0],[83400,3,0],[83800,3,0],[84000,1,0],[83600,2,0],[84400,0,0],[84600,0,0],[84200,3,0]],"typeOfSection":0,"mustHitSection":true,"changeBPM":false,"bpm":150},{"lengthInSteps":16,"sectionNotes":[[84800,1,0],[85200,3,0],[85600,1,0],[85000,2,0],[85400,0,0]],"typeOfSection":0,"mustHitSection":true,"changeBPM":false,"bpm":150},{"lengthInSteps":16,"sectionNotes":[[86400,2,0],[86600,3,0],[86800,2,0],[87000,0,0],[87200,1,0],[87600,2,0],[87800,0,0],[87400,3,0]],"typeOfSection":0,"mustHitSection":true,"changeBPM":false,"bpm":150},{"lengthInSteps":16,"sectionNotes":[[88800,1,0],[88200,2,0],[88600,0,0],[88000,3,0],[88400,1,0]],"typeOfSection":0,"mustHitSection":true,"changeBPM":false,"bpm":150},{"lengthInSteps":16,"sectionNotes":[],"typeOfSection":0,"mustHitSection":true,"changeBPM":false,"bpm":150},{"lengthInSteps":16,"sectionNotes":[],"typeOfSection":0,"mustHitSection":true,"changeBPM":false,"bpm":150},{"lengthInSteps":16,"sectionNotes":[],"typeOfSection":0,"mustHitSection":true,"changeBPM":false,"bpm":150},{"lengthInSteps":16,"sectionNotes":[],"typeOfSection":0,"mustHitSection":true,"changeBPM":false,"bpm":150},{"lengthInSteps":16,"sectionNotes":[],"typeOfSection":0,"mustHitSection":true,"changeBPM":false,"bpm":150},{"lengthInSteps":16,"sectionNotes":[],"typeOfSection":0,"mustHitSection":true,"changeBPM":false,"bpm":150},{"lengthInSteps":16,"sectionNotes":[],"typeOfSection":0,"mustHitSection":true,"changeBPM":false,"bpm":150},{"sectionNotes":[],"typeOfSection":0,"lengthInSteps":16,"altAnim":false,"mustHitSection":true,"changeBPM":false,"bpm":150},{"sectionNotes":[],"typeOfSection":0,"lengthInSteps":16,"altAnim":false,"mustHitSection":true,"changeBPM":false,"bpm":150},{"sectionNotes":[],"typeOfSection":0,"lengthInSteps":16,"altAnim":false,"mustHitSection":true,"changeBPM":false,"bpm":150},{"sectionNotes":[],"typeOfSection":0,"lengthInSteps":16,"altAnim":false,"mustHitSection":true,"changeBPM":false,"bpm":150},{"sectionNotes":[],"typeOfSection":0,"lengthInSteps":16,"altAnim":false,"mustHitSection":true,"changeBPM":false,"bpm":150},{"sectionNotes":[],"typeOfSection":0,"lengthInSteps":16,"altAnim":false,"mustHitSection":true,"changeBPM":false,"bpm":150},{"sectionNotes":[],"typeOfSection":0,"lengthInSteps":16,"altAnim":false,"mustHitSection":true,"changeBPM":false,"bpm":150},{"lengthInSteps":16,"typeOfSection":0,"sectionNotes":[],"altAnimNum":0,"altAnim":false,"bpm":150,"changeBPM":false,"mustHitSection":true},{"lengthInSteps":16,"typeOfSection":0,"sectionNotes":[],"altAnimNum":0,"altAnim":false,"bpm":150,"changeBPM":false,"mustHitSection":true},{"lengthInSteps":16,"typeOfSection":0,"sectionNotes":[],"altAnimNum":0,"altAnim":false,"bpm":150,"changeBPM":false,"mustHitSection":true},{"altAnimNum":0,"sectionNotes":[],"typeOfSection":0,"lengthInSteps":16,"altAnim":false,"mustHitSection":true,"changeBPM":false,"bpm":150},{"lengthInSteps":16,"typeOfSection":0,"sectionNotes":[],"altAnimNum":0,"altAnim":false,"bpm":150,"changeBPM":false,"mustHitSection":true},{"sectionNotes":[],"typeOfSection":0,"lengthInSteps":16,"altAnim":false,"mustHitSection":true,"changeBPM":false,"bpm":150},{"lengthInSteps":16,"altAnim":false,"typeOfSection":0,"sectionNotes":[],"bpm":150,"changeBPM":false,"mustHitSection":true},{"lengthInSteps":16,"altAnim":false,"typeOfSection":0,"sectionNotes":[],"bpm":150,"changeBPM":false,"mustHitSection":true},{"lengthInSteps":16,"altAnim":false,"typeOfSection":0,"sectionNotes":[],"bpm":150,"changeBPM":false,"mustHitSection":true}],"isHey":false,"cutsceneType":"none","isSpooky":false,"song":"Thriller","validScore":true,"speed":2.4,"sectionLengths":[],"isMoody":false,"uiType":"normal","needsVoices":true,"sections":0,"stage":"halloween","bpm":150,"gf":"gf"}}