{"song":{"player1":"bf","player2":"dad","notes":[{"sectionNotes":[],"lengthInSteps":16,"typeOfSection":0,"mustHitSection":false},{"sectionNotes":[],"lengthInSteps":16,"typeOfSection":0,"mustHitSection":false},{"sectionNotes":[],"lengthInSteps":16,"typeOfSection":0,"mustHitSection":true},{"sectionNotes":[],"lengthInSteps":16,"typeOfSection":0,"mustHitSection":true},{"sectionNotes":[],"lengthInSteps":16,"typeOfSection":0,"mustHitSection":true},{"sectionNotes":[],"lengthInSteps":16,"typeOfSection":0,"mustHitSection":true},{"sectionNotes":[],"lengthInSteps":16,"typeOfSection":0,"mustHitSection":true},{"sectionNotes":[],"lengthInSteps":16,"typeOfSection":0,"mustHitSection":true},{"sectionNotes":[[12000,1,375],[13312.5,3,0],[12937.5,1,281.25],[12468.75,0,281.25]],"lengthInSteps":16,"typeOfSection":0,"mustHitSection":false},{"sectionNotes":[[13875,0,187.5],[13500,3,281.25],[14437.5,1,187.5],[14818.125,3,0]],"lengthInSteps":20,"typeOfSection":0,"mustHitSection":false},{"sectionNotes":[[15000,1,0],[15187.5,0,0],[15375,1,0],[15562.5,3,0],[15750,1,0],[15937.5,0,0],[16125,1,0],[16312.5,3,0]],"lengthInSteps":16,"typeOfSection":0,"mustHitSection":false},{"sectionNotes":[[16500,0,281.25],[16875,3,281.25],[17343.75,0,375],[17812.5,3,0]],"lengthInSteps":16,"typeOfSection":0,"mustHitSection":false},{"sectionNotes":[[18000,1,0],[19312.5,3,0],[19031.25,0,0],[18375,1,0]],"lengthInSteps":16,"typeOfSection":0,"mustHitSection":true},{"sectionNotes":[[19500,2,0],[20437.5,3,0],[20812.5,1,0],[19875,1,0]],"lengthInSteps":16,"typeOfSection":0,"mustHitSection":true},{"sectionNotes":[[21000,0,0],[21187.5,1,0],[21375,3,0],[21562.5,1,0],[21750,0,0],[21937.5,1,0],[22125,3,0],[22312.5,1,0]],"lengthInSteps":16,"typeOfSection":0,"mustHitSection":true},{"sectionNotes":[[22500,2,0],[22875,1,0],[23343.75,3,0],[23812.5,1,0]],"lengthInSteps":16,"typeOfSection":0,"mustHitSection":true},{"sectionNotes":[[24000,2,0],[24375,2,0],[24562.5,3,0],[24750,3,0],[25125,2,0],[25312.5,0,0]],"lengthInSteps":16,"typeOfSection":0,"mustHitSection":false},{"sectionNotes":[[25500,0,0],[25875,2,0],[26062.5,3,0],[26250,3,0],[26625,2,0]],"lengthInSteps":16,"typeOfSection":0,"mustHitSection":false},{"sectionNotes":[[27187.5,3,0],[27375,2,0],[27000,3,0],[27750,0,0],[27937.5,0,0],[28125,2,0],[28312.5,2,0]],"lengthInSteps":16,"typeOfSection":0,"mustHitSection":false},{"sectionNotes":[[28500,3,0],[28687.5,3,0],[28875,2,0],[29250,0,0],[29437.5,0,0],[29625,1,0],[29812.5,1,0]],"lengthInSteps":16,"typeOfSection":0,"mustHitSection":false},{"sectionNotes":[[30000,1,0],[30375,1,0],[30562.5,2,0],[30750,3,0],[31125,1,0],[31312.5,2,0]],"lengthInSteps":16,"typeOfSection":0,"mustHitSection":true},{"sectionNotes":[[31500,3,0],[31875,1,0],[32062.5,2,0],[32250,3,0],[32625,1,0]],"lengthInSteps":16,"typeOfSection":0,"mustHitSection":true},{"sectionNotes":[[33187.5,3,0],[33375,2,0],[33000,3,0],[33750,0,0],[33937.5,0,0],[34125,2,0],[34312.5,2,0]],"lengthInSteps":16,"typeOfSection":0,"mustHitSection":true},{"sectionNotes":[[34500,3,0],[34687.5,3,0],[34875,2,0],[35250,0,0],[35437.5,0,0],[35625,1,0],[35812.5,1,0]],"lengthInSteps":16,"typeOfSection":0,"mustHitSection":true},{"sectionNotes":[[36000,1,375],[36468.75,0,375],[37031.25,1,187.5],[36000,1,375],[36468.75,0,375],[37031.25,1,187.5],[37312.5,3,0]],"lengthInSteps":16,"typeOfSection":0,"mustHitSection":false},{"sectionNotes":[[37500,3,281.25],[37875,0,281.25],[38812.5,2,0],[38437.5,1,281.25]],"lengthInSteps":16,"typeOfSection":0,"mustHitSection":false},{"sectionNotes":[[39000,1,0],[39187.5,0,0],[39375,1,0],[39562.5,3,0],[39750,1,0],[39937.5,0,0],[40125,1,0],[40312.5,3,0]],"lengthInSteps":16,"typeOfSection":0,"mustHitSection":false},{"sectionNotes":[[40500,0,281.25],[40875,3,281.25],[41343.75,0,375],[41812.5,3,0]],"lengthInSteps":16,"typeOfSection":0,"mustHitSection":false},{"sectionNotes":[[42000,1,0],[43312.5,3,0],[43031.25,0,0],[42375,1,0]],"lengthInSteps":16,"typeOfSection":0,"mustHitSection":true},{"sectionNotes":[[43500,2,0],[44437.5,3,0],[44812.5,1,0],[43875,1,0]],"lengthInSteps":16,"typeOfSection":0,"mustHitSection":true},{"sectionNotes":[[45000,0,0],[45187.5,1,0],[45375,3,0],[45562.5,1,0],[45750,0,0],[45937.5,1,0],[46125,3,0],[46312.5,1,0]],"lengthInSteps":16,"typeOfSection":0,"mustHitSection":true},{"sectionNotes":[[46500,2,0],[46875,1,0],[47343.75,3,0],[47812.5,1,0]],"lengthInSteps":16,"typeOfSection":0,"mustHitSection":true},{"typeOfSection":0,"sectionNotes":[[48000,3,281.25],[48375,1,281.25],[48750,0,281.25],[49125,2,281.25]],"lengthInSteps":16,"bpm":100,"changeBPM":false,"mustHitSection":false},{"lengthInSteps":16,"typeOfSection":0,"sectionNotes":[[49500,3,0],[49687.5,2,0],[49875,0,0],[50250,3,0],[50437.5,2,0],[50625,0,0],[50812.5,3,0],[50062.5,1,0]],"altAnimNum":0,"altAnim":false,"bpm":100,"changeBPM":false,"mustHitSection":false},{"lengthInSteps":16,"typeOfSection":0,"sectionNotes":[[51000,3,281.25],[51375,1,281.25],[51750,0,281.25],[52125,2,281.25]],"altAnimNum":0,"altAnim":false,"bpm":160,"changeBPM":false,"mustHitSection":false},{"lengthInSteps":16,"typeOfSection":0,"sectionNotes":[[52500,0,0],[52687.5,3,0],[52875,2,0],[53062.5,3,0],[53250,1,0],[53437.5,3,0],[53812.5,3,0],[53625,0,0]],"altAnimNum":0,"altAnim":false,"bpm":160,"changeBPM":false,"mustHitSection":false},{"lengthInSteps":16,"typeOfSection":0,"sectionNotes":[[54000,1,0],[54750,1,0],[54375,3,0],[55125,0,0]],"altAnimNum":0,"altAnim":false,"bpm":160,"changeBPM":false,"mustHitSection":true},{"lengthInSteps":16,"typeOfSection":0,"sectionNotes":[[55500,0,0],[55687.5,3,0],[55875,1,0],[56062.5,3,0],[56250,1,0],[56437.5,0,0],[56625,3,0],[56812.5,1,0]],"altAnimNum":0,"altAnim":false,"bpm":160,"changeBPM":false,"mustHitSection":true},{"lengthInSteps":16,"typeOfSection":0,"sectionNotes":[[57000,1,0],[57750,1,0],[57375,3,0],[58125,0,0]],"altAnimNum":0,"altAnim":false,"bpm":160,"changeBPM":false,"mustHitSection":true},{"lengthInSteps":16,"typeOfSection":0,"sectionNotes":[[58500,0,0],[58687.5,3,0],[58875,1,0],[59062.5,3,0],[59250,1,0],[59437.5,0,0],[59625,3,0],[59812.5,1,0]],"altAnimNum":0,"altAnim":false,"bpm":160,"changeBPM":false,"mustHitSection":true},{"lengthInSteps":16,"typeOfSection":0,"sectionNotes":[[60000,1,375],[61031.25,1,187.5],[60000,1,375],[61031.25,1,187.5],[61312.5,3,0],[60468.75,0,281.25]],"altAnimNum":0,"altAnim":false,"bpm":160,"changeBPM":false,"mustHitSection":false},{"lengthInSteps":16,"typeOfSection":0,"sectionNotes":[[61500,3,281.25],[61875,0,281.25],[62812.5,2,0],[62437.5,1,281.25]],"altAnimNum":0,"altAnim":false,"bpm":160,"changeBPM":false,"mustHitSection":false},{"lengthInSteps":16,"typeOfSection":0,"sectionNotes":[[63000,1,0],[63187.5,0,0],[63375,1,0],[63562.5,3,0],[63750,1,0],[63937.5,0,0],[64125,1,0],[64312.5,3,0]],"altAnimNum":0,"altAnim":false,"bpm":160,"changeBPM":false,"mustHitSection":false},{"lengthInSteps":16,"typeOfSection":0,"sectionNotes":[[64500,0,281.25],[64875,3,281.25],[65343.75,0,375],[65812.5,3,0]],"altAnimNum":0,"altAnim":false,"bpm":160,"changeBPM":false,"mustHitSection":false},{"lengthInSteps":16,"typeOfSection":0,"sectionNotes":[[66000,1,0],[67312.5,3,0],[67031.25,0,0],[66375,1,0]],"altAnimNum":0,"altAnim":false,"bpm":160,"changeBPM":false,"mustHitSection":true},{"lengthInSteps":16,"typeOfSection":0,"sectionNotes":[[67500,2,0],[68437.5,3,0],[68812.5,1,0],[67875,1,0]],"altAnimNum":0,"altAnim":false,"bpm":160,"changeBPM":false,"mustHitSection":true},{"lengthInSteps":16,"typeOfSection":0,"sectionNotes":[[69000,0,0],[69187.5,1,0],[69375,3,0],[69562.5,1,0],[69750,0,0],[69937.5,1,0],[70125,3,0],[70312.5,1,0]],"altAnimNum":0,"altAnim":false,"bpm":160,"changeBPM":false,"mustHitSection":true},{"lengthInSteps":16,"typeOfSection":0,"sectionNotes":[[70500,2,0],[70875,1,0],[71343.75,3,0],[71812.5,1,0]],"altAnimNum":0,"altAnim":false,"bpm":160,"changeBPM":false,"mustHitSection":true},{"lengthInSteps":16,"typeOfSection":0,"sectionNotes":[[72000,1,375],[73031.25,1,187.5],[72000,1,375],[73031.25,1,187.5],[73312.5,3,0],[72468.75,0,281.25]],"altAnimNum":0,"altAnim":false,"bpm":160,"changeBPM":false,"mustHitSection":false},{"lengthInSteps":16,"typeOfSection":0,"sectionNotes":[[73500,3,281.25],[73875,0,281.25],[74812.5,2,0],[74437.5,1,281.25]],"altAnimNum":0,"altAnim":false,"bpm":160,"changeBPM":false,"mustHitSection":false},{"lengthInSteps":16,"typeOfSection":0,"sectionNotes":[[75000,1,0],[75187.5,0,0],[75375,1,0],[75562.5,3,0],[75750,1,0],[75937.5,0,0],[76125,1,0],[76312.5,3,0]],"altAnimNum":0,"altAnim":false,"bpm":160,"changeBPM":false,"mustHitSection":false},{"lengthInSteps":16,"typeOfSection":0,"sectionNotes":[[76500,0,281.25],[76875,3,281.25],[77343.75,0,375],[77812.5,3,0]],"altAnimNum":0,"altAnim":false,"bpm":160,"changeBPM":false,"mustHitSection":false},{"lengthInSteps":16,"typeOfSection":0,"sectionNotes":[[78000,1,0],[79312.5,3,0],[79031.25,0,0],[78375,1,0]],"altAnimNum":0,"altAnim":false,"bpm":160,"changeBPM":false,"mustHitSection":true},{"lengthInSteps":16,"typeOfSection":0,"sectionNotes":[[79500,2,0],[80437.5,3,0],[80812.5,1,0],[79875,1,0]],"altAnimNum":0,"altAnim":false,"bpm":160,"changeBPM":false,"mustHitSection":true},{"lengthInSteps":16,"typeOfSection":0,"sectionNotes":[[81000,0,0],[81187.5,1,0],[81375,3,0],[81562.5,1,0],[81750,0,0],[81937.5,1,0],[82125,3,0],[82312.5,1,0]],"altAnimNum":0,"altAnim":false,"bpm":160,"changeBPM":false,"mustHitSection":true},{"lengthInSteps":16,"typeOfSection":0,"sectionNotes":[[82500,2,0],[82875,1,0],[83343.75,3,0],[83812.5,1,0]],"altAnimNum":0,"altAnim":false,"bpm":160,"changeBPM":false,"mustHitSection":true},{"lengthInSteps":16,"typeOfSection":0,"sectionNotes":[],"altAnimNum":0,"altAnim":false,"bpm":160,"changeBPM":false,"mustHitSection":false},{"lengthInSteps":16,"typeOfSection":0,"sectionNotes":[],"altAnimNum":0,"altAnim":false,"bpm":160,"changeBPM":false,"mustHitSection":false},{"lengthInSteps":16,"typeOfSection":0,"sectionNotes":[],"altAnimNum":0,"altAnim":false,"bpm":160,"changeBPM":false,"mustHitSection":true},{"lengthInSteps":16,"typeOfSection":0,"sectionNotes":[],"altAnimNum":0,"altAnim":false,"bpm":160,"changeBPM":false,"mustHitSection":true},{"lengthInSteps":16,"typeOfSection":0,"sectionNotes":[],"altAnimNum":0,"altAnim":false,"bpm":160,"changeBPM":false,"mustHitSection":false},{"lengthInSteps":16,"typeOfSection":0,"sectionNotes":[],"altAnimNum":0,"altAnim":false,"bpm":160,"changeBPM":false,"mustHitSection":false},{"lengthInSteps":16,"typeOfSection":0,"sectionNotes":[],"altAnimNum":0,"altAnim":false,"bpm":160,"changeBPM":false,"mustHitSection":true},{"lengthInSteps":16,"typeOfSection":0,"sectionNotes":[],"altAnimNum":0,"altAnim":false,"bpm":160,"changeBPM":false,"mustHitSection":true},{"lengthInSteps":16,"typeOfSection":0,"sectionNotes":[],"altAnimNum":0,"altAnim":false,"bpm":160,"changeBPM":false,"mustHitSection":true},{"lengthInSteps":16,"typeOfSection":0,"sectionNotes":[],"altAnimNum":0,"altAnim":false,"bpm":160,"changeBPM":false,"mustHitSection":true},{"lengthInSteps":16,"typeOfSection":0,"sectionNotes":[],"altAnimNum":0,"altAnim":false,"bpm":160,"changeBPM":false,"mustHitSection":true},{"sectionNotes":[],"typeOfSection":0,"lengthInSteps":16,"altAnim":false,"mustHitSection":true,"changeBPM":false,"bpm":160},{"sectionNotes":[],"typeOfSection":0,"lengthInSteps":16,"altAnim":false,"mustHitSection":true,"changeBPM":false,"bpm":160},{"sectionNotes":[],"typeOfSection":0,"lengthInSteps":16,"altAnim":false,"mustHitSection":true,"changeBPM":false,"bpm":160},{"lengthInSteps":16,"typeOfSection":0,"sectionNotes":[],"altAnimNum":0,"altAnim":false,"bpm":160,"changeBPM":false,"mustHitSection":true},{"altAnimNum":0,"sectionNotes":[],"typeOfSection":0,"lengthInSteps":16,"altAnim":false,"mustHitSection":true,"changeBPM":false,"bpm":160},{"altAnimNum":0,"sectionNotes":[],"typeOfSection":0,"lengthInSteps":16,"altAnim":false,"mustHitSection":true,"changeBPM":false,"bpm":160},{"lengthInSteps":16,"typeOfSection":0,"sectionNotes":[],"altAnimNum":0,"altAnim":false,"bpm":160,"changeBPM":false,"mustHitSection":true},{"altAnimNum":0,"sectionNotes":[],"typeOfSection":0,"lengthInSteps":16,"altAnim":false,"mustHitSection":true,"changeBPM":false,"bpm":160},{"lengthInSteps":16,"altAnim":false,"typeOfSection":0,"sectionNotes":[],"bpm":160,"changeBPM":false,"mustHitSection":true},{"lengthInSteps":16,"altAnim":false,"typeOfSection":0,"sectionNotes":[],"bpm":160,"changeBPM":false,"mustHitSection":true}],"isHey":true,"cutsceneType":"none","song":"Metamorphosis","isSpooky":false,"validScore":true,"speed":2.8,"isMoody":false,"sectionLengths":[],"uiType":"normal","stage":"stage","sections":0,"needsVoices":true,"gf":"gf","bpm":160}}