{"song":{"player1":"bf-christmas","gfVersion":"gf-christmas","notes":[{"sectionNotes":[],"lengthInSteps":16,"mustHitSection":true},{"sectionNotes":[],"lengthInSteps":16,"mustHitSection":true},{"sectionNotes":[],"lengthInSteps":16,"mustHitSection":true},{"sectionNotes":[],"lengthInSteps":16,"mustHitSection":true},{"sectionNotes":[],"lengthInSteps":16,"mustHitSection":true},{"sectionNotes":[],"lengthInSteps":16,"mustHitSection":true},{"sectionNotes":[[9433.962,0,283.01886],[9811.32,2,283.01886]],"lengthInSteps":16,"mustHitSection":false},{"sectionNotes":[[10566.0381,0,660.3774],[11320.7549,2,660.3774]],"lengthInSteps":16,"mustHitSection":false},{"sectionNotes":[[12452.83,0,283.01886],[12830.1885,2,283.01886]],"lengthInSteps":16,"mustHitSection":false},{"sectionNotes":[[13584.9053,1,0],[14339.623,3,283.01886],[14716.9814,2,283.01886]],"lengthInSteps":16,"mustHitSection":false},{"sectionNotes":[[15094.34,5,754.717],[15471.6982,0,283.01886],[15849.0566,2,283.01886]],"lengthInSteps":16,"mustHitSection":true},{"sectionNotes":[[16603.7734,0,660.3774],[17358.49,2,660.3774]],"lengthInSteps":16,"mustHitSection":true},{"sectionNotes":[[18490.5664,0,283.01886],[18867.9238,2,283.01886]],"lengthInSteps":16,"mustHitSection":true},{"sectionNotes":[[19622.64,1,0],[20377.36,3,283.01886],[20754.7168,2,283.01886]],"lengthInSteps":16,"mustHitSection":true},{"sectionNotes":[[21132.0762,1,283.01886],[21132.0762,5,754.717],[21886.793,2,283.01886],[22264.15,3,283.01886]],"lengthInSteps":16,"mustHitSection":false},{"sectionNotes":[[22641.51,1,471.69812],[23396.2266,0,0],[23773.584,0,0]],"lengthInSteps":16,"mustHitSection":false},{"sectionNotes":[[24150.9434,3,283.01886],[24528.3027,2,0],[24905.66,2,0],[25283.02,2,0]],"lengthInSteps":16,"mustHitSection":false},{"sectionNotes":[[25660.377,1,471.69812],[26415.0938,3,0],[26792.4531,0,0]],"lengthInSteps":16,"mustHitSection":false},{"sectionNotes":[[27169.81,1,283.01886],[27924.5273,2,283.01886],[28301.8867,3,283.01886]],"lengthInSteps":16,"mustHitSection":true},{"sectionNotes":[[28679.2461,1,471.69812],[29433.9629,0,0],[29811.32,0,0]],"lengthInSteps":16,"mustHitSection":true},{"sectionNotes":[[30188.68,3,283.01886],[30566.0371,2,0],[30943.3965,2,0],[31320.7539,2,0]],"lengthInSteps":16,"mustHitSection":true},{"sectionNotes":[[31698.1133,1,471.69812],[32452.83,3,0],[32830.1875,0,0]],"lengthInSteps":16,"mustHitSection":true},{"sectionNotes":[[33584.9063,2,0],[33962.2656,0,283.01886],[34528.3,3,283.01886]],"lengthInSteps":16,"mustHitSection":false},{"sectionNotes":[[35094.34,2,283.01886],[35471.7,0,283.01886]],"lengthInSteps":16,"mustHitSection":false},{"sectionNotes":[[36603.7734,2,0],[36981.1328,0,283.01886],[37358.4922,1,283.01886]],"lengthInSteps":16,"mustHitSection":false},{"sectionNotes":[[37735.8477,0,283.01886]],"lengthInSteps":16,"mustHitSection":false},{"sectionNotes":[[39622.64,2,0],[40000,0,283.01886],[40566.04,3,283.01886]],"lengthInSteps":16,"mustHitSection":true},{"sectionNotes":[[41132.0742,2,283.01886],[41509.4336,0,283.01886]],"lengthInSteps":16,"mustHitSection":true},{"sectionNotes":[[42641.5078,2,0],[43018.8672,0,283.01886],[43396.2266,1,283.01886]],"lengthInSteps":16,"mustHitSection":true},{"sectionNotes":[[43773.5859,0,283.01886]],"lengthInSteps":16,"mustHitSection":true},{"sectionNotes":[[45283.02,0,283.01886],[46037.7344,2,0],[46415.0938,2,0]],"lengthInSteps":16,"mustHitSection":false},{"sectionNotes":[[46792.4531,5,283.01886],[47169.8125,0,0],[47547.168,3,0],[47924.5273,1,0]],"lengthInSteps":16,"mustHitSection":true},{"sectionNotes":[[48301.8867,2,283.01886],[48301.8867,6,849.0566],[48679.2461,0,188.679245],[49056.6055,3,0],[49433.96,3,0],[49622.64,0,0]],"lengthInSteps":16,"mustHitSection":false},{"sectionNotes":[[49937.1055,2,0],[50188.68,2,0],[50440.25,2,0]],"lengthInSteps":16,"mustHitSection":false},{"sectionNotes":[[51320.7539,0,283.01886],[52075.4727,2,0],[52452.832,2,0]],"lengthInSteps":16,"mustHitSection":true},{"sectionNotes":[[52830.1875,5,283.01886],[53207.5469,0,0],[53584.9063,3,0],[53962.2656,1,0]],"lengthInSteps":16,"mustHitSection":false},{"sectionNotes":[[54339.62,6,1132.07544],[54339.62,2,283.01886],[54716.98,0,188.679245],[55094.34,3,0],[55471.7,3,0],[55660.38,0,0]],"lengthInSteps":16,"mustHitSection":true},{"sectionNotes":[[56037.7344,2,0],[56415.0938,2,0],[56603.7734,2,0]],"lengthInSteps":16,"mustHitSection":true},{"sectionNotes":[[57547.168,2,0],[58113.207,2,0],[58490.5664,2,0],[58679.2461,3,0]],"lengthInSteps":16,"mustHitSection":false},{"sectionNotes":[[58867.9258,1,0],[59245.28,3,283.01886],[59622.64,2,0],[60000,0,283.01886]],"lengthInSteps":16,"mustHitSection":false},{"sectionNotes":[[60566.04,2,0],[61132.0742,2,0],[61509.4336,2,0],[61698.1133,3,0]],"lengthInSteps":16,"mustHitSection":true},{"sectionNotes":[[61886.793,1,0],[62264.1523,3,283.01886],[62641.5078,2,0],[63018.8672,0,283.01886]],"lengthInSteps":16,"mustHitSection":true},{"sectionNotes":[[63396.2266,3,0],[63773.5859,1,283.01886],[64150.94,0,0],[64528.3,0,283.01886]],"lengthInSteps":16,"mustHitSection":false},{"sectionNotes":[[64905.66,4,0],[64905.66,3,0],[65283.02,1,283.01886],[65660.375,0,0],[66037.7344,0,283.01886]],"lengthInSteps":16,"mustHitSection":true},{"sectionNotes":[[66415.09,0,0],[66415.09,4,0],[66981.13,7,0],[66981.13,3,0],[67358.49,6,0],[67358.49,2,0],[67735.85,5,754.717],[67735.85,1,754.717]],"lengthInSteps":16,"mustHitSection":true},{"sectionNotes":[],"lengthInSteps":16,"mustHitSection":true},{"sectionNotes":[[69622.64,0,0],[70188.68,1,0],[70754.72,3,0]],"lengthInSteps":16,"mustHitSection":false},{"sectionNotes":[[71132.08,2,0],[71320.76,1,0],[71698.11,2,0],[72075.47,0,0]],"lengthInSteps":16,"mustHitSection":false},{"sectionNotes":[[72452.83,2,283.01886],[72830.19,0,283.01886],[73207.55,3,283.01886],[73584.91,0,0],[73773.5859,1,566.0377]],"lengthInSteps":16,"mustHitSection":false},{"sectionNotes":[[74716.9844,3,0],[74905.6641,0,0],[75094.3359,3,0]],"lengthInSteps":16,"mustHitSection":false},{"sectionNotes":[[75660.375,0,0],[76226.4141,1,0],[76792.45,3,0]],"lengthInSteps":16,"mustHitSection":true},{"sectionNotes":[[77169.81,2,0],[77358.49,1,0],[77735.85,2,0],[78113.21,0,0]],"lengthInSteps":16,"mustHitSection":true},{"sectionNotes":[[78490.56,2,283.01886],[78867.92,0,283.01886],[79245.28,3,283.01886],[79622.64,0,0],[79811.32,1,566.0377]],"lengthInSteps":16,"mustHitSection":true},{"sectionNotes":[[80754.72,3,0],[80943.4,0,0],[81132.08,3,0]],"lengthInSteps":16,"mustHitSection":true},{"sectionNotes":[[81509.44,1,0],[81886.79,3,0],[82264.15,0,0],[82641.51,2,0]],"lengthInSteps":16,"mustHitSection":false},{"sectionNotes":[[83018.87,1,0],[83396.23,3,0],[83773.5859,0,0],[84150.9453,2,0]],"lengthInSteps":16,"mustHitSection":true},{"sectionNotes":[[84528.3047,2,0],[84905.6641,2,0],[85094.3359,0,0],[85283.0156,2,0],[85660.375,2,0],[85849.0547,0,0]],"lengthInSteps":16,"mustHitSection":false},{"sectionNotes":[[86037.7344,2,0],[86415.09,2,0],[86603.77,0,0],[86792.45,2,0],[87169.81,2,0],[87358.49,0,0]],"lengthInSteps":16,"mustHitSection":true},{"sectionNotes":[[87547.17,3,283.01886],[88113.21,1,283.01886],[88301.88,4,0],[88679.24,7,283.01886],[88679.24,1,0]],"lengthInSteps":16,"mustHitSection":false},{"sectionNotes":[[89056.6,5,283.01886],[89056.6,3,0],[89433.96,3,0],[89811.32,1,283.01886],[89811.32,7,0],[90188.68,6,283.01886]],"lengthInSteps":16,"mustHitSection":false},{"sectionNotes":[[90566.04,5,283.01886],[90566.04,0,0],[91132.08,3,0],[91698.11,3,0]],"lengthInSteps":16,"mustHitSection":false},{"sectionNotes":[[92075.47,2,566.0377],[92075.47,6,566.0377],[92830.19,3,566.0377],[92830.19,4,566.0377]],"lengthInSteps":16,"mustHitSection":true},{"sectionNotes":[[93773.5859,3,0],[94150.9453,7,0],[94339.625,0,283.01886],[94716.9844,4,283.01886],[94905.6641,3,283.01886]],"lengthInSteps":16,"mustHitSection":false},{"sectionNotes":[[95283.0156,3,283.01886],[95471.6953,6,283.01886],[95849.0547,4,283.01886],[95849.0547,2,283.01886],[96226.4141,0,283.01886]],"lengthInSteps":16,"mustHitSection":true},{"sectionNotes":[[96792.45,7,94.33962],[96981.13,6,0],[97169.81,3,94.33962],[97358.49,4,283.01886],[97358.49,2,0],[97735.85,0,283.01886],[97735.85,5,283.01886]],"lengthInSteps":16,"mustHitSection":true},{"sectionNotes":[[98113.21,5,283.01886],[98113.21,0,283.01886],[98490.56,7,283.01886]],"lengthInSteps":16,"mustHitSection":false},{"sectionNotes":[[99811.32,3,0],[100188.68,7,0],[100377.359,0,283.01886],[100754.719,4,283.01886],[100943.4,3,283.01886]],"lengthInSteps":16,"mustHitSection":false},{"sectionNotes":[[101320.758,3,283.01886],[101509.438,6,283.01886],[101886.789,4,283.01886],[101886.789,2,283.01886],[102264.148,0,283.01886]],"lengthInSteps":16,"mustHitSection":true},{"sectionNotes":[[102830.188,3,94.33962],[103207.547,7,94.33962],[103396.227,0,283.01886],[103773.586,1,283.01886],[103773.586,4,283.01886]],"lengthInSteps":16,"mustHitSection":false},{"sectionNotes":[[104150.945,5,283.01886],[104150.945,0,283.01886],[104528.305,7,283.01886]],"lengthInSteps":16,"mustHitSection":false},{"sectionNotes":[[105849.055,2,0],[106415.094,2,0],[106792.453,2,0],[106981.133,3,0]],"lengthInSteps":16,"mustHitSection":false},{"sectionNotes":[[107169.813,1,0],[107547.172,3,283.01886],[107924.531,2,0],[108301.883,0,283.01886]],"lengthInSteps":16,"mustHitSection":false},{"sectionNotes":[[108867.922,2,0],[109433.961,2,0],[109811.32,2,0],[110000,3,0]],"lengthInSteps":16,"mustHitSection":true},{"sectionNotes":[[110188.68,1,0],[110566.039,3,283.01886],[110943.4,2,0],[111320.758,0,283.01886]],"lengthInSteps":16,"mustHitSection":true},{"sectionNotes":[[111698.109,3,0],[112075.469,1,283.01886],[112452.828,0,0],[112830.188,0,283.01886]],"lengthInSteps":16,"mustHitSection":false},{"sectionNotes":[[113207.547,4,0],[113207.547,3,0],[113584.906,1,283.01886],[113962.266,0,0],[114339.625,0,283.01886]],"lengthInSteps":16,"mustHitSection":true},{"sectionNotes":[[114716.984,4,0],[114716.984,0,0],[115283.016,3,0],[115283.016,7,0],[115660.375,6,0],[115660.375,2,0],[116037.734,1,754.717],[116037.734,5,754.717]],"lengthInSteps":16,"mustHitSection":false},{"sectionNotes":[],"lengthInSteps":16,"mustHitSection":true},{"sectionNotes":[[117924.531,0,0],[118490.563,1,0],[118867.922,2,0]],"lengthInSteps":16,"mustHitSection":false},{"sectionNotes":[[119245.281,2,283.01886],[119622.641,3,283.01886],[120000,0,283.01886],[120377.359,3,283.01886]],"lengthInSteps":16,"mustHitSection":false},{"sectionNotes":[[120754.719,6,754.717],[120943.4,0,0],[121509.438,1,0],[121886.789,2,0]],"lengthInSteps":16,"mustHitSection":true},{"sectionNotes":[[122264.148,2,283.01886],[122641.508,3,283.01886],[123018.867,0,283.01886],[123396.227,3,754.717]],"lengthInSteps":16,"mustHitSection":true},{"sectionNotes":[[123773.586,1,94.33962],[124150.945,3,0],[124528.305,2,283.01886],[124905.664,0,283.01886]],"lengthInSteps":16,"mustHitSection":false},{"sectionNotes":[[125283.016,2,0],[125283.016,5,283.01886],[125660.375,1,283.01886],[126037.734,3,0],[126415.094,0,0]],"lengthInSteps":16,"mustHitSection":true},{"sectionNotes":[[126792.453,0,0],[126792.453,4,0],[127358.492,3,0],[127358.492,7,0],[127735.852,6,0],[127735.852,2,0],[128113.211,1,377.3585],[128113.211,5,377.3585]],"lengthInSteps":16,"mustHitSection":false},{"sectionNotes":[[129056.6,0,0],[129245.281,3,0],[129433.961,0,0]],"lengthInSteps":16,"mustHitSection":true},{"sectionNotes":[[129811.32,2,0]],"lengthInSteps":16,"mustHitSection":true},{"sectionNotes":[],"lengthInSteps":16,"mustHitSection":true},{"lengthInSteps":16,"altAnim":false,"typeOfSection":0,"sectionNotes":[],"bpm":159,"changeBPM":false,"mustHitSection":true}],"player2":"monster-christmas","song":"Winter Horrorland","stage":"mallEvil","needsVoices":true,"validScore":true,"bpm":159,"speed":1}}