{"song":{"player1":"bf-carnight","player2":"mom-carnight","notes":[{"lengthInSteps":16,"sectionNotes":[[0,2,0],[187.5,3,0],[375,0,0],[562.5,3,0],[750,2,0],[937.5,1,0],[1125,2,281.25]],"typeOfSection":0,"mustHitSection":false,"changeBPM":false,"bpm":95},{"lengthInSteps":16,"sectionNotes":[[1500,3,0],[1687.5,0,0],[1875,2,0],[2062.5,1,0],[2250,3,0],[2437.5,0,0],[2625,2,0],[2812.5,1,0]],"typeOfSection":0,"mustHitSection":false,"changeBPM":false,"bpm":95},{"lengthInSteps":16,"sectionNotes":[[3000,2,0],[3187.5,3,0],[3375,0,0],[3562.5,3,0],[3750,2,0],[3937.5,1,0],[4125,2,281.25]],"typeOfSection":0,"mustHitSection":false,"changeBPM":false,"bpm":180},{"lengthInSteps":16,"sectionNotes":[[4500,3,0],[4687.5,0,0],[4875,2,0],[5062.5,1,0],[5250,3,0],[5437.5,0,0],[5625,2,0],[5812.5,3,0]],"typeOfSection":0,"mustHitSection":false,"changeBPM":false,"bpm":180},{"lengthInSteps":16,"sectionNotes":[[6000,2,0],[6187.5,1,0],[6375,3,0],[6562.5,1,0],[6750,0,0],[6937.5,2,0],[7125,3,0]],"typeOfSection":0,"mustHitSection":true,"changeBPM":false,"bpm":180},{"lengthInSteps":16,"sectionNotes":[[7500,1,0],[7687.5,3,0],[7875,1,0],[8062.5,0,0],[8250,1,0],[8437.5,3,0],[8625,1,0],[8812.5,0,0]],"typeOfSection":0,"mustHitSection":true,"changeBPM":false,"bpm":180},{"lengthInSteps":16,"sectionNotes":[[9000,2,0],[9187.5,1,0],[9375,3,0],[9562.5,1,0],[9750,0,0],[9937.5,2,0],[10125,3,0]],"typeOfSection":0,"mustHitSection":true,"changeBPM":false,"bpm":180},{"lengthInSteps":16,"sectionNotes":[[10687.5,3,0],[10875,1,0],[11062.5,2,0],[11437.5,0,0],[11625,1,0],[11812.5,3,0],[10500,1,0],[11250,1,0]],"typeOfSection":0,"mustHitSection":true,"changeBPM":false,"bpm":180},{"lengthInSteps":16,"sectionNotes":[[12000,2,0],[12187.5,3,0],[12375,2,0],[12562.5,1,0],[12750,1,0],[13031.25,1,0],[13312.5,1,0]],"typeOfSection":0,"mustHitSection":false,"changeBPM":false,"bpm":180},{"lengthInSteps":16,"sectionNotes":[[13500,0,0],[13687.5,2,0],[13875,3,0],[14062.5,2,0],[14250,0,0],[14437.5,1,0],[14625,0,0],[14812.5,1,0]],"typeOfSection":0,"mustHitSection":false,"changeBPM":false,"bpm":180},{"lengthInSteps":16,"sectionNotes":[[15000,2,0],[15187.5,1,0],[15375,0,0],[15562.5,1,0],[15750,1,0],[16031.25,1,0],[16312.5,1,0]],"typeOfSection":0,"mustHitSection":true,"changeBPM":false,"bpm":180},{"lengthInSteps":16,"sectionNotes":[[16500,3,0],[16687.5,1,0],[17062.5,1,0],[17250,1,0],[17531.25,1,0],[17812.5,1,0],[16875,0,0]],"typeOfSection":0,"mustHitSection":true,"changeBPM":false,"bpm":180},{"lengthInSteps":16,"sectionNotes":[[18000,0,0],[18187.5,1,0],[18375,2,0],[18562.5,1,0],[18750,3,0],[18937.5,1,281.25],[19312.5,2,281.25]],"typeOfSection":0,"mustHitSection":false,"changeBPM":false,"bpm":180},{"lengthInSteps":16,"sectionNotes":[[19687.5,3,281.25],[20062.5,2,281.25],[20437.5,0,0],[20625,2,0],[20812.5,3,0]],"typeOfSection":0,"mustHitSection":false,"changeBPM":false,"bpm":180},{"lengthInSteps":16,"sectionNotes":[[21187.5,1,0],[21375,2,0],[21562.5,1,0],[21937.5,2,0],[22312.5,0,0],[21750,3,0],[21000,0,0]],"typeOfSection":0,"mustHitSection":true,"changeBPM":false,"bpm":180},{"lengthInSteps":16,"sectionNotes":[[22687.5,1,281.25],[23062.5,2,0],[23250,2,0],[23437.5,3,0],[23625,2,0],[23812.5,1,0]],"typeOfSection":0,"mustHitSection":true,"changeBPM":false,"bpm":180},{"lengthInSteps":16,"sectionNotes":[[24000,1,0],[24093.75,2,0],[24187.5,3,0],[24281.25,2,0],[24375,0,0],[24562.5,3,0],[24937.5,3,0],[25312.5,3,0]],"typeOfSection":0,"mustHitSection":false,"changeBPM":false,"bpm":180},{"lengthInSteps":16,"sectionNotes":[[25500,1,0],[25593.75,2,0],[25687.5,3,0],[25781.25,2,0],[25875,0,0],[26062.5,3,0],[26250,2,0],[26437.5,1,0],[26625,2,0],[26812.5,3,0]],"typeOfSection":0,"mustHitSection":false,"changeBPM":false,"bpm":180},{"lengthInSteps":16,"sectionNotes":[[27000,1,0],[27093.75,2,0],[27187.5,3,0],[27281.25,2,0],[27375,0,0],[27562.5,3,0],[27937.5,3,0],[28312.5,3,0]],"typeOfSection":0,"mustHitSection":false,"changeBPM":false,"bpm":180},{"lengthInSteps":16,"sectionNotes":[[28500,1,0],[28593.75,2,0],[28687.5,3,0],[28781.25,2,0],[28875,0,0],[29062.5,3,0],[29250,2,0],[29437.5,1,0],[29625,2,0],[29812.5,3,0]],"typeOfSection":0,"mustHitSection":false,"changeBPM":false,"bpm":180},{"lengthInSteps":16,"sectionNotes":[[30093.75,2,0],[30187.5,1,0],[30375,3,0],[30000,0,0],[30281.25,2,0],[30562.5,1,0],[30937.5,1,0],[31312.5,1,0]],"typeOfSection":0,"mustHitSection":true,"changeBPM":false,"bpm":180},{"lengthInSteps":16,"sectionNotes":[[31781.25,2,0],[31875,0,0],[32812.5,3,0],[32062.5,1,0],[32250,0,0],[32437.5,2,0],[32625,1,0],[31593.75,2,0],[31687.5,1,0],[31500,3,0]],"typeOfSection":0,"mustHitSection":true,"changeBPM":false,"bpm":180},{"lengthInSteps":16,"sectionNotes":[[33093.75,2,0],[33187.5,1,0],[33375,3,0],[33000,0,0],[33281.25,2,0],[33562.5,1,0],[33937.5,1,0],[34312.5,1,0]],"typeOfSection":0,"mustHitSection":true,"changeBPM":false,"bpm":180},{"lengthInSteps":16,"sectionNotes":[[34875,0,0],[35812.5,3,0],[35062.5,1,0],[35250,0,0],[35437.5,2,0],[35625,1,0],[34500,3,0],[34593.75,2,0],[34687.5,1,0],[34781.25,2,0]],"typeOfSection":0,"mustHitSection":true,"changeBPM":false,"bpm":180},{"lengthInSteps":16,"sectionNotes":[[36000,0,0],[36093.75,1,0],[36750,0,0],[36843.75,1,0],[37125,3,0],[37218.75,2,0],[36375,0,0],[36468.75,1,0],[36187.5,3,93.75],[36562.5,3,93.75],[36937.5,2,93.75],[37312.5,1,93.75]],"typeOfSection":0,"mustHitSection":false,"changeBPM":false,"bpm":180},{"lengthInSteps":16,"sectionNotes":[[37500,0,0],[37687.5,0,0],[37968.75,1,0],[38156.25,1,0],[38343.75,2,0],[38531.25,2,0],[38625,0,0],[38718.75,1,0],[37875,3,0],[38062.5,3,0],[37781.25,2,0],[37593.75,2,0],[38437.5,3,0],[38250,0,0],[38812.5,2,93.75]],"typeOfSection":0,"mustHitSection":false,"changeBPM":false,"bpm":180},{"lengthInSteps":16,"sectionNotes":[[39000,3,0],[39187.5,0,0],[39375,2,0],[39562.5,3,0],[39750,0,0],[39843.75,3,0],[40125,1,0],[40218.75,0,0],[39937.5,2,93.75],[40312.5,2,93.75]],"typeOfSection":0,"mustHitSection":false,"changeBPM":false,"bpm":180},{"lengthInSteps":16,"sectionNotes":[[40500,0,0],[40687.5,0,0],[40593.75,2,0],[40781.25,2,0],[41062.5,0,0],[41156.25,2,0],[40968.75,3,0],[40875,1,0],[41250,1,0],[41437.5,1,0],[41343.75,3,0],[41531.25,3,0],[41625,1,93.75],[41812.5,2,93.75]],"typeOfSection":0,"mustHitSection":false,"changeBPM":false,"bpm":180},{"lengthInSteps":16,"sectionNotes":[[42000,0,0],[42750,0,0],[42843.75,1,0],[43125,3,0],[43218.75,2,0],[42187.5,1,0],[42093.75,3,0],[42375,0,0],[42468.75,3,0],[42562.5,1,0],[42937.5,2,93.75],[43312.5,1,93.75]],"typeOfSection":0,"mustHitSection":true,"changeBPM":false,"bpm":180},{"lengthInSteps":16,"sectionNotes":[[43500,3,0],[43593.75,1,0],[43687.5,3,0],[43781.25,1,0],[43875,0,0],[43968.75,2,0],[44062.5,0,0],[44156.25,2,0],[44250,3,0],[44343.75,2,0],[44625,3,0],[44812.5,1,93.75],[44437.5,1,0],[44531.25,0,0],[44718.75,0,0]],"typeOfSection":0,"mustHitSection":true,"changeBPM":false,"bpm":180},{"lengthInSteps":16,"sectionNotes":[[45750,0,0],[45843.75,3,0],[45187.5,3,0],[45375,0,0],[45562.5,1,0],[45937.5,2,93.75],[46125,0,0],[46218.75,3,0],[46312.5,2,93.75],[45000,2,0]],"typeOfSection":0,"mustHitSection":true,"changeBPM":false,"bpm":180},{"lengthInSteps":16,"sectionNotes":[[46500,3,0],[46593.75,1,0],[46687.5,3,0],[46781.25,1,0],[47062.5,3,0],[46968.75,1,0],[46875,0,0],[47156.25,0,0],[47625,2,93.75],[47812.5,1,93.75],[47343.75,1,0],[47531.25,1,0],[47437.5,3,0],[47250,3,0]],"typeOfSection":0,"mustHitSection":true,"changeBPM":false,"bpm":180},{"lengthInSteps":16,"sectionNotes":[[48187.5,2,0],[48000,3,0],[48093.75,0,0],[48281.25,3,0],[48375,1,93.75],[48562.5,3,0],[48937.5,2,0],[48750,0,0],[49125,3,0],[49312.5,1,0]],"typeOfSection":0,"mustHitSection":true,"changeBPM":false,"bpm":180},{"lengthInSteps":16,"sectionNotes":[[49500,0,0],[49781.25,1,0],[50062.5,2,0],[50343.75,3,0],[50625,2,0],[50812.5,3,0],[49500,5,0],[49781.25,7,0],[50062.5,5,0],[50343.75,6,0],[50625,4,0],[50812.5,6,0]],"typeOfSection":0,"mustHitSection":false,"changeBPM":false,"bpm":180},{"lengthInSteps":16,"sectionNotes":[[51843,7,0],[51187,7,0],[51562,5,0],[51937,6,93],[52125,4,0],[52218,7,0],[52312,6,93],[51000,6,0],[51750,4,0],[51843.75,0,0],[51937.5,1,93.75],[52312.5,1,93.75],[52218.75,0,0],[51187.5,1,0],[51562.5,2,0],[52125,3,0],[51000,0,0],[51375,4,0],[51750,3,0],[51375,0,0]],"typeOfSection":0,"mustHitSection":false,"changeBPM":false,"bpm":180},{"lengthInSteps":16,"sectionNotes":[[52500,3,0],[52687.5,1,0],[52875,2,0],[53062.5,1,0],[53250,0,0],[53437.5,1,0],[53625,2,0],[53812.5,1,0]],"typeOfSection":0,"mustHitSection":true,"changeBPM":false,"bpm":180},{"lengthInSteps":16,"sectionNotes":[[54000,3,0],[54093.75,2,0],[54187.5,1,0],[54281.25,0,0],[54375,3,0],[54468.75,1,0],[54562.5,3,0],[54656.25,1,0],[54750,0,0],[54937.5,2,0],[55125,3,0],[55312.5,1,0]],"typeOfSection":0,"mustHitSection":true,"changeBPM":false,"bpm":180},{"lengthInSteps":16,"sectionNotes":[[55500,3,0],[55593.75,2,0],[55687.5,0,0],[55781.25,1,0],[55875,2,0],[55968.75,3,0],[56062.5,1,0],[56156.25,0,0],[56250,1,0],[56437.5,2,0],[56625,1,0],[56812.5,3,0]],"typeOfSection":0,"mustHitSection":true,"changeBPM":false,"bpm":180},{"lengthInSteps":16,"sectionNotes":[[57000,1,0],[57187.5,1,0],[57375,1,0],[57468.75,0,0],[57562.5,1,0],[57656.25,3,0],[57750,2,0],[57093.75,0,0],[57281.25,2,0],[57937.5,1,0],[58125,0,0],[58312.5,3,0]],"typeOfSection":0,"mustHitSection":true,"changeBPM":false,"bpm":180},{"lengthInSteps":16,"sectionNotes":[[58500,2,0],[58687.5,1,0],[58875,0,0],[59062.5,3,0],[59250,1,0],[59437.5,0,0],[59625,1,281.25]],"typeOfSection":0,"mustHitSection":true,"changeBPM":false,"bpm":180},{"lengthInSteps":16,"sectionNotes":[[60000,2,281.25],[60375,3,281.25],[60750,0,281.25],[61125,1,281.25]],"typeOfSection":0,"mustHitSection":false,"changeBPM":false,"bpm":180},{"lengthInSteps":16,"sectionNotes":[[61500,3,0],[61687.5,1,0],[61875,2,0],[62062.5,0,0],[62250,3,0],[62437.5,2,0],[62625,3,0],[62812.5,3,0]],"typeOfSection":0,"mustHitSection":false,"changeBPM":false,"bpm":180},{"lengthInSteps":16,"sectionNotes":[[63000,0,0],[63187.5,2,0],[63375,1,0],[63562.5,3,0],[63750,0,0],[63937.5,2,0],[64125,3,0],[64312.5,2,0]],"typeOfSection":0,"mustHitSection":false,"changeBPM":false,"bpm":180},{"lengthInSteps":16,"sectionNotes":[[64500,2,0],[64687.5,3,0],[64875,1,0],[65062.5,3,0],[65250,0,0],[65437.5,2,0],[65625,1,0],[65812.5,1,0]],"typeOfSection":0,"mustHitSection":false,"changeBPM":false,"bpm":180},{"lengthInSteps":16,"sectionNotes":[[67125,1,281.25],[66375,1,281.25],[66000,0,0],[66750,3,281.25]],"typeOfSection":0,"mustHitSection":true,"changeBPM":false,"bpm":180},{"lengthInSteps":16,"sectionNotes":[[68437.5,2,0],[67500,0,0],[67687.5,2,0],[67875,1,0],[68062.5,3,0],[68250,1,0],[68625,1,0],[68812.5,1,0]],"typeOfSection":0,"mustHitSection":true,"changeBPM":false,"bpm":180},{"lengthInSteps":16,"sectionNotes":[[69000,3,0],[69187.5,1,0],[69375,0,0],[69562.5,1,0],[69750,3,0],[69937.5,1,0],[70125,2,0],[70312.5,1,0]],"typeOfSection":0,"mustHitSection":true,"changeBPM":false,"bpm":180},{"lengthInSteps":16,"sectionNotes":[[70500,1,0],[70687.5,0,0],[70875,2,0],[71062.5,3,0],[71250,1,0],[71437.5,0,0],[71625,1,0],[71812.5,1,0]],"typeOfSection":0,"mustHitSection":true,"changeBPM":false,"bpm":180},{"lengthInSteps":16,"sectionNotes":[[72000,3,281.25],[72375,1,281.25],[72843.75,0,0],[72937.5,3,93.75],[72000,7,281.25],[72375,6,0],[72750,2,0],[72750,4,0],[73125,5,281.25],[73125,1,281.25]],"typeOfSection":0,"mustHitSection":false,"changeBPM":false,"bpm":180},{"lengthInSteps":16,"sectionNotes":[[73781.25,1,0],[74625,5,0],[74812.5,4,0],[73500,2,0],[73687.5,2,0],[73593.75,3,0],[73875,2,0],[74062.5,2,0],[74343.75,3,187.5],[74343.75,7,187.5],[74156.25,1,93.75],[74625,1,0],[74812.5,3,0],[73687.5,5,0],[73781.25,7,0],[74062.5,5,0],[73593.75,6,0],[73968.75,6,0],[74156.25,4,93.75],[73500,4,0],[73875,5,0]],"typeOfSection":0,"mustHitSection":false,"changeBPM":false,"bpm":180},{"lengthInSteps":16,"sectionNotes":[[75375,6,93.75],[75562.5,4,93.75],[75750,7,281.25],[76125,6,281.25],[75000,7,93.75],[75187.5,5,93.75],[75093.75,2,0],[75000,3,0],[75187.5,0,0],[75281.25,1,0],[75375,2,0],[75468.75,3,0],[75562.5,0,0],[75656.25,1,0],[75750,3,0],[75937.5,2,0],[76125,3,0],[76312.5,2,0]],"typeOfSection":0,"mustHitSection":true,"changeBPM":false,"bpm":180},{"lengthInSteps":16,"sectionNotes":[[76500,0,281.25],[77250,0,281.25],[77625,1,281.25],[76875,3,281.25],[76500,5,281.25],[76875,7,281.25],[77250,5,281.25],[77625,4,0]],"typeOfSection":0,"mustHitSection":false,"changeBPM":false,"bpm":180},{"lengthInSteps":16,"sectionNotes":[[78000,1,0],[78187.5,0,0],[78375,2,0],[78562.5,3,0],[78750,2,0],[78937.5,3,0],[79125,1,0],[79312.5,0,0]],"typeOfSection":0,"mustHitSection":true,"changeBPM":false,"bpm":180},{"lengthInSteps":16,"sectionNotes":[[79500,2,0],[79687.5,3,0],[79875,1,0],[80062.5,0,0],[80250,3,0],[80437.5,1,0],[80625,2,0],[80812.5,0,0]],"typeOfSection":0,"mustHitSection":true,"changeBPM":false,"bpm":180},{"lengthInSteps":16,"sectionNotes":[[81000,1,0],[81187.5,3,0],[81375,2,0],[81562.5,1,0],[81750,3,0],[81937.5,2,0],[82125,1,0],[82312.5,0,0]],"typeOfSection":0,"mustHitSection":true,"changeBPM":false,"bpm":180},{"lengthInSteps":16,"sectionNotes":[[82500,0,0],[82687.5,1,0],[82875,0,0],[83062.5,1,0],[83250,2,0],[83437.5,3,0],[83625,0,0],[83812.5,2,0]],"typeOfSection":0,"mustHitSection":true,"changeBPM":false,"bpm":180},{"lengthInSteps":16,"sectionNotes":[[84000,0,0],[84093.75,1,0],[84750,0,0],[84843.75,1,0],[85125,3,0],[85218.75,2,0],[84375,0,0],[84468.75,1,0],[84187.5,3,93.75],[84562.5,3,93.75],[84937.5,2,93.75],[85312.5,1,93.75]],"typeOfSection":0,"mustHitSection":false,"changeBPM":false,"bpm":180},{"lengthInSteps":16,"sectionNotes":[[85500,0,0],[85687.5,0,0],[85968.75,1,0],[86156.25,1,0],[86343.75,2,0],[86531.25,2,0],[86625,0,0],[86718.75,1,0],[85875,3,0],[86062.5,3,0],[85781.25,2,0],[85593.75,2,0],[86437.5,3,0],[86250,0,0],[86812.5,2,93.75]],"typeOfSection":0,"mustHitSection":false,"changeBPM":false,"bpm":180},{"lengthInSteps":16,"sectionNotes":[[87000,3,0],[87187.5,0,0],[87375,2,0],[87562.5,3,0],[87750,0,0],[87843.75,3,0],[88125,1,0],[88218.75,0,0],[87937.5,2,93.75],[88312.5,2,93.75]],"typeOfSection":0,"mustHitSection":false,"changeBPM":false,"bpm":180},{"lengthInSteps":16,"sectionNotes":[[88500,0,0],[88687.5,0,0],[88593.75,2,0],[88781.25,2,0],[89062.5,0,0],[89156.25,2,0],[88968.75,3,0],[88875,1,0],[89250,1,0],[89437.5,1,0],[89343.75,3,0],[89531.25,3,0],[89625,1,93.75],[89812.5,2,93.75]],"typeOfSection":0,"mustHitSection":false,"changeBPM":false,"bpm":180},{"lengthInSteps":16,"sectionNotes":[[90000,0,0],[90750,0,0],[90843.75,1,0],[91125,3,0],[91218.75,2,0],[90187.5,1,0],[90093.75,3,0],[90375,0,0],[90468.75,3,0],[90562.5,1,0],[90937.5,2,93.75],[91312.5,1,93.75]],"typeOfSection":0,"mustHitSection":true,"changeBPM":false,"bpm":180},{"lengthInSteps":16,"sectionNotes":[[91500,3,0],[91593.75,1,0],[91687.5,3,0],[91781.25,1,0],[91875,0,0],[91968.75,2,0],[92062.5,0,0],[92156.25,2,0],[92250,3,0],[92343.75,2,0],[92625,3,0],[92812.5,1,93.75],[92437.5,1,0],[92531.25,0,0],[92718.75,0,0]],"typeOfSection":0,"mustHitSection":true,"changeBPM":false,"bpm":180},{"lengthInSteps":16,"sectionNotes":[[93750,0,0],[93843.75,3,0],[93187.5,3,0],[93375,0,0],[93562.5,1,0],[93937.5,2,93.75],[94125,0,0],[94218.75,3,0],[94312.5,2,93.75],[93000,2,0]],"typeOfSection":0,"mustHitSection":true,"changeBPM":false,"bpm":180},{"lengthInSteps":16,"sectionNotes":[[94500,3,0],[94593.75,1,0],[94687.5,3,0],[94781.25,1,0],[95062.5,3,0],[94968.75,1,0],[94875,0,0],[95156.25,0,0],[95625,2,93.75],[95812.5,1,93.75],[95343.75,1,0],[95531.25,1,0],[95437.5,3,0],[95250,3,0]],"typeOfSection":0,"mustHitSection":true,"changeBPM":false,"bpm":160},{"lengthInSteps":16,"sectionNotes":[[96187.5,2,0],[96000,3,0],[96093.75,0,0],[96281.25,3,0],[96375,1,93.75],[96562.5,3,0],[96937.5,2,0],[96750,0,0],[97125,3,0],[97312.5,1,0]],"typeOfSection":0,"mustHitSection":true,"changeBPM":false,"bpm":180},{"lengthInSteps":16,"sectionNotes":[[97500,0,0],[97781.25,1,0],[98062.5,2,0],[98343.75,3,0],[98625,2,0],[98812.5,3,0],[97500,5,0],[97781.25,7,0],[98062.5,5,0],[98343.75,6,0],[98625,4,0],[98812.5,6,0]],"typeOfSection":0,"mustHitSection":false,"changeBPM":false,"bpm":180},{"lengthInSteps":16,"sectionNotes":[[99843,7,0],[99187,7,0],[99562,5,0],[99937,6,93],[100125,4,0],[100218,7,0],[100312,6,93],[99000,6,0],[99750,4,0],[99843.75,0,0],[99937.5,1,93.75],[100312.5,1,93.75],[100218.75,0,0],[99187.5,1,0],[99562.5,2,0],[100125,3,0],[99000,0,0],[99375,4,0],[99750,3,0],[99375,0,0]],"typeOfSection":0,"mustHitSection":true,"changeBPM":false,"bpm":180},{"lengthInSteps":16,"sectionNotes":[[100500,3,0],[100687.5,1,0],[100875,2,0],[101062.5,1,0],[101250,0,0],[101437.5,1,0],[101625,2,0],[101812.5,1,0]],"typeOfSection":0,"mustHitSection":true,"changeBPM":false,"bpm":180},{"lengthInSteps":16,"sectionNotes":[[102000,3,0],[102093.75,2,0],[102187.5,1,0],[102281.25,0,0],[102375,3,0],[102468.75,1,0],[102562.5,3,0],[102656.25,1,0],[102750,0,0],[102937.5,2,0],[103125,3,0],[103312.5,1,0]],"typeOfSection":0,"mustHitSection":true,"changeBPM":false,"bpm":180},{"lengthInSteps":16,"sectionNotes":[[103500,3,0],[103593.75,2,0],[103687.5,0,0],[103781.25,1,0],[103875,2,0],[103968.75,3,0],[104062.5,1,0],[104156.25,0,0],[104250,1,0],[104437.5,2,0],[104625,1,0],[104812.5,3,0]],"typeOfSection":0,"mustHitSection":true,"changeBPM":false,"bpm":180},{"lengthInSteps":16,"sectionNotes":[[105000,1,0],[105187.5,1,0],[105375,1,0],[105468.75,0,0],[105562.5,1,0],[105656.25,3,0],[105750,2,0],[105093.75,0,0],[105281.25,2,0],[105937.5,1,0],[106125,0,0],[106312.5,3,0]],"typeOfSection":0,"mustHitSection":true,"changeBPM":false,"bpm":180},{"lengthInSteps":16,"sectionNotes":[[106500,2,0],[106687.5,1,0],[106875,0,0],[107062.5,3,0],[107250,1,0],[107437.5,0,0],[107625,3,281.25]],"typeOfSection":0,"mustHitSection":true,"changeBPM":false,"bpm":180},{"lengthInSteps":16,"sectionNotes":[[108000,1,0],[108187.5,3,0],[108375,1,0],[108562.5,3,0],[108750,1,0],[109125,1,0],[109312.5,2,0],[108937.5,0,0]],"typeOfSection":0,"mustHitSection":true,"changeBPM":false,"bpm":180},{"lengthInSteps":16,"sectionNotes":[[109500,0,0],[109687.5,2,0],[109875,1,0],[110062.5,3,0],[110812.5,7,0],[110625,5,0],[110437.5,4,0],[110250,5,0]],"typeOfSection":0,"mustHitSection":false,"changeBPM":false,"bpm":180},{"lengthInSteps":16,"sectionNotes":[[111000,1,0],[111187.5,1,0],[111375,2,0],[111468.75,3,0],[111656.25,3,0],[111562.5,1,0],[111281.25,0,0],[111093.75,0,0],[111843.75,6,0],[111937.5,7,0],[112031.25,6,0],[112125,5,0],[112218.75,4,0],[112312.5,6,0],[112406.25,4,0],[111750,4,0]],"typeOfSection":0,"mustHitSection":true,"changeBPM":false,"bpm":180},{"lengthInSteps":16,"sectionNotes":[[112500,1,0],[112875,3,0],[112687.5,0,0],[113062.5,1,0],[113250,1,0],[113343.75,0,0],[113437.5,1,0],[113531.25,0,0],[113625,2,0],[113718.75,3,0],[113906.25,3,0],[113812.5,1,0]],"typeOfSection":0,"mustHitSection":true,"changeBPM":false,"bpm":180},{"lengthInSteps":16,"sectionNotes":[[114000,0,0],[114187.5,3,0],[114375,1,0],[114562.5,3,0],[114750,5,0],[114937.5,4,0],[115312.5,7,0],[115125,5,93.75]],"typeOfSection":0,"mustHitSection":false,"changeBPM":false,"bpm":180},{"lengthInSteps":16,"sectionNotes":[[115500,1,0],[115593.75,0,0],[115687.5,1,0],[115781.25,3,0],[116156.25,4,0],[115875,6,0],[115968.75,7,0],[116062.5,5,0],[116250,6,0],[116437.5,6,0],[116625,4,0],[116812.5,6,0]],"typeOfSection":0,"mustHitSection":true,"changeBPM":false,"bpm":180},{"lengthInSteps":16,"sectionNotes":[[117000,2,0],[117281,2,0],[117562,3,0],[117843,0,0],[118125,1,0],[118312,1,0],[117000,5,0],[117281.25,4,0],[117843.75,7,0],[117562.5,5,0],[118125,5,0],[118312.5,5,0]],"typeOfSection":0,"mustHitSection":false,"changeBPM":false,"bpm":180},{"lengthInSteps":16,"sectionNotes":[[118593.75,7,0],[118687.5,6,0],[118781.25,7,0],[119156.25,4,0],[119062.5,6,0],[118500,6,0],[118875,5,0],[118968.75,7,0],[119250,1,0],[119343.75,3,0],[119437.5,1,0],[119531.25,3,0],[119625,1,0],[119718.75,2,0],[119812.5,0,0],[119906.25,3,0]],"typeOfSection":0,"mustHitSection":true,"changeBPM":false,"bpm":180},{"lengthInSteps":16,"sectionNotes":[[120187.5,6,0],[120750,5,93.75],[120937.5,7,93.75],[121125,5,93.75],[121312.5,7,93.75],[120562.5,6,0],[120000,5,0],[120375,5,0],[120000,3,0],[120281.25,1,0],[120562.5,2,0],[120843.75,3,0],[121125,0,93.75],[121312.5,3,93.75]],"typeOfSection":0,"mustHitSection":false,"changeBPM":false,"bpm":180},{"lengthInSteps":16,"sectionNotes":[[121500,7,0],[121781,5,0],[122343,7,0],[122062,6,0],[122625,6,93.75],[122812.5,7,93.75],[121500,1,0],[121687.5,0,0],[121875,1,0],[122062.5,1,0],[122250,2,0],[122437.5,1,0],[122625,3,0],[122812.5,1,0]],"typeOfSection":0,"mustHitSection":true,"changeBPM":false,"bpm":180},{"lengthInSteps":16,"sectionNotes":[[123281.25,0,0],[123562.5,2,0],[123000,1,0],[123843.75,3,0],[124125,1,93.75],[124312.5,3,93.75],[123000,7,0],[123187.5,5,0],[123375,4,0],[123562.5,5,0],[123750,7,0],[123937.5,6,0],[124125,4,0],[124312.5,5,0]],"typeOfSection":0,"mustHitSection":false,"changeBPM":false,"bpm":180},{"lengthInSteps":16,"sectionNotes":[[124500,3,0],[124593.75,2,0],[124687.5,0,0],[124781.25,1,0],[124875,3,93.75],[125062.5,1,0],[125250,0,0],[125437.5,2,0],[125625,3,0],[125812.5,1,0],[124500,7,0],[124781.25,4,0],[125062.5,6,0],[125343.75,4,0],[125625,7,0],[125812.5,5,0]],"typeOfSection":0,"mustHitSection":true,"changeBPM":false,"bpm":180},{"lengthInSteps":16,"sectionNotes":[[126281.25,0,0],[126000,1,187.5],[126562.5,2,0],[126843.75,3,0],[127125,1,93.75],[127312.5,0,0]],"typeOfSection":0,"mustHitSection":true,"changeBPM":false,"bpm":180},{"lengthInSteps":16,"sectionNotes":[[127500,1,0],[127687.5,1,0],[128062.5,1,0],[128437.5,1,0],[128625,3,0],[128812.5,1,0],[128250,2,0],[127875,3,0]],"typeOfSection":0,"mustHitSection":true,"changeBPM":false,"bpm":180},{"lengthInSteps":16,"sectionNotes":[[129000,1,0],[129187.5,1,0],[129281.25,3,0],[129375,2,0],[129562.5,2,0],[129656.25,0,0],[129750,1,93.75],[129937.5,3,93.75],[130125,1,93.75],[130312.5,3,93.75]],"typeOfSection":0,"mustHitSection":true,"changeBPM":false,"bpm":180},{"lengthInSteps":16,"sectionNotes":[[130500,1,0],[130687.5,0,0],[130875,3,0],[131062.5,1,0],[131250,3,0],[131437.5,2,0],[131625,0,0],[131812.5,1,0]],"typeOfSection":0,"mustHitSection":true,"changeBPM":false,"bpm":180},{"lengthInSteps":16,"sectionNotes":[[132000,0,0],[132093.75,1,0],[132750,0,0],[132843.75,1,0],[133125,3,0],[133218.75,2,0],[132375,0,0],[132468.75,1,0],[132187.5,3,93.75],[132562.5,3,93.75],[132937.5,2,93.75],[133312.5,1,93.75]],"typeOfSection":0,"mustHitSection":false,"changeBPM":false,"bpm":180},{"lengthInSteps":16,"sectionNotes":[[133500,0,0],[133687.5,0,0],[133968.75,1,0],[134156.25,1,0],[134343.75,2,0],[134531.25,2,0],[134625,0,0],[134718.75,1,0],[133875,3,0],[134062.5,3,0],[133781.25,2,0],[133593.75,2,0],[134437.5,3,0],[134250,0,0],[134812.5,2,93.75]],"typeOfSection":0,"mustHitSection":false,"changeBPM":false,"bpm":180},{"lengthInSteps":16,"sectionNotes":[[135000,3,0],[135187.5,0,0],[135375,2,0],[135562.5,3,0],[135750,0,0],[135843.75,3,0],[136125,1,0],[136218.75,0,0],[135937.5,2,93.75],[136312.5,2,93.75]],"typeOfSection":0,"mustHitSection":false,"changeBPM":false,"bpm":180},{"lengthInSteps":16,"sectionNotes":[[136500,0,0],[136687.5,0,0],[136593.75,2,0],[136781.25,2,0],[137062.5,0,0],[137156.25,2,0],[136968.75,3,0],[136875,1,0],[137250,1,0],[137437.5,1,0],[137343.75,3,0],[137531.25,3,0],[137625,1,93.75],[137812.5,2,93.75]],"typeOfSection":0,"mustHitSection":false,"changeBPM":false,"bpm":180},{"lengthInSteps":16,"sectionNotes":[[138000,0,0],[138750,0,0],[138843.75,1,0],[139125,3,0],[139218.75,2,0],[138187.5,1,0],[138093.75,3,0],[138375,0,0],[138468.75,3,0],[138562.5,1,0],[138937.5,2,93.75],[139312.5,1,93.75]],"typeOfSection":0,"mustHitSection":true,"changeBPM":false,"bpm":180},{"lengthInSteps":16,"sectionNotes":[[139500,3,0],[139593.75,1,0],[139687.5,3,0],[139781.25,1,0],[139875,0,0],[139968.75,2,0],[140062.5,0,0],[140156.25,2,0],[140250,3,0],[140343.75,2,0],[140625,3,0],[140812.5,1,93.75],[140437.5,1,0],[140531.25,0,0],[140718.75,0,0]],"typeOfSection":0,"mustHitSection":true,"changeBPM":false,"bpm":180},{"lengthInSteps":16,"sectionNotes":[[141750,0,0],[141843.75,3,0],[141187.5,3,0],[141375,0,0],[141562.5,1,0],[141937.5,2,93.75],[142125,0,0],[142218.75,3,0],[142312.5,2,93.75],[141000,2,0]],"typeOfSection":0,"mustHitSection":true,"changeBPM":false,"bpm":180},{"lengthInSteps":16,"sectionNotes":[[142500,3,0],[142593.75,1,0],[142687.5,3,0],[142781.25,1,0],[143062.5,3,0],[142968.75,1,0],[142875,0,0],[143156.25,0,0],[143625,2,93.75],[143812.5,1,93.75],[143343.75,1,0],[143531.25,1,0],[143437.5,3,0],[143250,3,0]],"typeOfSection":0,"mustHitSection":true,"changeBPM":false,"bpm":180},{"altAnimNum":0,"sectionNotes":[[144187.5,2,0],[144000,3,0],[144093.75,0,0],[144281.25,3,0],[144375,1,93.75],[144562.5,3,0],[144937.5,2,0],[144750,0,0],[145125,3,0],[145312.5,1,0]],"typeOfSection":0,"lengthInSteps":16,"altAnim":false,"mustHitSection":true,"changeBPM":false,"bpm":180},{"altAnimNum":0,"sectionNotes":[[145500,0,0],[145781.25,1,0],[146062.5,2,0],[146343.75,3,0],[146625,2,0],[146812.5,3,0],[145500,5,0],[145781.25,7,0],[146062.5,5,0],[146343.75,6,0],[146625,4,0],[146812.5,6,0]],"typeOfSection":0,"lengthInSteps":16,"altAnim":false,"mustHitSection":false,"changeBPM":false,"bpm":160},{"altAnimNum":0,"sectionNotes":[[147843,7,0],[147187,7,0],[147562,5,0],[147937,6,93],[148125,4,0],[148218,7,0],[148312,6,93],[147000,6,0],[147750,4,0],[147843.75,0,0],[147937.5,1,93.75],[148312.5,1,93.75],[148218.75,0,0],[147187.5,1,0],[147562.5,2,0],[148125,3,0],[147000,0,0],[147375,4,0],[147750,3,0],[147375,0,0]],"typeOfSection":0,"lengthInSteps":16,"altAnim":false,"mustHitSection":true,"changeBPM":false,"bpm":160},{"altAnimNum":0,"sectionNotes":[[148500,3,0],[148687.5,1,0],[148875,2,0],[149062.5,1,0],[149250,0,0],[149437.5,1,0],[149625,2,0],[149812.5,1,0]],"typeOfSection":0,"lengthInSteps":16,"altAnim":false,"mustHitSection":true,"changeBPM":false,"bpm":160},{"lengthInSteps":16,"typeOfSection":0,"sectionNotes":[[150000,3,0],[150093.75,2,0],[150187.5,1,0],[150281.25,0,0],[150375,3,0],[150468.75,1,0],[150562.5,3,0],[150656.25,1,0],[150750,0,0],[150937.5,2,0],[151125,3,0],[151312.5,1,0]],"altAnimNum":0,"altAnim":false,"bpm":160,"changeBPM":false,"mustHitSection":true},{"lengthInSteps":16,"typeOfSection":0,"sectionNotes":[[151500,3,0],[151593.75,2,0],[151687.5,0,0],[151781.25,1,0],[151875,2,0],[151968.75,3,0],[152062.5,1,0],[152156.25,0,0],[152250,1,0],[152437.5,2,0],[152625,1,0],[152812.5,3,0]],"altAnimNum":0,"altAnim":false,"bpm":160,"changeBPM":false,"mustHitSection":true},{"sectionNotes":[[153000,1,0],[153187.5,1,0],[153375,1,0],[153468.75,0,0],[153562.5,1,0],[153656.25,3,0],[153750,2,0],[153093.75,0,0],[153281.25,2,0],[153937.5,1,0],[154125,0,0],[154312.5,3,0]],"typeOfSection":0,"lengthInSteps":16,"altAnim":false,"mustHitSection":true,"changeBPM":false,"bpm":160},{"sectionNotes":[[154500,2,0],[154687.5,1,0],[154875,0,0],[155062.5,3,0],[155250,1,0],[155437.5,0,0],[155625,3,281.25]],"typeOfSection":0,"lengthInSteps":16,"altAnim":false,"mustHitSection":true,"changeBPM":false,"bpm":160},{"sectionNotes":[],"typeOfSection":0,"lengthInSteps":16,"altAnim":false,"mustHitSection":true,"changeBPM":false,"bpm":160},{"sectionNotes":[],"typeOfSection":0,"lengthInSteps":16,"altAnim":false,"mustHitSection":true,"changeBPM":false,"bpm":160},{"sectionNotes":[],"typeOfSection":0,"lengthInSteps":16,"altAnim":false,"mustHitSection":true,"changeBPM":false,"bpm":160},{"sectionNotes":[],"typeOfSection":0,"lengthInSteps":16,"altAnim":false,"mustHitSection":true,"changeBPM":false,"bpm":160},{"sectionNotes":[],"typeOfSection":0,"lengthInSteps":16,"altAnim":false,"mustHitSection":true,"changeBPM":false,"bpm":160},{"sectionNotes":[],"typeOfSection":0,"lengthInSteps":16,"altAnim":false,"mustHitSection":true,"changeBPM":false,"bpm":160},{"lengthInSteps":16,"typeOfSection":0,"sectionNotes":[],"altAnim":false,"bpm":160,"changeBPM":false,"mustHitSection":true},{"lengthInSteps":16,"typeOfSection":0,"sectionNotes":[],"altAnim":false,"bpm":160,"changeBPM":false,"mustHitSection":true},{"lengthInSteps":16,"typeOfSection":0,"sectionNotes":[],"altAnim":false,"bpm":160,"changeBPM":false,"mustHitSection":true},{"lengthInSteps":16,"typeOfSection":0,"sectionNotes":[],"altAnim":false,"bpm":160,"changeBPM":false,"mustHitSection":true},{"lengthInSteps":16,"typeOfSection":0,"sectionNotes":[],"altAnim":false,"bpm":160,"changeBPM":false,"mustHitSection":true},{"lengthInSteps":16,"typeOfSection":0,"sectionNotes":[],"altAnim":false,"bpm":160,"changeBPM":false,"mustHitSection":true},{"lengthInSteps":16,"typeOfSection":0,"sectionNotes":[],"altAnim":false,"bpm":160,"changeBPM":false,"mustHitSection":true},{"sectionNotes":[],"typeOfSection":0,"lengthInSteps":16,"altAnim":false,"mustHitSection":true,"changeBPM":false,"bpm":160},{"lengthInSteps":16,"altAnim":false,"typeOfSection":0,"sectionNotes":[],"bpm":160,"changeBPM":false,"mustHitSection":true},{"lengthInSteps":16,"altAnim":false,"typeOfSection":0,"sectionNotes":[],"bpm":160,"changeBPM":false,"mustHitSection":true}],"isHey":false,"cutsceneType":"none","isSpooky":false,"song":"Throw-it-back","validScore":true,"speed":2.8,"sectionLengths":[],"isMoody":false,"gfVersion":"gf-carnight","uiType":"normal","needsVoices":true,"sections":0,"stage":"limonight","bpm":160,"gf":"gf-car"}}