{"song":{"player1":"bf","notes":[{"sectionNotes":[],"lengthInSteps":16,"mustHitSection":true},{"sectionNotes":[],"lengthInSteps":16,"mustHitSection":true},{"sectionNotes":[[2914.28564,2,0],[3428.57129,1,257.142853],[3771.42847,3,171.428574]],"lengthInSteps":16,"mustHitSection":false},{"sectionNotes":[[4285.71436,2,0],[4800,1,257.142853],[5142.857,3,171.428574]],"lengthInSteps":16,"mustHitSection":false},{"sectionNotes":[[5657.14258,2,0],[6171.42871,1,257.142853],[6514.28564,3,171.428574]],"lengthInSteps":16,"mustHitSection":false},{"sectionNotes":[[6857.14258,0,0],[7200,2,0],[7542.857,2,0],[7885.71436,0,0]],"lengthInSteps":16,"mustHitSection":false},{"sectionNotes":[[8400,2,0],[8914.285,1,257.142853],[9257.143,3,171.428574]],"lengthInSteps":16,"mustHitSection":true},{"sectionNotes":[[9771.429,2,0],[10285.7139,1,257.142853],[10628.5713,3,171.428574]],"lengthInSteps":16,"mustHitSection":true},{"sectionNotes":[[11142.8574,2,0],[11657.1426,1,257.142853],[12000,3,171.428574]],"lengthInSteps":16,"mustHitSection":true},{"sectionNotes":[[12342.8574,0,0],[12685.7139,2,0],[13028.5713,2,0],[13371.4287,0,0]],"lengthInSteps":16,"mustHitSection":true},{"sectionNotes":[[14057.1426,2,0],[14400,0,0]],"lengthInSteps":16,"mustHitSection":false},{"sectionNotes":[[15428.5713,3,0],[15771.4287,2,0],[16285.7139,1,0]],"lengthInSteps":16,"mustHitSection":false},{"sectionNotes":[[16800,3,0],[17142.8574,0,0],[17485.7148,3,0]],"lengthInSteps":16,"mustHitSection":false},{"sectionNotes":[[17828.57,3,0],[18171.4277,1,0],[18514.2852,3,0]],"lengthInSteps":16,"mustHitSection":false},{"sectionNotes":[[19542.8574,2,0],[19885.7148,0,0]],"lengthInSteps":16,"mustHitSection":true},{"sectionNotes":[[20914.2852,3,0],[21257.1426,2,0],[21771.4277,1,0]],"lengthInSteps":16,"mustHitSection":true},{"sectionNotes":[[22285.7148,3,0],[22628.57,0,0],[22971.4277,3,0]],"lengthInSteps":16,"mustHitSection":true},{"sectionNotes":[[23314.2852,3,0],[23657.1426,1,0],[24000,3,0]],"lengthInSteps":16,"mustHitSection":true},{"sectionNotes":[[24685.7148,2,0],[25371.4277,0,0],[25714.2852,3,0]],"lengthInSteps":16,"mustHitSection":false},{"sectionNotes":[[26400,3,0],[26742.8574,2,0],[27257.1426,1,0]],"lengthInSteps":16,"mustHitSection":false},{"sectionNotes":[[27771.4277,3,0],[28114.2852,0,0],[28457.1426,3,0]],"lengthInSteps":16,"mustHitSection":false},{"sectionNotes":[[28800,3,0],[29142.8574,1,0],[29485.7148,3,0]],"lengthInSteps":16,"mustHitSection":false},{"sectionNotes":[[30171.4277,2,0],[30857.1426,0,0],[31200,3,0]],"lengthInSteps":16,"mustHitSection":true},{"sectionNotes":[[31885.7148,3,0],[32228.57,2,0],[32742.8574,1,0]],"lengthInSteps":16,"mustHitSection":true},{"sectionNotes":[[33257.14,3,0],[33600,0,0],[33942.8555,3,0]],"lengthInSteps":16,"mustHitSection":true},{"sectionNotes":[[34285.7148,3,0],[34628.57,1,0],[34971.43,3,0]],"lengthInSteps":16,"mustHitSection":true},{"sectionNotes":[[35657.14,2,0],[36342.8555,2,0],[36685.7148,0,0]],"lengthInSteps":16,"mustHitSection":false},{"sectionNotes":[[37028.57,2,0],[37714.2852,2,0],[38057.14,0,0]],"lengthInSteps":16,"mustHitSection":false},{"sectionNotes":[[38400,2,0],[39085.7148,2,0],[39428.57,0,0]],"lengthInSteps":16,"mustHitSection":false},{"sectionNotes":[[39771.43,2,0],[40457.14,2,0],[40800,0,0]],"lengthInSteps":16,"mustHitSection":false},{"sectionNotes":[[41142.8555,2,0],[41828.57,2,0],[42171.43,0,0]],"lengthInSteps":16,"mustHitSection":true},{"sectionNotes":[[42514.2852,2,0],[43200,2,0],[43542.8555,0,0]],"lengthInSteps":16,"mustHitSection":true},{"sectionNotes":[[43885.7148,2,0],[44571.43,2,0],[44914.2852,0,0]],"lengthInSteps":16,"mustHitSection":true},{"sectionNotes":[[45257.14,2,0],[45942.8555,2,0],[46285.7148,0,0]],"lengthInSteps":16,"mustHitSection":true},{"sectionNotes":[[46628.57,2,0],[47314.2852,2,0],[47657.14,0,0]],"lengthInSteps":16,"mustHitSection":false},{"sectionNotes":[[48000,2,0],[48685.7148,2,0],[49028.57,0,0]],"lengthInSteps":16,"mustHitSection":false},{"sectionNotes":[[49371.43,2,0],[50057.14,2,0],[50400,0,0]],"lengthInSteps":16,"mustHitSection":false},{"sectionNotes":[[50742.8555,3,0],[51428.57,2,0],[51771.43,0,0]],"lengthInSteps":16,"mustHitSection":false},{"sectionNotes":[[52114.2852,2,0],[52800,2,0],[53142.8555,0,0]],"lengthInSteps":16,"mustHitSection":true},{"sectionNotes":[[53485.7148,2,0],[54171.43,2,0],[54514.2852,0,0]],"lengthInSteps":16,"mustHitSection":true},{"sectionNotes":[[54857.14,2,0],[55542.8555,2,0],[55885.7148,0,0]],"lengthInSteps":16,"mustHitSection":true},{"sectionNotes":[[56228.57,3,0],[56914.2852,2,0],[57257.14,0,0]],"lengthInSteps":16,"mustHitSection":true},{"sectionNotes":[[57600,3,0],[58285.7148,2,0]],"lengthInSteps":16,"mustHitSection":false},{"sectionNotes":[[58971.43,2,0],[59314.2852,3,0],[59657.14,2,0]],"lengthInSteps":16,"mustHitSection":false},{"sectionNotes":[[60342.8555,3,0],[61028.57,2,0],[61542.8555,0,0]],"lengthInSteps":16,"mustHitSection":false},{"sectionNotes":[[61714.2852,2,0],[62057.14,0,0],[62400,2,0],[62742.8555,0,0]],"lengthInSteps":16,"mustHitSection":false},{"sectionNotes":[[63085.7148,3,0],[63771.43,2,0]],"lengthInSteps":16,"mustHitSection":true},{"sectionNotes":[[64457.14,2,0],[64800,3,0],[65142.8555,2,0]],"lengthInSteps":16,"mustHitSection":true},{"sectionNotes":[[65828.57,3,0],[66514.28,2,0],[67028.57,0,0]],"lengthInSteps":16,"mustHitSection":true},{"sectionNotes":[[67200,2,0],[67542.86,0,0],[67885.71,2,0],[68228.57,0,0]],"lengthInSteps":16,"mustHitSection":true},{"sectionNotes":[[68571.43,2,0],[69257.14,2,0]],"lengthInSteps":16,"mustHitSection":false},{"sectionNotes":[[69942.86,0,0],[70628.57,2,0]],"lengthInSteps":16,"mustHitSection":false},{"sectionNotes":[[71314.28,3,0],[72000,2,0],[72342.86,0,0]],"lengthInSteps":16,"mustHitSection":false},{"sectionNotes":[[72685.71,3,0],[73371.43,2,0],[73714.28,0,0]],"lengthInSteps":16,"mustHitSection":false},{"sectionNotes":[[74057.14,2,0],[74742.86,2,0]],"lengthInSteps":16,"mustHitSection":true},{"sectionNotes":[[75428.57,0,0],[76114.28,2,0]],"lengthInSteps":16,"mustHitSection":true},{"sectionNotes":[[76800,3,0],[77485.71,2,0],[77828.57,0,0]],"lengthInSteps":16,"mustHitSection":true},{"sectionNotes":[[78171.43,3,0],[78857.14,2,0],[79200,0,0]],"lengthInSteps":16,"mustHitSection":true},{"sectionNotes":[[79542.86,2,0],[80228.57,2,0],[80571.43,0,0]],"lengthInSteps":16,"mustHitSection":false},{"sectionNotes":[[80914.28,2,0],[81600,2,0],[81942.86,0,0]],"lengthInSteps":16,"mustHitSection":false},{"sectionNotes":[[82285.71,2,0],[82971.43,2,0],[83314.28,0,0]],"lengthInSteps":16,"mustHitSection":false},{"sectionNotes":[[83657.14,3,0],[84342.86,2,0],[84685.71,0,0]],"lengthInSteps":16,"mustHitSection":false},{"sectionNotes":[[85028.57,2,0],[85714.28,2,0],[86057.14,0,0]],"lengthInSteps":16,"mustHitSection":true},{"sectionNotes":[[86400,2,0],[87085.71,2,0],[87428.57,0,0]],"lengthInSteps":16,"mustHitSection":true},{"sectionNotes":[[87771.43,2,0],[88457.14,2,0],[88800,0,0]],"lengthInSteps":16,"mustHitSection":true},{"sectionNotes":[[89142.86,3,0],[89828.57,2,0],[90171.43,0,0],[90342.86,0,0]],"lengthInSteps":16,"mustHitSection":true},{"sectionNotes":[[90514.28,1,0]],"lengthInSteps":16,"mustHitSection":true},{"sectionNotes":[],"lengthInSteps":16,"mustHitSection":true},{"sectionNotes":[],"lengthInSteps":16,"mustHitSection":true},{"sectionNotes":[],"lengthInSteps":16,"mustHitSection":true},{"sectionNotes":[],"lengthInSteps":16,"mustHitSection":true},{"sectionNotes":[],"lengthInSteps":16,"mustHitSection":true},{"sectionNotes":[],"lengthInSteps":16,"mustHitSection":true},{"sectionNotes":[],"lengthInSteps":16,"mustHitSection":true},{"lengthInSteps":16,"altAnim":false,"typeOfSection":0,"sectionNotes":[],"bpm":175,"changeBPM":false,"mustHitSection":true}],"player2":"pico","song":"Philly","stage":"philly","needsVoices":true,"validScore":true,"bpm":175,"speed":1}}