{"song":{"player1":"bf-christmas","gfVersion":"gf-christmas","notes":[{"sectionNotes":[],"lengthInSteps":16,"mustHitSection":true},{"sectionNotes":[],"lengthInSteps":16,"mustHitSection":true},{"sectionNotes":[[3399.99976,1,0],[3799.99976,1,0],[4200,1,0],[4400,3,0]],"lengthInSteps":16,"mustHitSection":false},{"sectionNotes":[[5000,1,0],[5400,1,0],[5600,3,0],[6000,3,0]],"lengthInSteps":16,"mustHitSection":false},{"sectionNotes":[[6599.99951,1,0],[6999.99951,1,0],[7399.99951,1,0],[7599.99951,3,0]],"lengthInSteps":16,"mustHitSection":false},{"sectionNotes":[[8200,1,0],[8600,1,0],[8800,3,0],[9000,2,0],[9400,1,0]],"lengthInSteps":16,"mustHitSection":false},{"sectionNotes":[[9800,1,0],[10200,1,0],[10600,1,0],[10800,3,0]],"lengthInSteps":16,"mustHitSection":true},{"sectionNotes":[[11400,1,0],[11800,1,0],[12000,3,0],[12400,3,0]],"lengthInSteps":16,"mustHitSection":true},{"sectionNotes":[[12999.999,1,0],[13399.999,1,0],[13799.999,1,0],[13999.999,3,0]],"lengthInSteps":16,"mustHitSection":true},{"sectionNotes":[[14599.999,1,0],[14999.999,1,0],[15199.999,3,0],[15399.999,2,0],[15799.999,1,0]],"lengthInSteps":16,"mustHitSection":true},{"altAnim":true,"sectionNotes":[[15999.999,2,0],[16400,1,0],[16800,3,100],[17200,0,0],[17400,2,0]],"lengthInSteps":16,"mustHitSection":false},{"altAnim":true,"sectionNotes":[[17800,0,0],[18200,0,0],[18600,0,0],[19000,3,400]],"lengthInSteps":16,"mustHitSection":false},{"altAnim":true,"sectionNotes":[[19600,1,100],[20000,3,100],[20400,1,0]],"lengthInSteps":16,"mustHitSection":false},{"altAnim":true,"sectionNotes":[[21000,0,0],[21400,1,0],[22000,2,400]],"lengthInSteps":16,"mustHitSection":false},{"altAnim":true,"sectionNotes":[[22400,4,400],[22400,2,0],[22800,1,0],[23200,3,100],[23600,0,0],[23800,2,0]],"lengthInSteps":16,"mustHitSection":true},{"sectionNotes":[[24200,0,0],[24600,0,0],[25000,0,0],[25400,3,400]],"lengthInSteps":16,"mustHitSection":true},{"sectionNotes":[[25999.998,1,100],[26399.998,3,100],[26799.998,1,0]],"lengthInSteps":16,"mustHitSection":true},{"sectionNotes":[[27399.998,0,0],[27799.998,1,0],[28399.998,2,300]],"lengthInSteps":16,"mustHitSection":true},{"sectionNotes":[[28799.998,4,400],[28999.998,3,0],[29199.998,1,0],[29399.998,0,0],[29799.998,3,0],[30199.998,0,0],[30299.998,3,0]],"lengthInSteps":16,"mustHitSection":false},{"sectionNotes":[[30599.998,3,0],[30799.998,1,0],[30999.998,0,0],[31099.998,3,0],[31599.998,3,0],[31799.998,0,0]],"lengthInSteps":16,"mustHitSection":false},{"sectionNotes":[[31999.998,3,0],[32399.998,1,0],[32599.998,0,0],[32699.998,3,0],[33000,3,0],[33400,0,0],[33500,3,0]],"lengthInSteps":16,"mustHitSection":false},{"sectionNotes":[[33800,3,0],[34000,1,0],[34200,0,0],[34400,1,0],[34800,3,0],[35000,1,0]],"lengthInSteps":16,"mustHitSection":false},{"sectionNotes":[[35200,7,400],[35400,3,0],[35600,1,0],[35800,0,0],[36200,3,0],[36600,0,0],[36700,3,0]],"lengthInSteps":16,"mustHitSection":true},{"sectionNotes":[[37000,3,0],[37200,1,0],[37400,0,0],[37500,3,0],[38000,3,0],[38200,0,0]],"lengthInSteps":16,"mustHitSection":true},{"sectionNotes":[[38400,3,0],[38800,1,0],[39000,0,0],[39100,3,0],[39400,3,0],[39800,0,0],[39900,3,0]],"lengthInSteps":16,"mustHitSection":true},{"sectionNotes":[[40200,3,0],[40400,1,0],[40600,0,0],[40800,1,0],[41200,3,0],[41400,1,0]],"lengthInSteps":16,"mustHitSection":true},{"altAnim":true,"sectionNotes":[[41600,7,400],[41600,0,0],[42000,3,0],[42200,0,0],[42600,0,0],[43000,3,0]],"lengthInSteps":16,"mustHitSection":false},{"altAnim":true,"sectionNotes":[[43200,7,400],[43200,0,0],[43600,3,0],[43800,0,0],[44200,0,0],[44600,3,0]],"lengthInSteps":16,"mustHitSection":true},{"altAnim":true,"sectionNotes":[[44800,7,400],[44800,0,0],[45200,3,0],[45400,0,0],[45800,0,0],[46200,3,0]],"lengthInSteps":16,"mustHitSection":false},{"altAnim":true,"sectionNotes":[[46400,7,400],[46400,0,0],[46800,3,0],[47000,0,0],[47400,0,0],[47800,3,0]],"lengthInSteps":16,"mustHitSection":true},{"sectionNotes":[[48000,7,400],[48200,1,0],[48600,1,0],[49000,1,0],[49400,3,0]],"lengthInSteps":16,"mustHitSection":false},{"sectionNotes":[[49800,1,0],[50200,1,0],[50600,1,0],[50800,3,0],[51000,3,0]],"lengthInSteps":16,"mustHitSection":false},{"sectionNotes":[[51399.9961,1,0],[51799.9961,1,0],[52199.9961,1,0],[52599.9961,3,0]],"lengthInSteps":16,"mustHitSection":false},{"sectionNotes":[[52999.9961,1,0],[53399.9961,1,0],[53799.9961,1,0],[53999.9961,3,0],[54199.9961,3,0]],"lengthInSteps":16,"mustHitSection":false},{"sectionNotes":[[54599.9961,1,0],[54999.9961,1,0],[55399.9961,1,0],[55799.9961,3,0]],"lengthInSteps":16,"mustHitSection":true},{"sectionNotes":[[56199.9961,1,0],[56599.9961,1,0],[56999.9961,1,0],[57199.9961,3,0],[57399.9961,3,0]],"lengthInSteps":16,"mustHitSection":true},{"sectionNotes":[[57799.9961,1,0],[58199.9961,1,0],[58599.9961,1,0],[58999.9961,3,0]],"lengthInSteps":16,"mustHitSection":true},{"sectionNotes":[[59399.9961,1,0],[59799.9961,1,0],[60199.9961,1,0],[60399.9961,3,0],[60599.9961,3,0]],"lengthInSteps":16,"mustHitSection":true},{"altAnim":true,"sectionNotes":[[60799.9961,2,0],[60999.9961,3,0],[61199.9961,0,0],[61599.9961,1,0],[61999.9961,1,0]],"lengthInSteps":16,"mustHitSection":false},{"altAnim":true,"sectionNotes":[[62399.9961,0,0],[62799.9961,0,0],[62999.9961,3,100],[63199.9961,1,0],[63599.9961,3,200]],"lengthInSteps":16,"mustHitSection":false},{"sectionNotes":[[63999.9961,2,0],[64199.9961,3,0],[64399.9961,0,0],[64799.9961,1,0],[65199.9961,1,0]],"lengthInSteps":16,"mustHitSection":true},{"sectionNotes":[[65600,0,0],[66000,0,0],[66200,3,100],[66400,1,0],[66800,3,200]],"lengthInSteps":16,"mustHitSection":true},{"altAnim":true,"sectionNotes":[[67200,1,0],[67400,3,0],[67600,0,200],[68000,1,0],[68400,1,0]],"lengthInSteps":16,"mustHitSection":false},{"altAnim":true,"sectionNotes":[[68800,3,0],[68900,0,100],[69200,1,0],[69600,2,300],[70000,2,300]],"lengthInSteps":16,"mustHitSection":false},{"sectionNotes":[[70400,1,0],[70600,3,0],[70800,0,200],[71200,1,0],[71600,1,0]],"lengthInSteps":16,"mustHitSection":true},{"sectionNotes":[[72000,3,0],[72100,0,100],[72400,1,0],[72800,2,300],[73200,2,300]],"lengthInSteps":16,"mustHitSection":true},{"sectionNotes":[[73600,2,0],[73800,7,0],[74000,5,0],[74000,1,0],[74200,4,0],[74400,3,100],[74600,7,0],[74800,0,0],[75000,4,0],[75000,2,0],[75100,7,0]],"lengthInSteps":16,"mustHitSection":true},{"sectionNotes":[[75400,7,0],[75400,0,0],[75600,5,0],[75800,4,0],[75800,0,0],[75900,7,0],[76200,0,0],[76400,7,0],[76600,4,0],[76600,3,400]],"lengthInSteps":16,"mustHitSection":true},{"sectionNotes":[[76800,7,0],[77200,5,0],[77200,1,100],[77400,4,0],[77500,7,0],[77600,3,100],[77800,7,0],[78000,1,0],[78200,4,0],[78200,0,0],[78300,7,0]],"lengthInSteps":16,"mustHitSection":true},{"sectionNotes":[[78600,7,0],[78600,0,0],[78800,5,0],[79000,4,0],[79000,1,0],[79200,5,0],[79400,1,0],[79600,7,0],[79600,2,300],[79800,5,0]],"lengthInSteps":16,"mustHitSection":true},{"sectionNotes":[[80000,7,400],[80200,3,0],[80400,1,0],[80600,0,0],[81000,3,0],[81400,0,0],[81500,3,0]],"lengthInSteps":16,"mustHitSection":true},{"sectionNotes":[[81800,3,0],[82000,1,0],[82200,0,0],[82300,3,0],[82800,3,0],[83000,0,0]],"lengthInSteps":16,"mustHitSection":true},{"sectionNotes":[[83200,3,0],[83600,1,0],[83800,0,0],[83900,3,0],[84200,3,0],[84600,0,0],[84700,3,0]],"lengthInSteps":16,"mustHitSection":true},{"sectionNotes":[[85000,3,0],[85200,1,0],[85400,0,0],[85600,1,0],[86000,3,0],[86200,1,0]],"lengthInSteps":16,"mustHitSection":true},{"altAnim":true,"sectionNotes":[[86400,0,0],[86400,7,400],[86800,3,0],[87000,0,0],[87400,0,0],[87800,3,0]],"lengthInSteps":16,"mustHitSection":false},{"altAnim":true,"sectionNotes":[[88000,7,400],[88000,0,0],[88400,3,0],[88600,0,0],[89000,0,0],[89400,3,0]],"lengthInSteps":16,"mustHitSection":true},{"altAnim":true,"sectionNotes":[[89600,7,400],[89600,0,0],[90000,3,0],[90200,0,0],[90600,0,0],[91000,3,0]],"lengthInSteps":16,"mustHitSection":false},{"altAnim":true,"sectionNotes":[[91200,7,400],[91200,0,0],[91600,3,0],[91800,0,0],[92200,0,0],[92600,3,0]],"lengthInSteps":16,"mustHitSection":true},{"sectionNotes":[[92800,3,800]],"lengthInSteps":16,"mustHitSection":true},{"lengthInSteps":16,"altAnim":false,"typeOfSection":0,"sectionNotes":[],"bpm":150,"changeBPM":false,"mustHitSection":true}],"player2":"parents-christmas","song":"Eggnog","stage":"mall","needsVoices":true,"validScore":true,"bpm":150,"speed":1.4}}