{"song":{"player1":"bf-pixel","player2":"senpai-angry","notes":[{"typeOfSection":0,"sectionNotes":[[0,2,0],[375,2,0],[750,0,0],[1125,2,0],[562.5,2,0]],"lengthInSteps":16,"altAnim":false,"bpm":150,"changeBPM":false,"mustHitSection":false},{"typeOfSection":0,"sectionNotes":[[1500,2,0],[1687.5,0,0],[1875,2,0],[2250,2,0],[2625,2,0],[2812.5,2,0]],"lengthInSteps":16,"altAnim":false,"bpm":150,"changeBPM":false,"mustHitSection":false},{"typeOfSection":0,"sectionNotes":[[3000,3,0],[3375,3,0],[3562.5,3,0],[3750,1,0],[4125,3,0]],"lengthInSteps":16,"altAnim":false,"bpm":150,"changeBPM":false,"mustHitSection":false},{"typeOfSection":0,"sectionNotes":[[4500,3,0],[4875,3,0],[5250,0,0],[4687.5,2,0],[5625,3,0]],"lengthInSteps":16,"altAnim":false,"bpm":150,"changeBPM":false,"mustHitSection":false},{"typeOfSection":0,"sectionNotes":[[6000,0,0],[6375,2,281.25],[6750,0,0],[7125,2,281.25]],"lengthInSteps":16,"altAnim":false,"bpm":150,"changeBPM":false,"mustHitSection":true},{"typeOfSection":0,"sectionNotes":[[7500,3,281.25],[7875,0,281.25],[8250,2,0],[8625,1,0]],"lengthInSteps":16,"altAnim":false,"bpm":150,"changeBPM":false,"mustHitSection":true},{"typeOfSection":0,"sectionNotes":[[9000,1,0],[9375,2,0],[9750,1,0],[10125,2,0]],"lengthInSteps":16,"altAnim":false,"bpm":120,"changeBPM":false,"mustHitSection":true},{"typeOfSection":0,"sectionNotes":[[10500,3,281.25],[10875,2,0],[11250,0,0],[11625,3,281.25]],"lengthInSteps":16,"altAnim":false,"bpm":120,"changeBPM":false,"mustHitSection":true},{"typeOfSection":0,"sectionNotes":[[12000,2,0],[12187.5,0,0],[12750,0,0],[13125,2,0],[12375,3,0],[12937.5,3,0]],"lengthInSteps":16,"altAnim":false,"bpm":120,"changeBPM":false,"mustHitSection":false},{"typeOfSection":0,"sectionNotes":[[13500,2,0],[13687.5,0,0],[14250,0,0],[13875,3,0],[14437.5,3,0],[14625,2,0]],"lengthInSteps":16,"altAnim":false,"bpm":120,"changeBPM":false,"mustHitSection":false},{"typeOfSection":0,"sectionNotes":[[15000,2,656.25]],"lengthInSteps":16,"altAnim":false,"bpm":120,"changeBPM":false,"mustHitSection":false},{"typeOfSection":0,"sectionNotes":[[16500,2,656.25],[17250,3,656.25]],"lengthInSteps":16,"altAnim":false,"bpm":120,"changeBPM":false,"mustHitSection":false},{"typeOfSection":0,"sectionNotes":[[18187.5,2,0],[18000,0,0],[18375,0,0],[18750,2,0],[18937.5,0,0],[19125,3,0]],"lengthInSteps":16,"altAnim":false,"bpm":120,"changeBPM":false,"mustHitSection":true},{"typeOfSection":0,"sectionNotes":[[19875,1,0],[20062.5,3,0],[20437.5,0,281.25],[20812.5,3,0],[20250,2,0]],"lengthInSteps":16,"altAnim":false,"bpm":120,"changeBPM":false,"mustHitSection":true},{"typeOfSection":0,"sectionNotes":[[21000,2,0],[21187.5,3,0],[21375,1,0],[21750,3,281.25],[22125,0,0]],"lengthInSteps":16,"altAnim":false,"bpm":120,"changeBPM":false,"mustHitSection":true},{"typeOfSection":0,"sectionNotes":[[22500,0,0],[22687.5,2,0],[23250,1,0],[23437.5,2,0],[23625,0,0],[23812.5,3,93.75],[22875,3,0]],"lengthInSteps":16,"altAnim":false,"bpm":120,"changeBPM":false,"mustHitSection":true},{"typeOfSection":0,"sectionNotes":[[24000,2,281.25],[24750,2,281.25],[25312.5,2,0]],"lengthInSteps":16,"altAnim":false,"bpm":120,"changeBPM":false,"mustHitSection":false},{"typeOfSection":0,"sectionNotes":[[25687.5,1,281.25],[26062.5,2,0],[26250,3,281.25],[26625,2,281.25]],"lengthInSteps":16,"altAnim":false,"bpm":120,"changeBPM":false,"mustHitSection":false},{"typeOfSection":0,"sectionNotes":[[27000,1,281.25],[27375,2,281.25],[27750,3,281.25],[28125,2,281.25]],"lengthInSteps":16,"altAnim":false,"bpm":120,"changeBPM":false,"mustHitSection":false},{"typeOfSection":0,"sectionNotes":[[28875,2,0],[28500,3,0],[29250,1,0],[29625,2,281.25]],"lengthInSteps":16,"altAnim":false,"bpm":120,"changeBPM":false,"mustHitSection":false},{"typeOfSection":0,"sectionNotes":[[30000,3,281.25],[30375,0,0],[30750,1,0],[31125,3,0],[31312.5,1,0]],"lengthInSteps":16,"altAnim":false,"bpm":120,"changeBPM":false,"mustHitSection":true},{"typeOfSection":0,"sectionNotes":[[31500,0,0],[31687.5,1,0],[31875,3,0],[32250,2,281.25],[32625,0,281.25]],"lengthInSteps":16,"altAnim":false,"bpm":120,"changeBPM":false,"mustHitSection":true},{"typeOfSection":0,"sectionNotes":[[33000,2,0],[33187.5,1,0],[33375,3,0],[33750,1,0],[34125,1,0],[33937.5,0,0],[34312.5,3,0]],"lengthInSteps":16,"altAnim":false,"bpm":120,"changeBPM":false,"mustHitSection":true},{"typeOfSection":0,"sectionNotes":[[35250,0,0],[35625,1,281.25],[34500,0,0],[34875,3,0]],"lengthInSteps":16,"altAnim":false,"bpm":120,"changeBPM":false,"mustHitSection":true},{"typeOfSection":0,"sectionNotes":[[36000,2,0],[36187.5,0,0],[36375,3,0],[36750,2,0],[36937.5,0,0],[36000,7,0],[36187.5,5,0],[36375,6,0],[36562.5,4,468.75],[37125,6,0],[37125,3,0],[37312.5,5,0]],"lengthInSteps":16,"altAnim":false,"bpm":120,"changeBPM":false,"mustHitSection":false},{"typeOfSection":0,"sectionNotes":[[37500,6,0],[37687.5,7,0],[37875,6,0],[38250,6,0],[38437.5,7,0],[38625,6,0],[38812.5,4,0],[37500,3,281.25],[37875,0,0],[38062.5,2,0],[38250,3,281.25],[38625,0,0],[38812.5,1,0],[38062.5,5,0]],"lengthInSteps":16,"altAnim":false,"bpm":120,"changeBPM":false,"mustHitSection":true},{"typeOfSection":0,"sectionNotes":[[39187.5,4,0],[39375,7,281.25],[39937.5,4,0],[40125,6,0],[39000,7,0],[39000,1,281.25],[39375,2,281.25],[39750,3,281.25],[40125,2,281.25],[39750,5,93.75]],"lengthInSteps":16,"altAnim":false,"bpm":120,"changeBPM":false,"mustHitSection":false},{"typeOfSection":0,"sectionNotes":[[40500,6,0],[40875,5,0],[41437.5,7,0],[41250,6,0],[41812.5,5,0],[40500,2,0],[40687.5,4,0],[40875,0,0],[41250,2,0],[41812.5,0,0],[40687.5,1,0],[41625,2,0]],"lengthInSteps":16,"altAnim":false,"bpm":120,"changeBPM":false,"mustHitSection":true},{"typeOfSection":0,"sectionNotes":[[42000,2,0],[42187.5,3,0],[42375,1,0],[42937.5,1,0],[43125,3,0],[43312.5,1,0],[42750,0,0]],"lengthInSteps":16,"altAnim":false,"bpm":120,"changeBPM":false,"mustHitSection":true},{"typeOfSection":0,"sectionNotes":[[43500,2,0],[43687.5,3,0],[43875,1,0],[44437.5,1,0],[44625,3,0],[44812.5,1,0],[44250,2,0]],"lengthInSteps":16,"altAnim":false,"bpm":120,"changeBPM":false,"mustHitSection":true},{"typeOfSection":0,"sectionNotes":[[45000,0,0],[45187.5,1,0],[45375,3,0],[45562.5,0,0],[45937.5,1,0],[46125,3,0],[46312.5,0,0]],"lengthInSteps":16,"altAnim":false,"bpm":120,"changeBPM":false,"mustHitSection":true},{"typeOfSection":0,"sectionNotes":[[46500,1,0],[47250,3,0],[47437.5,1,0],[47625,3,0],[47812.5,3,0],[46875,0,0]],"lengthInSteps":16,"altAnim":false,"bpm":120,"changeBPM":false,"mustHitSection":true},{"typeOfSection":0,"sectionNotes":[[48000,2,0],[48562.5,2,0],[48375,2,0],[48750,0,0],[49125,2,0]],"lengthInSteps":16,"altAnim":false,"bpm":120,"changeBPM":false,"mustHitSection":false},{"typeOfSection":0,"sectionNotes":[[49500,2,0],[49687.5,0,0],[49875,2,0],[50250,2,0],[50625,2,0],[50812.5,2,0]],"lengthInSteps":16,"altAnim":false,"bpm":120,"changeBPM":false,"mustHitSection":false},{"typeOfSection":0,"sectionNotes":[[51000,3,0],[51375,3,0],[51562.5,3,0],[51750,1,0],[52125,3,0]],"lengthInSteps":16,"altAnim":false,"bpm":120,"changeBPM":false,"mustHitSection":false},{"typeOfSection":0,"sectionNotes":[[52500,3,0],[52875,3,0],[53250,0,0],[53062.5,1,0],[53625,3,0]],"lengthInSteps":16,"altAnim":false,"bpm":120,"changeBPM":false,"mustHitSection":false},{"typeOfSection":0,"sectionNotes":[[54000,0,0],[54375,2,281.25],[54750,0,0],[55125,2,281.25]],"lengthInSteps":16,"altAnim":false,"bpm":120,"changeBPM":false,"mustHitSection":true},{"typeOfSection":0,"sectionNotes":[[55500,3,281.25],[55875,0,281.25],[56250,2,0],[56625,1,0]],"lengthInSteps":16,"altAnim":false,"bpm":120,"changeBPM":false,"mustHitSection":true},{"typeOfSection":0,"sectionNotes":[[57000,1,0],[57375,2,0],[57750,1,0],[58125,2,0]],"lengthInSteps":16,"altAnim":false,"bpm":120,"changeBPM":false,"mustHitSection":true},{"typeOfSection":0,"sectionNotes":[[58500,3,281.25],[58875,2,0],[59250,0,0],[59625,3,281.25]],"lengthInSteps":16,"altAnim":false,"bpm":120,"changeBPM":false,"mustHitSection":true},{"typeOfSection":0,"sectionNotes":[[60000,2,0],[60187.5,0,0],[60750,0,0],[61125,2,0],[60375,3,0],[60937.5,3,0]],"lengthInSteps":16,"altAnim":false,"bpm":120,"changeBPM":false,"mustHitSection":false},{"typeOfSection":0,"sectionNotes":[[61500,2,0],[61687.5,0,0],[62250,0,0],[61875,3,0],[62437.5,3,0],[62625,2,0]],"lengthInSteps":16,"altAnim":false,"bpm":120,"changeBPM":false,"mustHitSection":false},{"typeOfSection":0,"sectionNotes":[[63000,2,656.25]],"lengthInSteps":16,"altAnim":false,"bpm":120,"changeBPM":false,"mustHitSection":false},{"typeOfSection":0,"sectionNotes":[[64500,2,656.25],[65250,3,656.25]],"lengthInSteps":16,"altAnim":false,"bpm":120,"changeBPM":false,"mustHitSection":false},{"typeOfSection":0,"sectionNotes":[[66187.5,2,0],[66000,0,0],[66375,0,0],[66750,2,0],[66937.5,0,0],[67125,3,0]],"lengthInSteps":16,"altAnim":false,"bpm":120,"changeBPM":false,"mustHitSection":true},{"typeOfSection":0,"sectionNotes":[[67875,1,0],[68062.5,3,0],[68250,2,0],[68437.5,0,281.25],[68812.5,3,0]],"lengthInSteps":16,"altAnim":false,"bpm":120,"changeBPM":false,"mustHitSection":true},{"typeOfSection":0,"sectionNotes":[[69000,2,0],[69187.5,3,0],[69375,1,0],[69750,3,281.25],[70125,0,0]],"lengthInSteps":16,"altAnim":false,"bpm":120,"changeBPM":false,"mustHitSection":true},{"lengthInSteps":16,"typeOfSection":0,"sectionNotes":[[70500,0,0],[70687.5,2,0],[70875,1,0],[71625,0,0],[71812.5,3,0],[71250,2,0]],"altAnimNum":0,"altAnim":false,"bpm":120,"changeBPM":false,"mustHitSection":true},{"lengthInSteps":16,"typeOfSection":0,"sectionNotes":[[72000,0,0],[72375,0,0],[72562.5,0,0],[72750,2,0],[72937.5,2,0],[73125,2,0],[73312.5,2,0],[72562.5,4,0],[72750,7,0],[72937.5,7,0],[73125,7,0],[73312.5,7,0],[72375,4,0],[72000,4,0],[72187.5,4,0],[72187.5,0,0]],"altAnimNum":0,"altAnim":false,"bpm":170,"changeBPM":false,"mustHitSection":false},{"lengthInSteps":16,"typeOfSection":0,"sectionNotes":[[73500,1,0],[73687.5,2,0],[73875,0,0],[74531.25,0,0],[74250,3,0],[73500,7,0],[73687.5,6,0],[73875,4,0],[74250,7,187.5],[74531.25,4,0]],"altAnimNum":0,"altAnim":false,"bpm":170,"changeBPM":false,"mustHitSection":false},{"lengthInSteps":16,"typeOfSection":0,"sectionNotes":[[75000,7,656.25],[75750,6,656.25],[75000,3,0],[75375,3,0],[75562.5,2,0],[75750,0,0],[75937.5,3,0],[76125,1,0],[76312.5,3,0]],"altAnimNum":0,"altAnim":false,"bpm":170,"changeBPM":false,"mustHitSection":true},{"lengthInSteps":16,"typeOfSection":0,"sectionNotes":[[76500,5,656],[77250,4,656],[76500,0,0],[76687.5,2,0],[76875,3,0],[77250,0,0],[77625,2,0],[77812.5,2,0]],"altAnimNum":0,"altAnim":false,"bpm":170,"changeBPM":false,"mustHitSection":true},{"lengthInSteps":16,"typeOfSection":0,"sectionNotes":[[78000,7,0],[78375,4,0],[78750,5,187],[79125,7,187],[78000,2,562]],"altAnimNum":0,"altAnim":false,"bpm":170,"changeBPM":false,"mustHitSection":false},{"lengthInSteps":16,"typeOfSection":0,"sectionNotes":[[79500,3,0],[79687,1,187],[80625,2,0],[79968,0,281],[80812,3,0],[80250,6,562.5]],"altAnimNum":0,"altAnim":false,"bpm":170,"changeBPM":false,"mustHitSection":true},{"lengthInSteps":16,"typeOfSection":0,"sectionNotes":[[81000,4,0],[81375,4,0],[81750,7,281.25],[82125,5,0],[81187.5,6,0],[81000,1,656.25]],"altAnimNum":0,"altAnim":false,"bpm":170,"changeBPM":false,"mustHitSection":false},{"lengthInSteps":16,"typeOfSection":0,"sectionNotes":[[83250,6,656],[82500,7,656],[82500,3,0],[82875,0,0],[83250,1,0],[83437,0,0],[83625,3,0],[83812,1,0],[83062.5,3,0]],"altAnimNum":0,"altAnim":false,"bpm":170,"changeBPM":false,"mustHitSection":true},{"lengthInSteps":16,"typeOfSection":0,"sectionNotes":[[84000,6,0],[84375,5,0],[84187,4,0],[84750,7,0],[84937,5,0],[85125,6,0],[84000,3,0],[84187,1,0],[84375,0,0],[84750,1,0],[84937,0,0],[85125,3,0]],"altAnimNum":0,"altAnim":false,"bpm":170,"changeBPM":false,"mustHitSection":false},{"lengthInSteps":16,"typeOfSection":0,"sectionNotes":[[85500,2,0],[85875,1,0],[85687,0,0],[86250,3,0],[86437,1,0],[86625,2,0],[85500,7,0],[85687,6,0],[85875,7,0],[86250,6,0],[86437,7,0],[86625,5,0]],"altAnimNum":0,"altAnim":false,"bpm":170,"changeBPM":false,"mustHitSection":false},{"lengthInSteps":16,"typeOfSection":0,"sectionNotes":[[87000,6,0],[87187,7,0],[87375,6,0],[87750,5,0],[87937,7,0],[88125,5,0],[87000,2,0],[87375,3,0],[87562,2,0],[87937,3,0],[88125,1,0]],"altAnimNum":0,"altAnim":false,"bpm":170,"changeBPM":false,"mustHitSection":true},{"lengthInSteps":16,"typeOfSection":0,"sectionNotes":[[88687,7,0],[89625,5,0],[88500,6,0],[88500,3,0],[88687,2,0],[89625,3,0],[88875,6,0],[89437,7,0],[88875,1,0],[89250,0,281.25],[89250,5,0]],"altAnimNum":0,"altAnim":false,"bpm":170,"changeBPM":false,"mustHitSection":true},{"lengthInSteps":16,"typeOfSection":0,"sectionNotes":[[90005,4,0],[90000,2,468],[90750,0,656],[90187.5,7,0],[90375,4,0],[90750,5,0],[90937.5,6,0],[91125,4,0]],"altAnimNum":0,"altAnim":false,"bpm":170,"changeBPM":false,"mustHitSection":false},{"lengthInSteps":16,"typeOfSection":0,"sectionNotes":[[91500,2,468],[92250,2,562],[91500,5,0],[91687,7,0],[91875,5,0],[92250,4,0],[92437,7,0],[92625,4,0]],"altAnimNum":0,"altAnim":false,"bpm":170,"changeBPM":false,"mustHitSection":false},{"lengthInSteps":16,"typeOfSection":0,"sectionNotes":[[93000,7,562.5],[93000,1,0],[93375,0,0],[93562.5,1,0],[93750,3,0],[93937.5,0,0],[94125,1,0],[94312.5,3,0]],"altAnimNum":0,"altAnim":false,"bpm":170,"changeBPM":false,"mustHitSection":true},{"lengthInSteps":16,"typeOfSection":0,"sectionNotes":[[94500,5,656.25],[95250,6,656.25],[94500,0,0],[94875,2,0],[95062.5,3,0],[95250,0,0],[95625,2,0],[95812.5,3,0]],"altAnimNum":0,"altAnim":false,"bpm":170,"changeBPM":false,"mustHitSection":true},{"lengthInSteps":16,"typeOfSection":0,"sectionNotes":[[96000,2,0],[96562,2,0],[96375,2,0],[96750,0,0],[97125,2,0],[96000,4,281.25],[96375,5,281.25],[96750,6,0],[97125,7,0],[97312.5,5,0]],"altAnimNum":0,"altAnim":false,"bpm":170,"changeBPM":false,"mustHitSection":false},{"lengthInSteps":16,"typeOfSection":0,"sectionNotes":[[97500,2,0],[97687.5,0,0],[97875,2,0],[98625,2,0],[97500,4,0],[97687.5,5,0],[98250,2,0],[98625,7,0],[98812.5,2,0],[98250,7,187.5],[97875,6,0]],"altAnimNum":0,"altAnim":false,"bpm":170,"changeBPM":false,"mustHitSection":false},{"sectionNotes":[[99000,7,0],[99375,7,0],[99750,5,0],[100125,7,0],[99000,3,0],[99187.5,1,0],[99375,3,0],[99750,1,0],[99937.5,3,0],[100125,1,0],[100312.5,3,0]],"typeOfSection":0,"lengthInSteps":16,"altAnim":false,"mustHitSection":true,"changeBPM":false,"bpm":170},{"lengthInSteps":16,"typeOfSection":0,"sectionNotes":[[100500,7,0],[100875,7,0],[101250,4,0],[100687,6,0],[101062,5,0],[101625,7,0],[100500,0,0],[100875,0,0],[101062.5,1,0],[101250,2,0],[101625,3,281.25]],"altAnim":false,"bpm":170,"changeBPM":false,"mustHitSection":true},{"lengthInSteps":16,"typeOfSection":0,"sectionNotes":[[102000,0,0],[102375,2,281.25],[102750,0,0],[103125,2,281.25]],"altAnim":false,"bpm":170,"changeBPM":false,"mustHitSection":true},{"sectionNotes":[[103500,3,281.25],[103875,0,281.25],[104250,2,0],[104625,1,0]],"typeOfSection":0,"lengthInSteps":16,"altAnim":false,"mustHitSection":true,"changeBPM":false,"bpm":170},{"sectionNotes":[[105000,1,0],[105375,2,0],[105750,1,0],[106125,2,0]],"typeOfSection":0,"lengthInSteps":16,"altAnim":false,"mustHitSection":true,"changeBPM":false,"bpm":160},{"sectionNotes":[[106500,3,281.25],[106875,2,0],[107250,0,0],[107625,3,281.25]],"typeOfSection":0,"lengthInSteps":16,"altAnim":false,"mustHitSection":true,"changeBPM":false,"bpm":160},{"sectionNotes":[[108000,6,0],[108375,5,0],[108187,4,0],[108750,7,0],[108937,5,0],[109125,6,0],[108000,3,0],[108187,1,0],[108375,0,0],[108750,1,0],[108937,0,0],[109125,3,0]],"typeOfSection":0,"lengthInSteps":16,"altAnim":false,"mustHitSection":true,"changeBPM":false,"bpm":160},{"sectionNotes":[[109500,2,0],[109875,1,0],[109687,0,0],[110250,3,0],[110437,1,0],[110625,2,0],[109500,7,0],[109687,6,0],[109875,7,0],[110250,6,0],[110437,7,0],[110625,5,0]],"typeOfSection":0,"lengthInSteps":16,"altAnim":false,"mustHitSection":true,"changeBPM":false,"bpm":160},{"sectionNotes":[[111000,3,0],[111187.5,2,0],[111375,0,0],[111750,3,0],[111937.5,2,0],[112125,0,0],[111000,6,562.5]],"typeOfSection":0,"lengthInSteps":16,"altAnim":false,"mustHitSection":true,"changeBPM":false,"bpm":160},{"sectionNotes":[[112500,6,656.25],[113250,5,656.25],[112500,1,0],[112687.5,0,0],[112875,1,0],[113625,2,0],[113437.5,1,0],[113250,3,0]],"typeOfSection":0,"lengthInSteps":16,"altAnim":false,"mustHitSection":true,"changeBPM":false,"bpm":160},{"sectionNotes":[[114000,3,0],[114187.5,2,0],[114937.5,2,0],[114375,0,0],[114750,3,0],[115125,0,0]],"typeOfSection":0,"lengthInSteps":16,"altAnim":false,"mustHitSection":true,"changeBPM":false,"bpm":160},{"sectionNotes":[[115875,1,0],[116062.5,3,0],[116250,2,0],[116437.5,0,281.25],[116812.5,3,0]],"typeOfSection":0,"lengthInSteps":16,"altAnim":false,"mustHitSection":true,"changeBPM":false,"bpm":160},{"sectionNotes":[[117000,2,0],[117187.5,3,0],[117375,1,0],[118125,0,0],[117562.5,3,0],[117750,2,281.25]],"typeOfSection":0,"lengthInSteps":16,"altAnim":false,"mustHitSection":true,"changeBPM":false,"bpm":160},{"sectionNotes":[[118500,0,0],[118687.5,2,0],[118875,1,0],[119625,0,0],[119812.5,2,0],[119250,3,0]],"typeOfSection":0,"lengthInSteps":16,"altAnim":false,"mustHitSection":true,"changeBPM":false,"bpm":160},{"sectionNotes":[],"typeOfSection":0,"lengthInSteps":16,"altAnim":false,"mustHitSection":true,"changeBPM":false,"bpm":160},{"sectionNotes":[],"typeOfSection":0,"lengthInSteps":16,"altAnim":false,"mustHitSection":true,"changeBPM":false,"bpm":160},{"sectionNotes":[],"typeOfSection":0,"lengthInSteps":16,"altAnim":false,"mustHitSection":true,"changeBPM":false,"bpm":160},{"sectionNotes":[],"typeOfSection":0,"lengthInSteps":16,"altAnim":false,"mustHitSection":true,"changeBPM":false,"bpm":160},{"sectionNotes":[],"typeOfSection":0,"lengthInSteps":16,"altAnim":false,"mustHitSection":true,"changeBPM":false,"bpm":160},{"sectionNotes":[],"typeOfSection":0,"lengthInSteps":16,"altAnim":false,"mustHitSection":true,"changeBPM":false,"bpm":160},{"sectionNotes":[],"typeOfSection":0,"lengthInSteps":16,"altAnim":false,"mustHitSection":true,"changeBPM":false,"bpm":160},{"sectionNotes":[],"typeOfSection":0,"lengthInSteps":16,"altAnim":false,"mustHitSection":true,"changeBPM":false,"bpm":160},{"sectionNotes":[],"typeOfSection":0,"lengthInSteps":16,"altAnim":false,"mustHitSection":true,"changeBPM":false,"bpm":160},{"sectionNotes":[],"typeOfSection":0,"lengthInSteps":16,"altAnim":false,"mustHitSection":true,"changeBPM":false,"bpm":160},{"lengthInSteps":16,"altAnim":false,"typeOfSection":0,"sectionNotes":[],"bpm":160,"changeBPM":false,"mustHitSection":true}],"isHey":false,"cutsceneType":"angry-senpai","isSpooky":false,"song":"Chicken-sandwich","validScore":true,"speed":2.2,"sectionLengths":[],"isMoody":true,"gfVersion":"gf-pixel","uiType":"pixel","needsVoices":true,"sections":0,"stage":"school","bpm":160,"gf":"gf-pixel","noteStyle":"pixel"}}