{"song":{"player1":"bf-car","gfVersion":"gf-car","notes":[{"sectionNotes":[],"lengthInSteps":16,"mustHitSection":true},{"sectionNotes":[],"lengthInSteps":16,"mustHitSection":true},{"sectionNotes":[[2666.66675,1,0],[3333.3335,1,0],[3583.3335,2,166.666672],[3833.3335,1,0]],"lengthInSteps":16,"mustHitSection":false},{"sectionNotes":[[4166.667,1,0],[4500,1,0],[4666.667,3,0],[5000,0,0]],"lengthInSteps":16,"mustHitSection":false},{"sectionNotes":[[5333.3335,1,0],[6000,1,0],[6250,2,166.666672],[6500,1,0]],"lengthInSteps":16,"mustHitSection":false},{"sectionNotes":[[6833.3335,1,0],[7166.667,1,0],[7333.3335,3,0],[7666.667,0,0]],"lengthInSteps":16,"mustHitSection":false},{"sectionNotes":[[8000,1,0],[8666.667,1,0],[8916.667,2,166.666672],[9166.667,1,0]],"lengthInSteps":16,"mustHitSection":true},{"sectionNotes":[[9500,1,0],[9833.334,1,0],[10000,3,0],[10333.334,0,0]],"lengthInSteps":16,"mustHitSection":true},{"sectionNotes":[[10666.667,1,0],[11333.334,1,0],[11583.334,2,166.666672],[11833.334,1,0]],"lengthInSteps":16,"mustHitSection":true},{"sectionNotes":[[12166.667,1,0],[12500,1,0],[12666.667,3,0],[13000,0,0]],"lengthInSteps":16,"mustHitSection":true},{"sectionNotes":[[13333.334,2,666.6667],[14333.334,1,0],[14500,3,500]],"lengthInSteps":16,"mustHitSection":false},{"sectionNotes":[[15166.667,2,250],[15500,0,0],[15833.334,1,250]],"lengthInSteps":16,"mustHitSection":false},{"sectionNotes":[[16333.334,1,250],[16666.668,2,250],[17000,0,0]],"lengthInSteps":16,"mustHitSection":false},{"sectionNotes":[[17333.334,3,0],[17666.668,0,0],[18000,3,0],[18333.334,0,0]],"lengthInSteps":16,"mustHitSection":false},{"sectionNotes":[[18666.668,2,666.6667],[19666.668,1,0],[19833.334,3,500]],"lengthInSteps":16,"mustHitSection":true},{"sectionNotes":[[20500,2,250],[20833.334,0,0],[21166.668,1,250]],"lengthInSteps":16,"mustHitSection":true},{"sectionNotes":[[21666.668,1,250],[22000,2,250],[22333.334,0,0]],"lengthInSteps":16,"mustHitSection":true},{"sectionNotes":[[22666.668,3,0],[23000,0,0],[23333.334,3,0],[23666.668,0,0]],"lengthInSteps":16,"mustHitSection":true},{"sectionNotes":[[24000,1,0],[24250,3,0],[24666.668,1,0],[24916.668,1,0],[25166.668,0,0]],"lengthInSteps":16,"mustHitSection":false},{"sectionNotes":[[25500,2,0],[26000,1,0],[26250,1,0],[26500,3,0]],"lengthInSteps":16,"mustHitSection":false},{"sectionNotes":[[26833.334,0,0],[27333.334,1,0],[27583.334,1,0],[27833.334,2,250]],"lengthInSteps":16,"mustHitSection":false},{"sectionNotes":[[28333.334,3,83.3333359],[28666.668,0,0],[29000,0,0]],"lengthInSteps":16,"mustHitSection":false},{"sectionNotes":[[29333.334,1,0],[29333.334,6,333.333344],[29583.334,3,0],[30000,1,0],[30250,1,0],[30500,0,0]],"lengthInSteps":16,"mustHitSection":true},{"sectionNotes":[[30833.334,2,0],[31333.334,1,0],[31583.334,1,0],[31833.334,3,0]],"lengthInSteps":16,"mustHitSection":true},{"sectionNotes":[[32166.668,0,0],[32666.668,1,0],[32916.668,1,0],[33166.668,2,250]],"lengthInSteps":16,"mustHitSection":true},{"sectionNotes":[[33666.668,3,83.3333359],[34000,0,0],[34333.3359,0,0]],"lengthInSteps":16,"mustHitSection":true},{"sectionNotes":[[34666.668,2,666.6667],[35666.668,1,0]],"lengthInSteps":16,"mustHitSection":false},{"sectionNotes":[[36000,0,166.666672],[36333.3359,1,0],[36666.668,2,166.666672],[37000,0,0]],"lengthInSteps":16,"mustHitSection":false},{"sectionNotes":[[37333.3359,2,0],[37666.668,3,0],[38000,2,0],[38333.3359,0,0]],"lengthInSteps":16,"mustHitSection":false},{"sectionNotes":[[38666.668,2,0],[39000,3,0],[39333.3359,2,250],[39666.668,1,250]],"lengthInSteps":16,"mustHitSection":false},{"sectionNotes":[[40000,2,666.6667],[41000,1,0]],"lengthInSteps":16,"mustHitSection":true},{"sectionNotes":[[41333.3359,0,166.666672],[41666.668,1,0],[42000,2,166.666672],[42333.3359,0,0]],"lengthInSteps":16,"mustHitSection":true},{"sectionNotes":[[42666.668,2,0],[43000,3,0],[43333.3359,2,0],[43666.668,0,0]],"lengthInSteps":16,"mustHitSection":true},{"sectionNotes":[[44000,2,0],[44333.3359,3,0],[44666.668,2,250],[45000,1,250]],"lengthInSteps":16,"mustHitSection":true},{"sectionNotes":[[45333.3359,2,666.6667],[46333.3359,1,0],[46500,3,500]],"lengthInSteps":16,"mustHitSection":false},{"sectionNotes":[[47166.668,2,250],[47500,0,0],[47833.3359,1,250]],"lengthInSteps":16,"mustHitSection":false},{"sectionNotes":[[48333.3359,1,250],[48666.668,2,250],[49000,0,0]],"lengthInSteps":16,"mustHitSection":false},{"sectionNotes":[[49333.3359,3,0],[49666.668,0,0],[50000,3,0],[50333.3359,0,0]],"lengthInSteps":16,"mustHitSection":false},{"sectionNotes":[[50666.668,2,666.6667],[51666.668,1,0],[51833.3359,3,500]],"lengthInSteps":16,"mustHitSection":true},{"sectionNotes":[[52500,2,250],[52833.3359,0,0],[53166.668,1,250]],"lengthInSteps":16,"mustHitSection":true},{"sectionNotes":[[53666.668,1,250],[54000,2,250],[54333.3359,0,0]],"lengthInSteps":16,"mustHitSection":true},{"sectionNotes":[[54666.668,3,0],[55000,0,0],[55333.3359,3,0],[55666.668,0,0]],"lengthInSteps":16,"mustHitSection":true},{"sectionNotes":[[56000,0,0],[56333.3359,3,0],[56500,0,0],[56833.3359,3,0],[57000,0,0]],"lengthInSteps":16,"mustHitSection":false},{"sectionNotes":[[57333.3359,0,0],[57666.668,3,0],[57833.3359,0,0],[58166.668,3,0],[58333.3359,0,0]],"lengthInSteps":16,"mustHitSection":false},{"sectionNotes":[[58666.668,2,0],[58833.3359,3,0],[59000,2,0],[59166.668,3,0],[59333.3359,2,0],[59500,3,0],[59666.668,2,0],[59833.3359,3,0]],"lengthInSteps":16,"mustHitSection":false},{"sectionNotes":[[60000,2,0],[60166.668,3,0],[60333.3359,2,0],[60500,3,0],[60666.668,2,0],[60833.3359,3,0],[61000,2,0],[61166.668,3,0]],"lengthInSteps":16,"mustHitSection":false},{"sectionNotes":[[61333.3359,0,0],[61666.668,3,0],[61833.3359,0,0],[62166.668,3,0],[62333.3359,0,0]],"lengthInSteps":16,"mustHitSection":true},{"sectionNotes":[[62666.668,0,0],[63000,3,0],[63166.668,0,0],[63500,3,0],[63666.668,0,0]],"lengthInSteps":16,"mustHitSection":true},{"sectionNotes":[[64000,2,0],[64166.668,3,0],[64333.3359,2,0],[64500.0039,3,0],[64666.668,2,0],[64833.3359,3,0],[65000.0039,2,0],[65166.668,3,0]],"lengthInSteps":16,"mustHitSection":true},{"sectionNotes":[[65333.3359,2,0],[65500.0039,3,0],[65666.67,2,0],[65833.3359,3,0],[66000,2,0],[66166.67,3,0],[66333.3359,2,0],[66500,3,0]],"lengthInSteps":16,"mustHitSection":true},{"sectionNotes":[[66666.67,1,0],[66916.67,3,0],[67333.3359,1,0],[67583.3359,1,0],[67833.3359,0,0]],"lengthInSteps":16,"mustHitSection":false},{"sectionNotes":[[68166.67,2,0],[68666.67,1,0],[68916.67,1,0],[69166.67,3,0]],"lengthInSteps":16,"mustHitSection":false},{"sectionNotes":[[69500,0,0],[70000,1,0],[70250,1,0],[70500,2,250]],"lengthInSteps":16,"mustHitSection":false},{"sectionNotes":[[71000,3,83.3333359],[71333.3359,0,0],[71666.67,0,0]],"lengthInSteps":16,"mustHitSection":false},{"sectionNotes":[[72000,6,333.333344],[72000,1,0],[72250,3,0],[72666.67,1,0],[72916.67,1,0],[73166.67,0,0]],"lengthInSteps":16,"mustHitSection":true},{"sectionNotes":[[73500,2,0],[74000,1,0],[74250,1,0],[74500,3,0]],"lengthInSteps":16,"mustHitSection":true},{"sectionNotes":[[74833.3359,0,0],[75333.3359,1,0],[75583.3359,1,0],[75833.3359,2,250]],"lengthInSteps":16,"mustHitSection":true},{"sectionNotes":[[76333.3359,3,83.3333359],[76666.67,0,0],[77000,0,0]],"lengthInSteps":16,"mustHitSection":true},{"sectionNotes":[[77333.3359,6,666.6667],[77333.3359,2,666.6667],[78333.3359,5,0],[78333.3359,1,0]],"lengthInSteps":16,"mustHitSection":false},{"sectionNotes":[[78666.67,4,166.666672],[78666.67,0,166.666672],[79000,5,0],[79000,1,0],[79333.3359,6,166.666672],[79333.3359,2,166.666672],[79666.67,4,0],[79666.67,0,0]],"lengthInSteps":16,"mustHitSection":false},{"sectionNotes":[[80000,6,0],[80000,2,0],[80333.3359,7,0],[80333.3359,3,0],[80666.67,6,0],[80666.67,2,0],[81000,4,0],[81000,0,0]],"lengthInSteps":16,"mustHitSection":false},{"sectionNotes":[[81333.3359,6,0],[81333.3359,2,0],[81666.67,7,0],[81666.67,3,0],[82000,6,250],[82000,2,250],[82333.3359,5,250],[82333.3359,1,250]],"lengthInSteps":16,"mustHitSection":false},{"sectionNotes":[[82666.67,0,250],[82666.67,6,666.6667],[83000,1,250],[83333.3359,3,250],[83666.67,1,250],[83666.67,5,0]],"lengthInSteps":16,"mustHitSection":false},{"sectionNotes":[[84000,2,250],[84000,4,166.666672],[84333.3359,1,250],[84333.3359,5,0],[84666.67,3,250],[84666.67,6,166.666672],[85000,1,250],[85000,4,0]],"lengthInSteps":16,"mustHitSection":false},{"sectionNotes":[[85333.3359,1,250],[85333.3359,6,0],[85666.67,3,250],[85666.67,7,0],[86000,0,250],[86000,6,0],[86333.3359,3,250],[86333.3359,4,0]],"lengthInSteps":16,"mustHitSection":false},{"sectionNotes":[[86666.67,2,0],[86666.67,6,250],[86833.3359,3,0],[87000,2,0],[87000,7,250],[87166.67,0,0],[87333.3359,2,250],[87333.3359,6,250],[87333.3359,2,250],[87666.67,1,250],[87666.67,5,250],[87666.67,1,250]],"lengthInSteps":16,"mustHitSection":true},{"sectionNotes":[[88000,1,0],[88000,5,0],[88333.3359,1,0],[88666.67,1,0],[89000,2,0],[89166.67,1,0]],"lengthInSteps":16,"mustHitSection":false},{"sectionNotes":[[89500,1,0],[89833.3359,1,0],[90166.67,3,0],[90333.3359,2,250]],"lengthInSteps":16,"mustHitSection":false},{"sectionNotes":[[90666.67,1,0],[91000,1,0],[91333.3359,1,0],[91666.67,2,0],[91833.3359,1,0]],"lengthInSteps":16,"mustHitSection":false},{"sectionNotes":[[92166.67,1,0],[92500,1,0],[92666.67,3,0],[92833.3359,1,0],[93000,3,0],[93166.67,0,0]],"lengthInSteps":16,"mustHitSection":false},{"sectionNotes":[[93333.3359,5,0],[93333.3359,1,0],[93666.67,5,0],[93666.67,1,0],[94000,5,0],[94000,1,0],[94333.3359,6,0],[94333.3359,2,0],[94500,5,0],[94500,1,0]],"lengthInSteps":16,"mustHitSection":true},{"sectionNotes":[[94833.3359,5,0],[94833.3359,1,0],[95166.67,5,0],[95166.67,1,0],[95500,7,0],[95500,3,0],[95666.67,6,250],[95666.67,2,250]],"lengthInSteps":16,"mustHitSection":true},{"sectionNotes":[[96000,5,0],[96000,1,0],[96333.3359,5,0],[96333.3359,1,0],[96666.67,5,0],[96666.67,1,0],[97000,6,0],[97000,2,0],[97166.67,5,0],[97166.67,1,0]],"lengthInSteps":16,"mustHitSection":true},{"sectionNotes":[[97500,5,0],[97500,1,0],[97833.3359,5,0],[97833.3359,1,0],[98000,7,0],[98000,3,0],[98166.67,5,0],[98166.67,1,0],[98333.3359,7,0],[98333.3359,3,0],[98500,4,0],[98500,0,0]],"lengthInSteps":16,"mustHitSection":true},{"sectionNotes":[[98666.67,6,666.6667],[98666.67,2,666.6667],[99666.67,1,0],[99833.3359,3,500]],"lengthInSteps":16,"mustHitSection":false},{"sectionNotes":[[100500,2,250],[100833.336,0,0],[101166.672,1,250]],"lengthInSteps":16,"mustHitSection":false},{"sectionNotes":[[101666.672,1,250],[102000,2,250],[102333.336,0,0]],"lengthInSteps":16,"mustHitSection":false},{"sectionNotes":[[102666.672,3,0],[103000,0,0],[103333.336,3,0],[103666.672,0,0]],"lengthInSteps":16,"mustHitSection":false},{"sectionNotes":[[104000,2,666.6667],[104000,6,666.6667],[105000,1,0],[105166.672,3,500]],"lengthInSteps":16,"mustHitSection":true},{"sectionNotes":[[105833.336,2,250],[106166.672,0,0],[106500,1,250]],"lengthInSteps":16,"mustHitSection":true},{"sectionNotes":[[107000,1,250],[107333.336,2,250],[107666.672,0,0]],"lengthInSteps":16,"mustHitSection":true},{"sectionNotes":[[108000,3,0],[108333.336,0,0],[108666.672,3,0],[109000,0,0]],"lengthInSteps":16,"mustHitSection":true},{"sectionNotes":[[109333.336,1,0],[109583.336,3,0],[110000,1,0],[110250,1,0],[110500,0,0]],"lengthInSteps":16,"mustHitSection":false},{"sectionNotes":[[110833.336,2,0],[111333.336,1,0],[111583.336,1,0],[111833.336,3,0]],"lengthInSteps":16,"mustHitSection":false},{"sectionNotes":[[112166.672,0,0],[112666.672,1,0],[112916.672,1,0],[113166.672,2,250]],"lengthInSteps":16,"mustHitSection":false},{"sectionNotes":[[113666.672,3,83.3333359],[114000,0,0],[114333.336,0,0],[114500,3,0]],"lengthInSteps":16,"mustHitSection":false},{"sectionNotes":[[114666.672,6,333.333344],[114666.672,1,0],[114916.672,3,0],[115333.336,1,0],[115583.336,1,0],[115833.336,0,0]],"lengthInSteps":16,"mustHitSection":true},{"sectionNotes":[[116166.672,2,0],[116666.672,1,0],[116916.672,1,0],[117166.672,3,0]],"lengthInSteps":16,"mustHitSection":true},{"sectionNotes":[[117500,0,0],[118000,1,0],[118250,1,0],[118500,2,250]],"lengthInSteps":16,"mustHitSection":true},{"sectionNotes":[[119000,3,83.3333359],[119333.336,0,0],[119666.672,0,0],[119833.336,3,0]],"lengthInSteps":16,"mustHitSection":true},{"sectionNotes":[[120000,2,833.3334]],"lengthInSteps":16,"mustHitSection":true},{"sectionNotes":[],"lengthInSteps":16,"mustHitSection":true},{"sectionNotes":[],"lengthInSteps":16,"mustHitSection":true},{"sectionNotes":[],"lengthInSteps":16,"mustHitSection":true},{"lengthInSteps":16,"altAnim":false,"typeOfSection":0,"sectionNotes":[],"bpm":180,"changeBPM":false,"mustHitSection":true}],"player2":"mom-car","song":"Milf","stage":"limo","needsVoices":true,"validScore":true,"bpm":180,"speed":1.4}}