{"song":{"player1":"bfdemoncesar","player2":"makocorrupt","notes":[{"sectionNotes":[],"lengthInSteps":16,"typeOfSection":0,"bpm":165,"mustHitSection":true},{"sectionNotes":[],"lengthInSteps":16,"typeOfSection":0,"mustHitSection":true},{"sectionNotes":[],"lengthInSteps":16,"typeOfSection":0,"mustHitSection":true},{"sectionNotes":[],"lengthInSteps":16,"typeOfSection":0,"mustHitSection":true},{"sectionNotes":[],"lengthInSteps":16,"typeOfSection":0,"mustHitSection":true},{"sectionNotes":[],"lengthInSteps":16,"typeOfSection":0,"mustHitSection":true},{"sectionNotes":[],"lengthInSteps":16,"typeOfSection":0,"mustHitSection":false},{"sectionNotes":[],"lengthInSteps":16,"typeOfSection":0,"mustHitSection":false},{"sectionNotes":[[12000,0,281.25],[12375,2,281.25],[12750,0,281.25],[13125,3,281.25]],"lengthInSteps":16,"typeOfSection":0,"mustHitSection":false},{"sectionNotes":[[13500,0,281.25],[13875,1,281.25],[14250,0,281.25],[14625,1,281.25]],"lengthInSteps":16,"typeOfSection":0,"mustHitSection":false},{"sectionNotes":[[15000,0,281.25],[15750,0,281.25],[16125,3,281.25],[15375,2,281.25]],"lengthInSteps":16,"typeOfSection":0,"mustHitSection":false},{"sectionNotes":[[16500,0,281.25],[17250,0,281.25],[16875,1,281.25],[17625,1,281.25]],"lengthInSteps":16,"typeOfSection":0,"mustHitSection":false},{"sectionNotes":[[18000,3,281.25],[18375,1,281.25],[18750,0,281.25],[19125,1,281.25]],"lengthInSteps":16,"typeOfSection":0,"mustHitSection":true},{"sectionNotes":[[19875,1,281.25],[20625,1,281.25],[20250,2,281.25],[19500,2,281.25]],"lengthInSteps":16,"typeOfSection":0,"mustHitSection":true},{"sectionNotes":[[21000,3,281.25],[21375,1,281.25],[21750,0,281.25],[22125,1,281.25]],"lengthInSteps":16,"typeOfSection":0,"mustHitSection":true},{"sectionNotes":[[22875,1,281.25],[23625,1,281.25],[22500,2,281.25],[23250,2,281.25]],"lengthInSteps":16,"typeOfSection":0,"mustHitSection":true},{"sectionNotes":[[24000,2,0],[25125,2,0],[24375,2,0],[24187.5,3,0],[24562.5,3,0],[24750,0,281.25],[25312.5,1,0]],"lengthInSteps":16,"typeOfSection":0,"mustHitSection":false},{"sectionNotes":[[25500,2,0],[25875,2,0],[25687.5,3,0],[26062.5,3,0],[26250,0,281.25],[26625,2,0],[26812.5,1,0]],"lengthInSteps":16,"typeOfSection":0,"mustHitSection":false},{"sectionNotes":[[27000,2,0],[27187.5,3,0],[27375,2,0],[27750,2,0],[27937.5,3,0],[28125,2,0],[27562.5,0,0],[28312.5,1,0]],"lengthInSteps":16,"typeOfSection":0,"mustHitSection":false},{"sectionNotes":[[29625,2,0],[28500,2,0],[28687.5,3,0],[28875,2,0],[29250,0,187.5],[29062.5,1,0],[29812.5,3,0]],"lengthInSteps":16,"typeOfSection":0,"mustHitSection":false},{"sectionNotes":[[31125,2,0],[31312.5,3,0],[30000,1,0],[30187.5,3,0],[30375,0,0],[30562.5,1,0],[30750,1,187.5]],"lengthInSteps":16,"typeOfSection":0,"mustHitSection":true},{"sectionNotes":[[31500,1,0],[31687.5,3,0],[31875,1,0],[32062.5,2,0],[32250,0,281.25],[32625,3,0],[32812.5,1,0]],"lengthInSteps":16,"typeOfSection":0,"mustHitSection":true},{"sectionNotes":[[33187.5,3,0],[34125,1,0],[34312.5,1,0],[33375,2,0],[33562.5,2,0],[33000,0,0],[33750,3,0],[33937.5,0,0]],"lengthInSteps":16,"typeOfSection":0,"mustHitSection":true},{"sectionNotes":[[35062.5,0,0],[34500,3,0],[34875,1,0],[35250,1,187.5],[34687.5,2,0],[35625,0,0],[35812.5,3,0]],"lengthInSteps":16,"typeOfSection":0,"mustHitSection":true},{"sectionNotes":[[36000,0,281.25],[36375,2,281.25],[36750,0,281.25],[37125,3,281.25]],"lengthInSteps":16,"typeOfSection":0,"mustHitSection":false},{"sectionNotes":[[37500,0,281.25],[37875,1,281.25],[38250,0,281.25],[38625,1,281.25]],"lengthInSteps":16,"typeOfSection":0,"mustHitSection":false},{"sectionNotes":[[39000,0,281.25],[39750,0,281.25],[40125,3,281.25],[39375,2,281.25]],"lengthInSteps":16,"typeOfSection":0,"mustHitSection":false},{"sectionNotes":[[40500,0,281.25],[41250,0,281.25],[40875,1,281.25],[41625,1,281.25]],"lengthInSteps":16,"typeOfSection":0,"mustHitSection":false},{"sectionNotes":[[42000,3,281.25],[42375,1,281.25],[42750,0,281.25],[43125,1,281.25]],"lengthInSteps":16,"typeOfSection":0,"mustHitSection":true},{"sectionNotes":[[43875,1,281.25],[44625,1,281.25],[44250,2,281.25],[43500,2,281.25]],"lengthInSteps":16,"typeOfSection":0,"mustHitSection":true},{"sectionNotes":[[45000,3,281.25],[45375,1,281.25],[45750,0,281.25],[46125,1,281.25]],"lengthInSteps":16,"typeOfSection":0,"mustHitSection":true},{"sectionNotes":[[46875,1,281.25],[47625,1,281.25],[46500,2,281.25],[47250,2,281.25]],"lengthInSteps":16,"typeOfSection":0,"mustHitSection":true},{"sectionNotes":[[48000,0,0],[48093.75,1,0],[48187.5,3,0],[48281.25,2,0],[48375,0,0],[48468.75,1,0],[48562.5,2,0],[48656.25,3,0],[48750,0,93.75],[48937.5,3,93.75],[49125,0,93.75],[49312.5,2,93.75]],"lengthInSteps":16,"typeOfSection":0,"mustHitSection":false},{"sectionNotes":[[49687.5,1,0],[50062.5,1,0],[50437.5,1,0],[50625,2,0],[50812.5,1,0],[49500,3,0],[49875,0,0],[50250,3,0]],"lengthInSteps":16,"typeOfSection":0,"mustHitSection":false},{"sectionNotes":[[51000,0,0],[51093.75,1,0],[51187.5,3,0],[51281.25,2,0],[51375,0,0],[51468.75,1,0],[51562.5,2,0],[51656.25,3,0],[51750,0,93.75],[51937.5,3,93.75],[52125,0,93.75],[52312.5,2,93.75]],"lengthInSteps":16,"typeOfSection":0,"mustHitSection":false},{"sectionNotes":[[52687.5,1,0],[53062.5,1,0],[53437.5,1,0],[53625,2,0],[53812.5,1,0],[52500,3,0],[52875,0,0],[53250,3,0]],"lengthInSteps":16,"typeOfSection":0,"mustHitSection":false},{"sectionNotes":[[54000,0,0],[54093.75,1,0],[54187.5,3,0],[54281.25,2,0],[54375,0,0],[54468.75,1,0],[54562.5,2,0],[54656.25,3,0],[54937.5,3,93.75],[54750,1,93.75],[55125,1,93.75],[55312.5,0,93.75]],"lengthInSteps":16,"typeOfSection":0,"mustHitSection":true},{"sectionNotes":[[55687.5,1,0],[55875,3,0],[56062.5,1,0],[56250,0,0],[56437.5,1,0],[56625,2,0],[56812.5,1,0],[55500,2,0]],"lengthInSteps":16,"typeOfSection":0,"mustHitSection":true},{"sectionNotes":[[57000,0,0],[57093.75,1,0],[57187.5,3,0],[57281.25,2,0],[57375,0,0],[57468.75,1,0],[57562.5,2,0],[57656.25,3,0],[57937.5,3,93.75],[57750,1,93.75],[58125,1,93.75],[58312.5,0,93.75]],"lengthInSteps":16,"typeOfSection":0,"mustHitSection":true},{"sectionNotes":[[58687.5,1,0],[58875,3,0],[59062.5,1,0],[59250,0,0],[59437.5,1,0],[59625,2,0],[59812.5,1,0],[58500,2,0]],"lengthInSteps":16,"typeOfSection":0,"mustHitSection":true},{"sectionNotes":[[60000,0,281.25],[60375,2,281.25],[60750,0,281.25],[61125,3,281.25]],"lengthInSteps":16,"typeOfSection":0,"mustHitSection":false},{"sectionNotes":[[61500,0,281.25],[61875,1,281.25],[62250,0,281.25],[62625,1,281.25]],"lengthInSteps":16,"typeOfSection":0,"mustHitSection":false},{"sectionNotes":[[63000,0,281.25],[63750,0,281.25],[64125,3,281.25],[63375,2,281.25]],"lengthInSteps":16,"typeOfSection":0,"mustHitSection":false},{"sectionNotes":[[64500,0,281.25],[65250,0,281.25],[64875,1,281.25],[65625,1,281.25]],"lengthInSteps":16,"typeOfSection":0,"mustHitSection":false},{"sectionNotes":[[66000,3,281.25],[66375,1,281.25],[66750,0,281.25],[67125,1,281.25]],"lengthInSteps":16,"typeOfSection":0,"mustHitSection":true},{"sectionNotes":[[67875,1,281.25],[68625,1,281.25],[68250,2,281.25],[67500,2,281.25]],"lengthInSteps":16,"typeOfSection":0,"mustHitSection":true},{"sectionNotes":[[69000,3,281.25],[69375,1,281.25],[69750,0,281.25],[70125,1,281.25]],"lengthInSteps":16,"typeOfSection":0,"mustHitSection":true},{"sectionNotes":[[70875,1,281.25],[71625,1,281.25],[70500,2,281.25],[71250,2,281.25]],"lengthInSteps":16,"typeOfSection":0,"mustHitSection":true},{"sectionNotes":[[72000,0,281.25],[72000,2,281.25],[72375,1,281.25],[72375,3,281.25],[72750,0,281.25],[72750,2,281.25],[73125,3,281.25],[73125,1,281.25]],"lengthInSteps":16,"typeOfSection":0,"mustHitSection":false},{"sectionNotes":[[73500,0,281.25],[73875,2,281.25],[74625,2,281.25],[73500,1,281.25],[73875,3,281.25],[74250,0,281.25],[74250,1,281.25],[74625,3,281.25]],"lengthInSteps":16,"typeOfSection":0,"mustHitSection":false},{"sectionNotes":[[75000,0,281.25],[75000,2,281.25],[75375,1,281.25],[75375,3,281.25],[75750,0,281.25],[75750,2,281.25],[76125,3,281.25],[76125,1,281.25]],"lengthInSteps":16,"typeOfSection":0,"mustHitSection":false},{"sectionNotes":[[76500,0,281.25],[76875,2,281.25],[77625,2,281.25],[76500,1,281.25],[76875,3,281.25],[77250,0,281.25],[77250,1,281.25],[77625,3,281.25]],"lengthInSteps":16,"typeOfSection":0,"mustHitSection":false},{"sectionNotes":[[78000,3,281.25],[78375,1,281.25],[78750,0,281.25],[79125,1,281.25]],"lengthInSteps":16,"typeOfSection":0,"mustHitSection":true},{"sectionNotes":[[79875,1,281.25],[80625,1,281.25],[80250,2,281.25],[79500,2,281.25]],"lengthInSteps":16,"typeOfSection":0,"mustHitSection":true},{"sectionNotes":[[81000,3,281.25],[81375,1,281.25],[81750,0,281.25],[82125,1,281.25]],"lengthInSteps":16,"typeOfSection":0,"mustHitSection":true},{"sectionNotes":[[82875,1,281.25],[83625,1,281.25],[82500,2,281.25],[83250,2,281.25]],"lengthInSteps":16,"typeOfSection":0,"mustHitSection":true},{"sectionNotes":[],"lengthInSteps":16,"typeOfSection":0,"mustHitSection":false},{"sectionNotes":[],"lengthInSteps":16,"typeOfSection":0,"mustHitSection":false},{"sectionNotes":[],"lengthInSteps":16,"typeOfSection":0,"mustHitSection":true},{"sectionNotes":[],"lengthInSteps":16,"typeOfSection":0,"mustHitSection":true},{"sectionNotes":[],"lengthInSteps":16,"typeOfSection":0,"mustHitSection":false},{"sectionNotes":[],"lengthInSteps":16,"typeOfSection":0,"mustHitSection":false},{"typeOfSection":0,"sectionNotes":[],"lengthInSteps":16,"bpm":180,"changeBPM":false,"mustHitSection":true},{"typeOfSection":0,"sectionNotes":[],"lengthInSteps":16,"bpm":180,"changeBPM":false,"mustHitSection":true},{"typeOfSection":0,"sectionNotes":[],"lengthInSteps":16,"bpm":180,"changeBPM":false,"mustHitSection":true},{"typeOfSection":0,"sectionNotes":[],"lengthInSteps":16,"bpm":180,"changeBPM":false,"mustHitSection":true},{"typeOfSection":0,"sectionNotes":[],"lengthInSteps":16,"bpm":180,"changeBPM":false,"mustHitSection":true},{"typeOfSection":0,"sectionNotes":[],"lengthInSteps":16,"bpm":180,"changeBPM":false,"mustHitSection":true},{"typeOfSection":0,"sectionNotes":[],"lengthInSteps":16,"bpm":180,"changeBPM":false,"mustHitSection":true},{"lengthInSteps":16,"typeOfSection":0,"sectionNotes":[],"altAnim":false,"bpm":180,"changeBPM":false,"mustHitSection":true},{"lengthInSteps":16,"typeOfSection":0,"sectionNotes":[],"altAnim":false,"bpm":180,"changeBPM":false,"mustHitSection":true},{"lengthInSteps":16,"typeOfSection":0,"sectionNotes":[],"altAnim":false,"bpm":160,"changeBPM":false,"mustHitSection":true},{"sectionNotes":[],"typeOfSection":0,"lengthInSteps":16,"altAnim":false,"mustHitSection":true,"changeBPM":false,"bpm":160},{"lengthInSteps":16,"typeOfSection":0,"sectionNotes":[],"altAnim":false,"bpm":160,"changeBPM":false,"mustHitSection":true},{"lengthInSteps":16,"typeOfSection":0,"sectionNotes":[],"altAnim":false,"bpm":160,"changeBPM":false,"mustHitSection":true},{"lengthInSteps":16,"typeOfSection":0,"sectionNotes":[],"altAnim":false,"bpm":160,"changeBPM":false,"mustHitSection":true},{"sectionNotes":[],"typeOfSection":0,"lengthInSteps":16,"altAnim":false,"mustHitSection":true,"changeBPM":false,"bpm":160},{"lengthInSteps":16,"altAnim":false,"typeOfSection":0,"sectionNotes":[],"bpm":160,"changeBPM":false,"mustHitSection":true},{"lengthInSteps":16,"altAnim":false,"typeOfSection":0,"sectionNotes":[],"bpm":160,"changeBPM":false,"mustHitSection":true}],"song":"Farmed","stage":"week3stage","validScore":true,"sections":45,"needsVoices":true,"bpm":160,"speed":2.5}}