{"song":{"player1":"bf","notes":[{"lengthInSteps":16,"sectionNotes":[[750,3,281.25],[1125,1,281.25],[375,0,281.25],[0,3,281.25]],"typeOfSection":0,"mustHitSection":false,"changeBPM":false,"bpm":95},{"lengthInSteps":16,"sectionNotes":[[1500,3,281.25],[1875,1,281.25],[2250,3,281.25],[2625,2,281.25]],"typeOfSection":0,"mustHitSection":false,"changeBPM":false,"bpm":95},{"lengthInSteps":16,"sectionNotes":[[3000,3,93.75],[3187.5,1,93.75],[3375,3,93.75],[3750,3,93.75],[3937.5,1,93.75],[4125,3,93.75],[4312.5,0,93.75],[3562.5,2,93.75]],"typeOfSection":0,"mustHitSection":false,"changeBPM":false,"bpm":150},{"lengthInSteps":16,"sectionNotes":[[4500,3,93.75],[4687.5,1,93.75],[4875,3,93.75],[5250,1,93.75],[5062.5,2,93.75],[5437.5,3,93.75],[5625,0,93.75],[5812.5,3,93.75]],"typeOfSection":0,"mustHitSection":false,"changeBPM":false,"bpm":150},{"lengthInSteps":16,"sectionNotes":[[6000,2,281.25],[6750,3,281.25],[7125,0,0],[6375,1,0]],"typeOfSection":0,"mustHitSection":true,"changeBPM":false,"bpm":150},{"lengthInSteps":16,"sectionNotes":[[7500,3,281.25],[7875,0,0],[8625,1,0],[8250,2,281.25]],"typeOfSection":0,"mustHitSection":true,"changeBPM":false,"bpm":150},{"lengthInSteps":16,"sectionNotes":[[9000,3,0],[9187.5,0,0],[9375,2,0],[9562.5,1,0],[9750,3,0],[9937.5,0,0],[10125,2,0],[10312.5,1,0]],"typeOfSection":0,"mustHitSection":true,"changeBPM":false,"bpm":150},{"lengthInSteps":16,"sectionNotes":[[10500,3,0],[10687.5,0,0],[10875,2,0],[11062.5,1,0],[11250,0,0],[11625,1,0],[11812.5,3,0],[11437.5,2,0]],"typeOfSection":0,"mustHitSection":true,"changeBPM":false,"bpm":150},{"lengthInSteps":16,"sectionNotes":[[12562.5,2,468.75],[12000,3,468.75],[13125,3,468.75]],"typeOfSection":0,"mustHitSection":false,"changeBPM":false,"bpm":150},{"lengthInSteps":16,"sectionNotes":[[13687.5,2,468.75],[14250,0,281.25],[14625,1,281.25]],"typeOfSection":0,"mustHitSection":false,"changeBPM":false,"bpm":150},{"lengthInSteps":16,"sectionNotes":[[15562.5,2,468.75],[15000,3,468.75],[16125,3,468.75]],"typeOfSection":0,"mustHitSection":false,"changeBPM":false,"bpm":150},{"lengthInSteps":16,"sectionNotes":[[16687.5,1,468.75],[17250,0,281.25],[17625,0,281.25]],"typeOfSection":0,"mustHitSection":false,"changeBPM":false,"bpm":150},{"lengthInSteps":16,"sectionNotes":[[18562.5,1,0],[19125,1,468.75],[18000,0,468.75]],"typeOfSection":0,"mustHitSection":true,"changeBPM":false,"bpm":150},{"lengthInSteps":16,"sectionNotes":[[19687.5,3,0],[20625,2,0],[20250,0,281.25]],"typeOfSection":0,"mustHitSection":true,"changeBPM":false,"bpm":150},{"lengthInSteps":16,"sectionNotes":[[21562.5,1,0],[22125,1,468.75],[21000,0,468.75]],"typeOfSection":0,"mustHitSection":true,"changeBPM":false,"bpm":150},{"lengthInSteps":16,"sectionNotes":[[22687.5,3,0],[23250,2,281.25],[23625,2,281.25]],"typeOfSection":0,"mustHitSection":true,"changeBPM":false,"bpm":150},{"lengthInSteps":16,"sectionNotes":[[24187.5,5,0],[24375,4,0],[24562.5,5,0],[24937.5,7,0],[25125,6,0],[25312.5,5,0],[24375,2,281.25],[25125,1,281.25],[24000,3,281.25],[24000,4,0],[24750,3,281.25],[24750,4,0]],"typeOfSection":0,"mustHitSection":false,"changeBPM":false,"bpm":150},{"lengthInSteps":16,"sectionNotes":[[25687.5,5,0],[26062.5,5,0],[26437.5,7,0],[26625,6,0],[26812.5,5,0],[26250,6,0],[26437.5,2,93.75],[25875,3,93.75],[25875,4,0],[26062.5,0,93.75],[25500,3,0],[25500,4,0],[26250,3,93.75],[26625,3,281.25],[25687.5,1,0]],"typeOfSection":0,"mustHitSection":false,"changeBPM":false,"bpm":150},{"lengthInSteps":16,"sectionNotes":[[27562,0,0],[27937,2,0],[28125,0,0],[28312,1,0],[27750,3,0],[27656.25,1,0],[27000,3,0],[27000,5,0],[28312.5,5,0],[27375,3,0],[27750,5,0],[28031.25,6,0],[27281.25,7,0],[27468.75,4,0],[27187.5,0,0],[27281.25,1,0]],"typeOfSection":0,"mustHitSection":true,"changeBPM":false,"bpm":150},{"lengthInSteps":16,"sectionNotes":[[28500,1,0],[28875,1,0],[28687.5,2,0],[29437.5,2,0],[29625,1,0],[29812.5,0,0],[28500,5,0],[29250,1,0],[29625,6,281.25],[29343.75,7,0],[29062.5,4,0],[28781.25,7,0],[29062.5,3,0]],"typeOfSection":0,"mustHitSection":true,"changeBPM":false,"bpm":150},{"lengthInSteps":16,"sectionNotes":[[30375,5,281],[30750,4,281],[31125,5,281],[30000,7,281.25],[30562.5,3,187.5],[30281.25,0,187.5],[30000,3,187.5],[30843.75,0,187.5],[31125,2,281.25]],"typeOfSection":0,"mustHitSection":false,"changeBPM":false,"bpm":150},{"lengthInSteps":16,"sectionNotes":[[31875,5,281],[32625,5,281],[32250,4,0],[31781.25,1,187.5],[32062.5,0,187.5],[31500,7,281.25],[31500,3,187.5],[32343.75,3,187.5],[32625,2,187.5],[32906.25,3,0]],"typeOfSection":0,"mustHitSection":false,"changeBPM":false,"bpm":150},{"lengthInSteps":16,"sectionNotes":[[33000,0,0],[33281.25,2,0],[33562.5,1,0],[33843.75,3,0],[34312.5,1,0],[34406.25,0,0],[33187.5,5,93.75],[33000,4,93.75],[33375,7,281.25],[33937.5,7,93.75],[33750,5,93.75],[34312.5,7,93.75],[34125,5,93.75],[34125,2,0]],"typeOfSection":0,"mustHitSection":true,"changeBPM":false,"bpm":150},{"lengthInSteps":16,"sectionNotes":[[34500,1,187.5],[34781.25,3,0],[35062.5,2,0],[35625,3,0],[35812.5,0,0],[35906.25,1,0],[34500,5,93.75],[34687.5,7,93.75],[34875,4,93.75],[35062.5,5,93.75],[35250,7,93.75],[35343.75,0,0],[35437.5,4,93.75],[35625,6,281.25]],"typeOfSection":0,"mustHitSection":true,"changeBPM":false,"bpm":150},{"lengthInSteps":16,"sectionNotes":[[36187.5,5,0],[36375,4,0],[36562.5,5,0],[36937.5,7,0],[37125,6,0],[37312.5,5,0],[36375,2,281.25],[37125,1,281.25],[36000,3,281.25],[36000,4,0],[36750,3,281.25],[36750,4,0]],"typeOfSection":0,"mustHitSection":false,"changeBPM":false,"bpm":150},{"lengthInSteps":16,"sectionNotes":[[37687.5,5,0],[38062.5,5,0],[38437.5,7,0],[38625,6,0],[38812.5,5,0],[38250,6,0],[38437.5,2,93.75],[37875,3,93.75],[37875,4,0],[38062.5,0,93.75],[37500,3,0],[37500,4,0],[38250,3,93.75],[38625,3,281.25],[37687.5,1,0]],"typeOfSection":0,"mustHitSection":false,"changeBPM":false,"bpm":150},{"lengthInSteps":16,"sectionNotes":[[39562,0,0],[39937,2,0],[40125,0,0],[40312,1,0],[39750,3,0],[39656.25,1,0],[39281.25,1,0],[39000,3,0],[39000,5,0],[40312.5,5,0],[39375,3,0],[39187.5,0,0],[39750,5,0],[40031.25,6,0],[39281.25,7,0],[39468.75,4,0]],"typeOfSection":0,"mustHitSection":true,"changeBPM":false,"bpm":150},{"lengthInSteps":16,"sectionNotes":[[40500,1,0],[40875,1,0],[40687.5,2,0],[41437.5,2,0],[41625,1,0],[41812.5,0,0],[40500,5,0],[41250,1,0],[41625,6,281.25],[41343.75,7,0],[41062.5,4,0],[40781.25,7,0],[41062.5,3,0]],"typeOfSection":0,"mustHitSection":true,"changeBPM":false,"bpm":150},{"lengthInSteps":16,"sectionNotes":[[42375,5,281],[42750,4,281],[43125,5,281],[42000,7,281.25],[42562.5,3,187.5],[42281.25,0,187.5],[42000,3,187.5],[42843.75,0,187.5],[43125,2,281.25]],"typeOfSection":0,"mustHitSection":false,"changeBPM":false,"bpm":150},{"lengthInSteps":16,"sectionNotes":[[43875,5,281],[44625,5,281],[44250,4,0],[43781.25,1,187.5],[44062.5,0,187.5],[43500,7,281.25],[43500,3,187.5],[44343.75,3,187.5],[44625,2,187.5],[44906.25,3,0]],"typeOfSection":0,"mustHitSection":false,"changeBPM":false,"bpm":150},{"lengthInSteps":16,"sectionNotes":[[45000,0,0],[45281.25,2,0],[45562.5,1,0],[45843.75,3,0],[46312.5,1,0],[46406.25,0,0],[45187.5,5,93.75],[45000,4,93.75],[45375,7,281.25],[45937.5,7,93.75],[45750,5,93.75],[46312.5,7,93.75],[46125,5,93.75],[46125,2,0]],"typeOfSection":0,"mustHitSection":true,"changeBPM":false,"bpm":150},{"lengthInSteps":16,"sectionNotes":[[46500,1,187.5],[46781.25,3,0],[47062.5,2,0],[47625,3,0],[47812.5,0,0],[47906.25,1,0],[46500,5,93.75],[46687.5,7,93.75],[46875,4,93.75],[47062.5,5,93.75],[47250,7,93.75],[47343.75,0,0],[47437.5,4,93.75],[47625,6,281.25]],"typeOfSection":0,"mustHitSection":true,"changeBPM":false,"bpm":150},{"lengthInSteps":16,"sectionNotes":[[48000,0,93.75],[48187.5,2,93.75],[48375,0,93.75],[48562.5,1,93.75],[48750,0,93.75],[48937.5,3,93.75],[49125,2,93.75],[49312.5,1,93.75]],"typeOfSection":0,"mustHitSection":false,"changeBPM":false,"bpm":150},{"lengthInSteps":16,"sectionNotes":[[50250,0,0],[50437.5,3,0],[49500,3,0],[49687.5,1,0],[49875,2,0],[50062.5,1,0],[50625,0,281.25]],"typeOfSection":0,"mustHitSection":false,"changeBPM":false,"bpm":150},{"lengthInSteps":16,"sectionNotes":[[51000,3,0],[51281.25,2,0],[51562.5,0,0],[51843.75,1,0],[52125,3,0],[52406.25,0,0],[52312.5,2,0]],"typeOfSection":0,"mustHitSection":false,"changeBPM":false,"bpm":150},{"lengthInSteps":16,"sectionNotes":[[52500,3,0],[52781.25,2,0],[53062.5,0,0],[53343.75,1,0],[53625,3,0],[53812.5,2,0]],"typeOfSection":0,"mustHitSection":false,"changeBPM":false,"bpm":150},{"lengthInSteps":16,"sectionNotes":[[54000,0,0],[54187.5,2,0],[54375,1,0],[54562.5,3,0],[54937.5,3,0],[54750,1,0],[55125,1,0],[55312.5,0,0]],"typeOfSection":0,"mustHitSection":true,"changeBPM":false,"bpm":150},{"lengthInSteps":16,"sectionNotes":[[55687.5,0,0],[55875,1,0],[56062.5,0,0],[56250,1,0],[56625,2,281.25],[56437.5,3,0]],"typeOfSection":0,"mustHitSection":true,"changeBPM":false,"bpm":150},{"lengthInSteps":16,"sectionNotes":[[57000,3,0],[57281.25,2,0],[57562.5,0,0],[57843.75,1,0],[58406.25,0,0],[58312.5,1,0],[58125,3,0]],"typeOfSection":0,"mustHitSection":true,"changeBPM":false,"bpm":150},{"lengthInSteps":16,"sectionNotes":[[58500,3,0],[58781.25,2,0],[59062.5,0,0],[59343.75,1,0],[59625,3,0],[59812.5,2,0]],"typeOfSection":0,"mustHitSection":true,"changeBPM":false,"bpm":150},{"lengthInSteps":16,"sectionNotes":[[60375,2,281.25],[60000,3,281.25],[60750,3,281.25],[60000,7,0],[60187.5,6,0],[60375,5,0],[60562.5,4,0],[60937.5,6,0],[61312.5,4,0],[61125,0,281.25],[61125,5,0]],"typeOfSection":0,"mustHitSection":false,"changeBPM":false,"bpm":150},{"lengthInSteps":16,"sectionNotes":[[61500,7,0],[61687.5,6,0],[61875,7,0],[62250,4,0],[62437.5,5,0],[62625,6,0],[62812.5,7,0],[61500,3,281.25],[61875,2,281.25],[62250,3,281.25],[62625,0,281.25]],"typeOfSection":0,"mustHitSection":false,"changeBPM":false,"bpm":150},{"lengthInSteps":16,"sectionNotes":[[63000,7,0],[63281,6,0],[63375,1,0],[63562.5,0,0],[63656.25,2,0],[63750,7,0],[64031.25,6,0],[63187.5,4,0],[63937.5,4,0],[64406.25,2,0],[64312.5,0,0],[64125,1,0]],"typeOfSection":0,"mustHitSection":true,"changeBPM":false,"bpm":150},{"lengthInSteps":16,"sectionNotes":[[64500,3,0],[64687.5,0,0],[64781.25,2,0],[64875,3,0],[65062.5,0,0],[65156.25,2,0],[65250,5,0],[65437.5,4,0],[65531.25,6,0],[65625,3,0],[65812.5,0,0],[65906.25,2,0]],"typeOfSection":0,"mustHitSection":false,"changeBPM":false,"bpm":150},{"lengthInSteps":16,"sectionNotes":[[66281.25,0,187.5],[66843.75,1,187.5],[67125,1,0],[67312.5,0,0],[66000,3,187.5],[67125,4,0],[67312.5,5,0],[66000,4,187.5],[66281.25,7,187.5],[66562.5,6,187.5],[66562.5,2,187.5],[66843.75,7,187.5]],"typeOfSection":0,"mustHitSection":true,"changeBPM":false,"bpm":150},{"lengthInSteps":16,"sectionNotes":[[67500,0,0],[67687.5,3,0],[67875,0,0],[68437.5,3,0],[68250,0,0],[68625,0,0],[67500,6,187.5],[67781.25,4,187.5],[68343.75,4,187.5],[68625,5,93.75],[68812.5,7,0],[68062.5,7,187.5]],"typeOfSection":0,"mustHitSection":true,"changeBPM":false,"bpm":150},{"lengthInSteps":16,"sectionNotes":[[69000,0,0],[69187.5,2,0],[69281.25,3,0],[69375,7,0],[69750,0,0],[69937.5,2,0],[70031.25,3,0],[70125,7,0],[70312.5,4,0],[70406.25,5,0],[69656.25,5,0],[69562.5,4,0]],"typeOfSection":0,"mustHitSection":false,"changeBPM":false,"bpm":150},{"lengthInSteps":16,"sectionNotes":[[70500,3,93.75],[70687.5,2,93.75],[70875,0,93.75],[71062.5,1,93.75],[71250,3,93.75],[71437.5,0,93.75],[71625,1,93.75],[71812.5,1,93.75],[70500,7,93.75],[70687.5,4,93.75],[70875,5,93.75],[71250,7,0],[71062.5,6,93.75],[71437.5,4,0],[71625,7,0],[71812.5,7,0]],"typeOfSection":0,"mustHitSection":true,"changeBPM":false,"bpm":150},{"lengthInSteps":16,"sectionNotes":[[72187.5,5,0],[72375,4,0],[72562.5,5,0],[72937.5,7,0],[73125,6,0],[73312.5,5,0],[72375,2,281.25],[73125,1,281.25],[72000,3,281.25],[72000,4,0],[72750,3,281.25],[72750,4,0]],"typeOfSection":0,"mustHitSection":false,"changeBPM":false,"bpm":150},{"lengthInSteps":16,"sectionNotes":[[73687.5,5,0],[74062.5,5,0],[74437.5,7,0],[74625,6,0],[74812.5,5,0],[74250,6,0],[74437.5,2,93.75],[73875,3,93.75],[73875,4,0],[74062.5,0,93.75],[73500,3,0],[73500,4,0],[74250,3,93.75],[74625,3,281.25],[73687.5,1,0]],"typeOfSection":0,"mustHitSection":false,"changeBPM":false,"bpm":150},{"lengthInSteps":16,"sectionNotes":[[75562,0,0],[75937,2,0],[76125,0,0],[76312,1,0],[75750,3,0],[75656.25,1,0],[75000,3,0],[75000,5,0],[76312.5,5,0],[75375,3,0],[75750,5,0],[76031.25,6,0],[75281.25,7,0],[75468.75,4,0],[75187.5,0,0],[75281.25,1,0]],"typeOfSection":0,"mustHitSection":true,"changeBPM":false,"bpm":150},{"lengthInSteps":16,"sectionNotes":[[76500,1,0],[76875,1,0],[76687.5,2,0],[77437.5,2,0],[77625,1,0],[77812.5,0,0],[76500,5,0],[77250,1,0],[77625,6,281.25],[77343.75,7,0],[77062.5,4,0],[76781.25,7,0],[77062.5,3,0]],"typeOfSection":0,"mustHitSection":true,"changeBPM":false,"bpm":150},{"lengthInSteps":16,"sectionNotes":[[78375,5,281],[78750,4,281],[79125,5,281],[78000,7,281.25],[78562.5,3,187.5],[78281.25,0,187.5],[78000,3,187.5],[78843.75,0,187.5],[79125,2,281.25]],"typeOfSection":0,"mustHitSection":false,"changeBPM":false,"bpm":150},{"lengthInSteps":16,"sectionNotes":[[79875,5,281],[80625,5,281],[80250,4,0],[79781.25,1,187.5],[80062.5,0,187.5],[79500,7,281.25],[79500,3,187.5],[80343.75,3,187.5],[80625,2,187.5],[80906.25,3,0]],"typeOfSection":0,"mustHitSection":false,"changeBPM":false,"bpm":150},{"altAnimNum":0,"sectionNotes":[[81000,0,0],[81281.25,2,0],[81562.5,1,0],[81843.75,3,0],[82312.5,1,0],[82406.25,0,0],[81187.5,5,93.75],[81000,4,93.75],[81375,7,281.25],[81937.5,7,93.75],[81750,5,93.75],[82312.5,7,93.75],[82125,5,93.75],[82125,2,0]],"typeOfSection":0,"lengthInSteps":16,"altAnim":false,"mustHitSection":true,"changeBPM":false,"bpm":150},{"altAnimNum":0,"sectionNotes":[[82500,1,187.5],[82781.25,3,0],[83062.5,2,0],[83625,3,0],[83812.5,0,0],[83906.25,1,0],[82500,5,93.75],[82687.5,7,93.75],[82875,4,93.75],[83062.5,5,93.75],[83250,7,93.75],[83343.75,0,0],[83437.5,4,93.75],[83625,6,281.25]],"typeOfSection":0,"lengthInSteps":16,"altAnim":false,"mustHitSection":true,"changeBPM":false,"bpm":145},{"altAnimNum":0,"sectionNotes":[[84187.5,5,0],[84375,4,0],[84562.5,5,0],[84937.5,7,0],[85125,6,0],[85312.5,5,0],[84375,2,281.25],[85125,1,281.25],[84000,3,281.25],[84000,4,0],[84750,3,281.25],[84750,4,0]],"typeOfSection":0,"lengthInSteps":16,"altAnim":false,"mustHitSection":false,"changeBPM":false,"bpm":145},{"altAnimNum":0,"sectionNotes":[[85687.5,5,0],[86062.5,5,0],[86437.5,7,0],[86625,6,0],[86812.5,5,0],[86250,6,0],[86437.5,2,93.75],[85875,3,93.75],[85875,4,0],[86062.5,0,93.75],[85500,3,0],[85500,4,0],[86250,3,93.75],[86625,3,281.25],[85687.5,1,0]],"typeOfSection":0,"lengthInSteps":16,"altAnim":false,"mustHitSection":false,"changeBPM":false,"bpm":145},{"altAnimNum":0,"sectionNotes":[[87562,0,0],[87937,2,0],[88125,0,0],[88312,1,0],[87750,3,0],[87656.25,1,0],[87281.25,1,0],[87000,3,0],[87000,5,0],[88312.5,5,0],[87375,3,0],[87187.5,0,0],[87750,5,0],[88031.25,6,0],[87281.25,7,0],[87468.75,4,0]],"typeOfSection":0,"lengthInSteps":16,"altAnim":false,"mustHitSection":true,"changeBPM":false,"bpm":145},{"altAnimNum":0,"sectionNotes":[[88500,1,0],[88875,1,0],[88687.5,2,0],[89437.5,2,0],[89625,1,0],[89812.5,0,0],[88500,5,0],[89250,1,0],[89625,6,281.25],[89343.75,7,0],[89062.5,4,0],[88781.25,7,0],[89062.5,3,0]],"typeOfSection":0,"lengthInSteps":16,"altAnim":false,"mustHitSection":true,"changeBPM":false,"bpm":145},{"altAnimNum":0,"sectionNotes":[[90375,5,281],[90750,4,281],[91125,5,281],[90000,7,281.25],[90562.5,3,187.5],[90281.25,0,187.5],[90000,3,187.5],[90843.75,0,187.5],[91125,2,281.25]],"typeOfSection":0,"lengthInSteps":16,"altAnim":false,"mustHitSection":false,"changeBPM":false,"bpm":145},{"altAnimNum":0,"sectionNotes":[[91875,5,281],[92625,5,281],[92250,4,0],[91781.25,1,187.5],[92062.5,0,187.5],[91500,7,281.25],[91500,3,187.5],[92343.75,3,187.5],[92625,2,187.5],[92906.25,3,0]],"typeOfSection":0,"lengthInSteps":16,"altAnim":false,"mustHitSection":false,"changeBPM":false,"bpm":145},{"altAnimNum":0,"sectionNotes":[[93000,0,0],[93281.25,2,0],[93562.5,1,0],[93843.75,3,0],[94312.5,1,0],[94406.25,0,0],[93187.5,5,93.75],[93000,4,93.75],[93375,7,281.25],[93937.5,7,93.75],[93750,5,93.75],[94312.5,7,93.75],[94125,5,93.75],[94125,2,0]],"typeOfSection":0,"lengthInSteps":16,"altAnim":false,"mustHitSection":true,"changeBPM":false,"bpm":145},{"altAnimNum":0,"sectionNotes":[[94500,1,187.5],[94781.25,3,0],[95062.5,2,0],[95625,3,0],[95812.5,0,0],[95906.25,1,0],[94500,5,93.75],[94687.5,7,93.75],[94875,4,93.75],[95062.5,5,93.75],[95250,7,93.75],[95343.75,0,0],[95437.5,4,93.75],[95625,6,281.25]],"typeOfSection":0,"lengthInSteps":16,"altAnim":false,"mustHitSection":true,"changeBPM":false,"bpm":145},{"altAnimNum":0,"sectionNotes":[[96000,3,281],[96750,2,281.25]],"typeOfSection":0,"lengthInSteps":16,"altAnim":false,"mustHitSection":false,"changeBPM":false,"bpm":145},{"altAnimNum":0,"sectionNotes":[[97500,3,281.25],[98250,0,281.25]],"typeOfSection":0,"lengthInSteps":16,"altAnim":false,"mustHitSection":false,"changeBPM":false,"bpm":145},{"altAnimNum":0,"sectionNotes":[[99000,3,93.75],[99187.5,1,93.75],[99375,3,93.75],[99656.25,0,0],[99843.75,3,187.5],[100125,2,0],[100312.5,3,0]],"typeOfSection":0,"lengthInSteps":16,"altAnim":false,"mustHitSection":false,"changeBPM":false,"bpm":145},{"lengthInSteps":16,"typeOfSection":0,"sectionNotes":[[100500,3,93.75],[100687.5,1,93.75],[100875,3,93.75],[101062.5,1,93.75],[101250,3,93.75],[101437.5,2,93.75],[101625,0,93.75],[101812.5,0,93.75]],"altAnim":false,"bpm":145,"changeBPM":false,"mustHitSection":false},{"lengthInSteps":16,"typeOfSection":0,"sectionNotes":[[102000,3,281],[102750,2,281.25]],"altAnim":false,"bpm":145,"changeBPM":false,"mustHitSection":true},{"lengthInSteps":16,"typeOfSection":0,"sectionNotes":[[103500,3,281.25],[104250,0,281.25]],"altAnim":false,"bpm":145,"changeBPM":false,"mustHitSection":true},{"sectionNotes":[[105187.5,0,93.75],[105000,1,93.75],[105375,1,93.75],[105656.25,3,0],[105843.75,1,187.5],[106125,0,0],[106312.5,1,0]],"typeOfSection":0,"lengthInSteps":16,"altAnim":false,"mustHitSection":true,"changeBPM":false,"bpm":145},{"sectionNotes":[[106500,1,0],[106687.5,0,0],[106781.25,2,0],[107625,0,93.75],[107812.5,1,93.75],[106875,3,0],[107062.5,2,0],[107156.25,0,0],[107250,1,0],[107437.5,3,0]],"typeOfSection":0,"lengthInSteps":16,"altAnim":false,"mustHitSection":true,"changeBPM":false,"bpm":145},{"sectionNotes":[[108187.5,5,0],[108375,4,0],[108562.5,5,0],[108937.5,7,0],[109125,6,0],[109312.5,5,0],[108375,2,281.25],[109125,1,281.25],[108000,3,281.25],[108000,4,0],[108750,3,281.25],[108750,4,0]],"typeOfSection":0,"lengthInSteps":16,"altAnim":false,"mustHitSection":false,"changeBPM":false,"bpm":160},{"sectionNotes":[[109687.5,5,0],[110062.5,5,0],[110437.5,7,0],[110625,6,0],[110812.5,5,0],[110250,6,0],[110437.5,2,93.75],[109875,3,93.75],[109875,4,0],[110062.5,0,93.75],[109500,3,0],[109500,4,0],[110250,3,93.75],[110625,3,281.25],[109687.5,1,0]],"typeOfSection":0,"lengthInSteps":16,"altAnim":false,"mustHitSection":false,"changeBPM":false,"bpm":160},{"sectionNotes":[[111562,0,0],[111937,2,0],[112125,0,0],[112312,1,0],[111750,3,0],[111656.25,1,0],[111281.25,1,0],[111000,3,0],[111000,5,0],[112312.5,5,0],[111375,3,0],[111187.5,0,0],[111750,5,0],[112031.25,6,0],[111281.25,7,0],[111468.75,4,0]],"typeOfSection":0,"lengthInSteps":16,"altAnim":false,"mustHitSection":true,"changeBPM":false,"bpm":160},{"sectionNotes":[[112500,1,0],[112875,1,0],[112687.5,2,0],[113437.5,2,0],[113625,1,0],[113812.5,0,0],[112500,5,0],[113250,1,0],[113625,6,281.25],[113343.75,7,0],[113062.5,4,0],[112781.25,7,0],[113062.5,3,0]],"typeOfSection":0,"lengthInSteps":16,"altAnim":false,"mustHitSection":true,"changeBPM":false,"bpm":160},{"sectionNotes":[[114375,5,281],[114750,4,281],[115125,5,281],[114000,7,281.25],[114562.5,3,187.5],[114281.25,0,187.5],[114000,3,187.5],[114843.75,0,187.5],[115125,2,281.25]],"typeOfSection":0,"lengthInSteps":16,"altAnim":false,"mustHitSection":false,"changeBPM":false,"bpm":160},{"sectionNotes":[[115875,5,281],[116625,5,281],[116250,4,0],[115781.25,1,187.5],[116062.5,0,187.5],[115500,7,281.25],[115500,3,187.5],[116343.75,3,187.5],[116625,2,187.5],[116906.25,3,0]],"typeOfSection":0,"lengthInSteps":16,"altAnim":false,"mustHitSection":false,"changeBPM":false,"bpm":160},{"sectionNotes":[[117000,0,0],[117281.25,2,0],[117562.5,1,0],[117843.75,3,0],[118312.5,1,0],[118406.25,0,0],[117187.5,5,93.75],[117000,4,93.75],[117375,7,281.25],[117937.5,7,93.75],[117750,5,93.75],[118312.5,7,93.75],[118125,5,93.75],[118125,2,0]],"typeOfSection":0,"lengthInSteps":16,"altAnim":false,"mustHitSection":true,"changeBPM":false,"bpm":160},{"sectionNotes":[[118500,1,187.5],[118781.25,3,0],[119062.5,2,0],[119625,3,0],[119812.5,0,0],[119906.25,1,0],[118500,5,93.75],[118687.5,7,93.75],[118875,4,93.75],[119062.5,5,93.75],[119250,7,93.75],[119343.75,0,0],[119437.5,4,93.75],[119625,6,281.25]],"typeOfSection":0,"lengthInSteps":16,"altAnim":false,"mustHitSection":true,"changeBPM":false,"bpm":160},{"sectionNotes":[[120187.5,5,0],[120375,4,0],[120562.5,5,0],[120937.5,7,0],[121125,6,0],[121312.5,5,0],[120375,2,281.25],[121125,1,281.25],[120000,3,281.25],[120000,4,0],[120750,3,281.25],[120750,4,0]],"typeOfSection":0,"lengthInSteps":16,"altAnim":false,"mustHitSection":false,"changeBPM":false,"bpm":160},{"sectionNotes":[[121687.5,5,0],[122062.5,5,0],[122437.5,7,0],[122625,6,0],[122812.5,5,0],[122250,6,0],[122437.5,2,93.75],[121875,3,93.75],[121875,4,0],[122062.5,0,93.75],[121500,3,0],[121500,4,0],[122250,3,93.75],[122625,3,281.25],[121687.5,1,0]],"typeOfSection":0,"lengthInSteps":16,"altAnim":false,"mustHitSection":false,"changeBPM":false,"bpm":160},{"sectionNotes":[[123562,0,0],[123937,2,0],[124125,0,0],[124312,1,0],[123750,3,0],[123656.25,1,0],[123281.25,1,0],[123000,3,0],[123000,5,0],[124312.5,5,0],[123375,3,0],[123187.5,0,0],[123750,5,0],[124031.25,6,0],[123281.25,7,0],[123468.75,4,0]],"typeOfSection":0,"lengthInSteps":16,"altAnim":false,"mustHitSection":true,"changeBPM":false,"bpm":160},{"sectionNotes":[[124500,1,0],[124875,1,0],[124687.5,2,0],[125437.5,2,0],[125625,1,0],[125812.5,0,0],[124500,5,0],[125250,1,0],[125625,6,281.25],[125343.75,7,0],[125062.5,4,0],[124781.25,7,0],[125062.5,3,0]],"typeOfSection":0,"lengthInSteps":16,"altAnim":false,"mustHitSection":true,"changeBPM":false,"bpm":160},{"sectionNotes":[[126375,5,281],[126750,4,281],[127125,5,281],[126000,7,281.25],[126562.5,3,187.5],[126281.25,0,187.5],[126000,3,187.5],[126843.75,0,187.5],[127125,2,281.25]],"typeOfSection":0,"lengthInSteps":16,"altAnim":false,"mustHitSection":false,"changeBPM":false,"bpm":160},{"sectionNotes":[[127875,5,281],[128625,5,281],[128250,4,0],[127781.25,1,187.5],[128062.5,0,187.5],[127500,7,281.25],[127500,3,187.5],[128343.75,3,187.5],[128625,2,187.5],[128906.25,3,0]],"typeOfSection":0,"lengthInSteps":16,"altAnim":false,"mustHitSection":false,"changeBPM":false,"bpm":160},{"sectionNotes":[[129000,0,0],[129281.25,2,0],[129562.5,1,0],[129843.75,3,0],[130312.5,1,0],[130406.25,0,0],[129187.5,5,93.75],[129000,4,93.75],[129375,7,281.25],[129937.5,7,93.75],[129750,5,93.75],[130312.5,7,93.75],[130125,5,93.75],[130125,2,0]],"typeOfSection":0,"lengthInSteps":16,"altAnim":false,"mustHitSection":true,"changeBPM":false,"bpm":160},{"sectionNotes":[[130500,1,187.5],[130781.25,3,0],[131062.5,2,0],[131625,3,0],[131812.5,0,0],[131906.25,1,0],[130500,5,93.75],[130687.5,7,93.75],[130875,4,93.75],[131062.5,5,93.75],[131250,7,93.75],[131343.75,0,0],[131437.5,4,93.75],[131625,6,281.25]],"typeOfSection":0,"lengthInSteps":16,"altAnim":false,"mustHitSection":true,"changeBPM":false,"bpm":160},{"sectionNotes":[],"typeOfSection":0,"lengthInSteps":16,"altAnim":false,"mustHitSection":true,"changeBPM":false,"bpm":160},{"sectionNotes":[],"typeOfSection":0,"lengthInSteps":16,"altAnim":false,"mustHitSection":true,"changeBPM":false,"bpm":160},{"sectionNotes":[],"typeOfSection":0,"lengthInSteps":16,"altAnim":false,"mustHitSection":true,"changeBPM":false,"bpm":160},{"sectionNotes":[],"typeOfSection":0,"lengthInSteps":16,"altAnim":false,"mustHitSection":true,"changeBPM":false,"bpm":160},{"sectionNotes":[],"typeOfSection":0,"lengthInSteps":16,"altAnim":false,"mustHitSection":true,"changeBPM":false,"bpm":160},{"sectionNotes":[],"typeOfSection":0,"lengthInSteps":16,"altAnim":false,"mustHitSection":true,"changeBPM":false,"bpm":160},{"sectionNotes":[],"typeOfSection":0,"lengthInSteps":16,"altAnim":false,"mustHitSection":true,"changeBPM":false,"bpm":160},{"sectionNotes":[],"typeOfSection":0,"lengthInSteps":16,"altAnim":false,"mustHitSection":true,"changeBPM":false,"bpm":160},{"lengthInSteps":16,"altAnim":false,"typeOfSection":0,"sectionNotes":[],"bpm":160,"changeBPM":false,"mustHitSection":true}],"player2":"pico","isHey":false,"cutsceneType":"none","isSpooky":false,"song":"Makomelon","validScore":true,"speed":2.4,"sectionLengths":[],"isMoody":false,"uiType":"normal","needsVoices":true,"sections":0,"stage":"philly","gf":"gf","bpm":160}}