{"song":{"player1":"bf","sectionLengths":[],"notes":[{"lengthInSteps":16,"sectionNotes":[],"typeOfSection":0,"altAnim":false,"mustHitSection":false,"changeBPM":false,"bpm":95},{"lengthInSteps":16,"sectionNotes":[],"typeOfSection":0,"altAnim":false,"mustHitSection":true,"changeBPM":false,"bpm":100},{"lengthInSteps":16,"sectionNotes":[],"typeOfSection":0,"mustHitSection":true,"changeBPM":false,"bpm":100},{"lengthInSteps":16,"sectionNotes":[],"typeOfSection":0,"mustHitSection":true,"changeBPM":false,"bpm":100},{"lengthInSteps":16,"sectionNotes":[[11400,0,0],[10800,1,0],[10200,0,0],[9600,1,0]],"typeOfSection":0,"mustHitSection":false,"changeBPM":false,"bpm":100},{"lengthInSteps":16,"sectionNotes":[[12300,1,0],[12900,1,0],[13500,1,0],[14100,1,0],[12000,3,0],[12600,3,0],[13200,0,0],[13800,2,0]],"typeOfSection":0,"mustHitSection":false,"changeBPM":false,"bpm":100},{"lengthInSteps":16,"sectionNotes":[[14400,1,0],[15000,0,0],[15600,1,0],[16200,0,0]],"typeOfSection":0,"mustHitSection":false,"changeBPM":false,"bpm":100},{"lengthInSteps":16,"sectionNotes":[[16800,1,0],[17700,1,0],[18600,1,0],[17100,0,0],[18000,0,0],[18300,3,0],[18900,0,0],[17400,2,0]],"typeOfSection":0,"mustHitSection":false,"changeBPM":false,"bpm":100},{"lengthInSteps":16,"sectionNotes":[[20400,0,450],[19200,1,450],[19800,3,450],[21000,2,450]],"typeOfSection":0,"altAnim":true,"mustHitSection":true,"changeBPM":false,"bpm":100},{"lengthInSteps":16,"sectionNotes":[[21900,0,0],[22200,2,0],[22500,1,0],[22800,3,0],[23100,0,0],[23400,2,0],[23700,1,0],[21600,1,0]],"typeOfSection":0,"altAnim":true,"mustHitSection":true,"changeBPM":false,"bpm":100},{"lengthInSteps":16,"sectionNotes":[[25800,0,450],[24000,1,450],[24600,3,450],[25200,1,450]],"typeOfSection":0,"altAnim":true,"mustHitSection":true,"changeBPM":false,"bpm":100},{"lengthInSteps":16,"sectionNotes":[[26400,2,0],[27600,0,0],[27900,3,0],[28200,3,0],[28500,3,0],[27000,1,0],[26700,1,0],[27300,1,0]],"typeOfSection":0,"altAnim":true,"mustHitSection":true,"changeBPM":false,"bpm":100},{"lengthInSteps":16,"sectionNotes":[[29100,0,0],[29400,3,0],[29700,2,0],[30300,0,0],[30600,3,0],[30900,2,0]],"typeOfSection":0,"mustHitSection":false,"changeBPM":false,"bpm":100},{"lengthInSteps":16,"sectionNotes":[[31500,0,0],[31800,3,0],[32100,2,0],[32400,0,0],[32700,1,0],[33000,3,0],[33300,0,0]],"typeOfSection":0,"mustHitSection":false,"changeBPM":false,"bpm":100},{"lengthInSteps":16,"sectionNotes":[[33900,0,0],[34200,3,0],[34500,2,0],[35100,0,0],[35400,3,0],[35700,0,0]],"typeOfSection":0,"mustHitSection":false,"changeBPM":false,"bpm":100},{"lengthInSteps":16,"sectionNotes":[[36000,3,0],[36300,1,0],[36600,0,0],[36900,3,0],[37200,1,0],[37500,0,0],[37800,1,0],[38100,3,0]],"typeOfSection":0,"mustHitSection":false,"changeBPM":false,"bpm":100},{"lengthInSteps":16,"sectionNotes":[[38700,3,0],[39000,0,0],[39300,0,0],[39900,2,0],[40200,1,0],[40500,1,0]],"typeOfSection":0,"mustHitSection":true,"changeBPM":false,"bpm":100},{"lengthInSteps":16,"sectionNotes":[[42600,0,0],[41100,3,0],[41400,1,0],[41700,2,0],[42000,0,0],[42300,3,0],[42900,1,0]],"typeOfSection":0,"mustHitSection":true,"changeBPM":false,"bpm":100},{"lengthInSteps":16,"sectionNotes":[[43500,1,0],[43800,3,0],[44100,3,0],[44700,2,0],[45000,0,0],[45300,0,0]],"typeOfSection":0,"mustHitSection":true,"changeBPM":false,"bpm":100},{"lengthInSteps":16,"sectionNotes":[[45600,3,0],[45900,1,0],[46200,3,0],[46500,1,0],[46800,2,0],[47100,1,0],[47400,0,0],[47700,1,0]],"typeOfSection":0,"mustHitSection":true,"changeBPM":false,"bpm":100},{"lengthInSteps":16,"sectionNotes":[[49800,0,0],[49200,1,0],[48600,0,0],[48000,1,0]],"typeOfSection":0,"mustHitSection":false,"changeBPM":false,"bpm":100},{"lengthInSteps":16,"sectionNotes":[[50700,1,0],[51300,1,0],[51900,1,0],[52500,1,0],[50400,3,0],[51000,3,0],[51600,0,0],[52200,2,0]],"typeOfSection":0,"mustHitSection":false,"changeBPM":false,"bpm":100},{"lengthInSteps":16,"sectionNotes":[[52800,1,0],[53400,0,0],[54000,1,0],[54600,0,0]],"typeOfSection":0,"mustHitSection":false,"changeBPM":false,"bpm":100},{"lengthInSteps":16,"sectionNotes":[[55200,1,0],[56100,1,0],[57000,1,0],[55500,0,0],[56400,0,0],[56700,3,0],[57300,0,0],[55800,2,0]],"typeOfSection":0,"mustHitSection":false,"changeBPM":false,"bpm":100},{"lengthInSteps":16,"sectionNotes":[[58800,0,450],[57600,1,450],[58200,3,450],[59400,2,450]],"typeOfSection":0,"altAnim":false,"mustHitSection":true,"changeBPM":false,"bpm":100},{"lengthInSteps":16,"sectionNotes":[[60300,0,0],[60600,2,0],[60900,1,0],[61200,3,0],[61500,0,0],[61800,2,0],[62100,1,0],[60000,1,0]],"typeOfSection":0,"altAnim":false,"mustHitSection":true,"changeBPM":false,"bpm":100},{"lengthInSteps":16,"sectionNotes":[[62400,1,450],[63000,3,450],[63600,1,450],[64200,0,450]],"typeOfSection":0,"altAnim":false,"mustHitSection":true,"changeBPM":false,"bpm":100},{"lengthInSteps":16,"sectionNotes":[[64800,2,0],[66000,0,0],[66300,3,0],[66600,3,0],[66900,3,0],[65100,1,0],[65400,1,0],[65700,1,0]],"typeOfSection":0,"altAnim":false,"mustHitSection":true,"changeBPM":false,"bpm":100},{"lengthInSteps":16,"sectionNotes":[[67200,7,0],[67500,5,0],[68100,5,0],[67200,1,0],[67500,3,0],[68100,2,0],[67800,1,0],[68400,0,0],[68400,4,450],[69000,5,450],[67800,6,0]],"typeOfSection":0,"mustHitSection":false,"changeBPM":false,"bpm":100},{"lengthInSteps":16,"sectionNotes":[[69600,3,0],[69900,1,0],[70500,1,0],[69600,5,0],[69900,7,0],[70200,5,0],[70500,7,0],[70200,2,0],[71400,1,450],[70800,4,0],[70800,0,450]],"typeOfSection":0,"mustHitSection":true,"changeBPM":false,"bpm":100},{"lengthInSteps":16,"sectionNotes":[[72900,4,0],[73200,7,0],[73500,5,0],[74100,4,0],[73800,6,0],[72000,1,0],[72300,3,0],[72600,1,0],[72900,0,0],[72000,5,0],[72300,7,0],[72600,5,0],[73200,1,0],[73500,2,0],[73800,1,0],[74100,3,0]],"typeOfSection":0,"mustHitSection":false,"changeBPM":false,"bpm":100},{"lengthInSteps":16,"sectionNotes":[[74400,3,0],[74700,1,0],[75000,3,0],[75300,0,0],[75600,1,0],[75900,1,0],[76200,3,0],[76500,3,0],[76200,5,0],[74400,5,0],[74700,7,0],[75000,5,0],[75300,7,0],[75600,4,0]],"typeOfSection":0,"mustHitSection":true,"changeBPM":false,"bpm":100},{"lengthInSteps":16,"sectionNotes":[[77400,0,150],[77400,7,0],[77100,3,0],[78600,0,0],[78000,0,0],[77700,3,0],[77700,7,0],[77100,5,0],[76800,1,0],[78300,3,0],[78300,5,0],[78900,1,150],[78600,4,0],[78900,4,0]],"typeOfSection":0,"mustHitSection":false,"changeBPM":false,"bpm":100},{"lengthInSteps":16,"sectionNotes":[[81300,0,0],[79200,7,0],[79200,3,0],[79500,5,0],[79500,1,0],[79800,4,0],[79800,0,0],[80100,5,0],[80100,1,0],[80400,7,0],[80700,5,0],[80700,1,0],[81000,4,0],[81300,7,0],[81000,0,0],[80400,2,0]],"typeOfSection":0,"mustHitSection":true,"changeBPM":false,"bpm":100},{"lengthInSteps":16,"sectionNotes":[[81600,1,0],[82200,0,0],[82800,1,0],[83400,0,0],[81900,5,0],[82200,7,0],[82500,7,0],[83100,5,0],[83400,4,0],[83700,4,0]],"typeOfSection":0,"mustHitSection":false,"changeBPM":false,"bpm":100},{"lengthInSteps":16,"sectionNotes":[[84000,4,0],[84300,5,0],[84600,4,0],[84900,5,0],[85500,5,0],[84000,1,0],[84300,2,0],[84600,0,0],[84900,3,0],[85200,1,450],[85200,7,0],[86100,5,0],[85800,6,0],[85800,0,450]],"typeOfSection":0,"mustHitSection":true,"changeBPM":false,"bpm":100},{"lengthInSteps":16,"sectionNotes":[[88200,0,0],[87600,1,0],[87000,0,0],[86400,1,0]],"typeOfSection":0,"altAnim":false,"mustHitSection":false,"changeBPM":false,"bpm":100},{"lengthInSteps":16,"sectionNotes":[[89100,1,0],[89700,1,0],[90300,1,0],[90900,1,0],[88800,3,0],[89400,3,0],[90000,0,0],[90600,2,0]],"typeOfSection":0,"altAnim":false,"mustHitSection":false,"changeBPM":false,"bpm":100},{"lengthInSteps":16,"sectionNotes":[[91200,1,0],[91800,0,0],[92400,1,0],[93000,0,0]],"typeOfSection":0,"mustHitSection":false,"changeBPM":false,"bpm":100},{"lengthInSteps":16,"sectionNotes":[[93600,1,0],[94500,1,0],[95400,1,0],[93900,0,0],[94800,0,0],[95100,3,0],[95700,0,0],[94200,2,0]],"typeOfSection":0,"mustHitSection":false,"changeBPM":false,"bpm":100},{"lengthInSteps":16,"sectionNotes":[[97200,0,450],[96000,1,450],[96600,3,450],[97800,2,450]],"typeOfSection":0,"altAnim":true,"mustHitSection":true,"changeBPM":false,"bpm":100},{"lengthInSteps":16,"sectionNotes":[[98700,0,0],[99000,2,0],[99300,1,0],[99600,3,0],[99900,0,0],[100200,2,0],[100500,1,0],[98400,1,0]],"typeOfSection":0,"altAnim":true,"mustHitSection":true,"changeBPM":false,"bpm":100},{"lengthInSteps":16,"sectionNotes":[[100800,1,450],[101400,3,450],[102000,1,450],[102600,0,450]],"typeOfSection":0,"mustHitSection":true,"changeBPM":false,"bpm":100},{"lengthInSteps":16,"sectionNotes":[[103200,2,0],[104400,0,0],[104700,3,0],[105000,3,0],[105300,3,0],[103500,1,0],[103800,1,0],[104100,1,0]],"typeOfSection":0,"mustHitSection":true,"changeBPM":false,"bpm":100},{"lengthInSteps":16,"sectionNotes":[[107400,0,0],[106800,1,0],[106200,0,0],[105600,1,0]],"typeOfSection":0,"mustHitSection":false,"changeBPM":false,"bpm":100},{"lengthInSteps":16,"sectionNotes":[[108300,1,0],[108900,1,0],[109500,1,0],[110100,1,0],[108000,3,0],[108600,3,0],[109200,0,0],[109800,2,0]],"typeOfSection":0,"mustHitSection":false,"changeBPM":false,"bpm":100},{"lengthInSteps":16,"sectionNotes":[[110400,1,0],[111000,0,0],[111600,1,0],[112200,0,0]],"typeOfSection":0,"mustHitSection":false,"changeBPM":false,"bpm":100},{"lengthInSteps":16,"sectionNotes":[[112800,1,0],[113700,1,0],[114600,1,0],[113100,0,0],[114000,0,0],[114300,3,0],[114900,0,0],[113400,2,0]],"typeOfSection":0,"mustHitSection":false,"changeBPM":false,"bpm":100},{"lengthInSteps":16,"sectionNotes":[[116400,0,450],[115200,1,450],[115800,3,450],[117000,2,450]],"typeOfSection":0,"mustHitSection":true,"changeBPM":false,"bpm":100},{"lengthInSteps":16,"sectionNotes":[[117900,0,0],[118200,2,0],[118500,1,0],[118800,3,0],[119100,0,0],[119400,2,0],[119700,1,0],[117600,1,0]],"typeOfSection":0,"mustHitSection":true,"changeBPM":false,"bpm":100},{"lengthInSteps":16,"sectionNotes":[[120000,1,450],[120600,3,450],[121200,1,450],[121800,0,450]],"typeOfSection":0,"altAnim":false,"mustHitSection":true,"changeBPM":false,"bpm":100},{"lengthInSteps":16,"sectionNotes":[[122400,2,0],[123600,0,0],[123900,3,0],[124200,3,0],[124500,3,0],[122700,1,0],[123000,1,0],[123300,1,0]],"typeOfSection":0,"altAnim":false,"mustHitSection":true,"changeBPM":false,"bpm":100},{"lengthInSteps":16,"sectionNotes":[],"typeOfSection":0,"altAnim":false,"mustHitSection":true,"changeBPM":false,"bpm":100},{"sectionNotes":[],"typeOfSection":0,"lengthInSteps":16,"altAnim":false,"mustHitSection":true,"changeBPM":false,"bpm":100},{"sectionNotes":[],"typeOfSection":0,"lengthInSteps":16,"altAnim":false,"mustHitSection":true,"changeBPM":false,"bpm":100},{"sectionNotes":[],"typeOfSection":0,"lengthInSteps":16,"altAnim":false,"mustHitSection":true,"changeBPM":false,"bpm":100},{"sectionNotes":[],"typeOfSection":0,"lengthInSteps":16,"altAnim":false,"mustHitSection":true,"changeBPM":false,"bpm":100},{"lengthInSteps":16,"typeOfSection":0,"sectionNotes":[],"altAnim":false,"bpm":100,"changeBPM":false,"mustHitSection":true},{"lengthInSteps":16,"typeOfSection":0,"sectionNotes":[],"altAnim":false,"bpm":100,"changeBPM":false,"mustHitSection":true},{"sectionNotes":[],"typeOfSection":0,"lengthInSteps":16,"altAnim":false,"mustHitSection":true,"changeBPM":false,"bpm":100},{"lengthInSteps":16,"typeOfSection":0,"sectionNotes":[],"altAnim":false,"bpm":100,"changeBPM":false,"mustHitSection":true},{"lengthInSteps":16,"typeOfSection":0,"sectionNotes":[],"altAnim":false,"bpm":100,"changeBPM":false,"mustHitSection":true},{"sectionNotes":[],"typeOfSection":0,"lengthInSteps":16,"altAnim":false,"mustHitSection":true,"changeBPM":false,"bpm":100},{"lengthInSteps":16,"altAnim":false,"typeOfSection":0,"sectionNotes":[],"bpm":100,"changeBPM":false,"mustHitSection":true}],"player2":"gf","song":"Tutorial","validScore":true,"sections":0,"needsVoices":true,"bpm":100,"speed":2}}