{"notes":[{"lengthInSteps":16,"sectionNotes":[],"typeOfSection":0,"altAnim":false,"mustHitSection":false,"changeBPM":false,"bpm":95},{"lengthInSteps":16,"sectionNotes":[],"typeOfSection":0,"altAnim":false,"mustHitSection":true,"changeBPM":false,"bpm":100},{"lengthInSteps":16,"sectionNotes":[],"typeOfSection":0,"mustHitSection":true,"changeBPM":false,"bpm":100},{"lengthInSteps":16,"sectionNotes":[],"typeOfSection":0,"mustHitSection":true,"changeBPM":false,"bpm":100},{"lengthInSteps":16,"sectionNotes":[[11400,0,0],[10800,1,0],[10200,0,0],[9600,1,0]],"typeOfSection":0,"mustHitSection":false,"changeBPM":false,"bpm":100},{"lengthInSteps":16,"sectionNotes":[[12300,1,0],[12900,1,0],[13500,1,0],[14100,1,0],[12000,3,0],[12600,3,0],[13200,0,0],[13800,3,0]],"typeOfSection":0,"mustHitSection":false,"changeBPM":false,"bpm":100},{"lengthInSteps":16,"sectionNotes":[[14400,1,0],[15000,0,0],[15600,1,0],[16200,0,0]],"typeOfSection":0,"mustHitSection":false,"changeBPM":false,"bpm":100},{"lengthInSteps":16,"sectionNotes":[[16800,1,0],[17700,1,0],[18600,1,0],[17100,0,0],[17400,3,0],[18000,0,0],[18300,3,0],[18900,0,0]],"typeOfSection":0,"mustHitSection":false,"changeBPM":false,"bpm":100},{"lengthInSteps":16,"sectionNotes":[[19200,3,450],[19800,1,450],[20400,0,450],[21000,3,450]],"typeOfSection":0,"altAnim":true,"mustHitSection":true,"changeBPM":false,"bpm":100},{"lengthInSteps":16,"sectionNotes":[[21600,3,0],[21900,0,0],[22200,2,0],[22500,1,0],[22800,3,0],[23100,0,0],[23400,2,0],[23700,1,0]],"typeOfSection":0,"altAnim":true,"mustHitSection":true,"changeBPM":false,"bpm":100},{"lengthInSteps":16,"sectionNotes":[[24000,3,450],[24600,1,450],[25200,3,450],[25800,1,450]],"typeOfSection":0,"altAnim":true,"mustHitSection":true,"changeBPM":false,"bpm":100},{"lengthInSteps":16,"sectionNotes":[[26400,2,0],[26700,3,0],[27000,3,0],[27300,3,0],[27600,0,0],[27900,3,0],[28200,3,0],[28500,3,0]],"typeOfSection":0,"altAnim":true,"mustHitSection":true,"changeBPM":false,"bpm":100},{"lengthInSteps":16,"sectionNotes":[[29100,0,0],[29400,3,0],[29700,2,0],[30300,0,0],[30600,3,0],[30900,2,0]],"typeOfSection":0,"mustHitSection":false,"changeBPM":false,"bpm":100},{"lengthInSteps":16,"sectionNotes":[[31500,0,0],[31800,3,0],[32100,2,0],[32400,0,0],[32700,1,0],[33000,3,0],[33300,0,0]],"typeOfSection":0,"mustHitSection":false,"changeBPM":false,"bpm":100},{"lengthInSteps":16,"sectionNotes":[[33900,0,0],[34200,3,0],[34500,2,0],[35100,0,0],[35400,3,0],[35700,0,0]],"typeOfSection":0,"mustHitSection":false,"changeBPM":false,"bpm":100},{"lengthInSteps":16,"sectionNotes":[[36000,3,0],[36300,1,0],[36600,0,0],[36900,3,0],[37200,1,0],[37500,0,0],[37800,1,0],[38100,3,0]],"typeOfSection":0,"mustHitSection":false,"changeBPM":false,"bpm":100},{"lengthInSteps":16,"sectionNotes":[[38700,3,0],[39000,1,0],[39300,1,0],[39900,0,0],[40200,3,0],[40500,3,0]],"typeOfSection":0,"mustHitSection":true,"changeBPM":false,"bpm":100},{"lengthInSteps":16,"sectionNotes":[[41100,0,0],[41400,3,0],[41700,1,0],[42000,2,0],[42300,1,0],[42600,0,0],[42900,3,0]],"typeOfSection":0,"mustHitSection":true,"changeBPM":false,"bpm":100},{"lengthInSteps":16,"sectionNotes":[[43500,3,0],[43800,1,0],[44100,1,0],[44700,0,0],[45000,3,0],[45300,3,0]],"typeOfSection":0,"mustHitSection":true,"changeBPM":false,"bpm":100},{"lengthInSteps":16,"sectionNotes":[[45600,1,0],[45900,3,0],[46200,1,0],[46500,3,0],[46800,0,0],[47100,3,0],[47400,2,0],[47700,3,0]],"typeOfSection":0,"mustHitSection":true,"changeBPM":false,"bpm":100},{"lengthInSteps":16,"sectionNotes":[[49800,0,0],[49200,1,0],[48600,0,0],[48000,1,0]],"typeOfSection":0,"mustHitSection":false,"changeBPM":false,"bpm":100},{"lengthInSteps":16,"sectionNotes":[[50700,1,0],[51300,1,0],[51900,1,0],[52500,1,0],[50400,3,0],[51000,3,0],[51600,0,0],[52200,3,0]],"typeOfSection":0,"mustHitSection":false,"changeBPM":false,"bpm":100},{"lengthInSteps":16,"sectionNotes":[[52800,1,0],[53400,0,0],[54000,1,0],[54600,0,0]],"typeOfSection":0,"mustHitSection":false,"changeBPM":false,"bpm":100},{"lengthInSteps":16,"sectionNotes":[[55200,1,0],[56100,1,0],[57000,1,0],[55500,0,0],[55800,3,0],[56400,0,0],[56700,3,0],[57300,0,0]],"typeOfSection":0,"mustHitSection":false,"changeBPM":false,"bpm":100},{"lengthInSteps":16,"sectionNotes":[[59400,3,450],[57600,3,450],[58200,1,450],[58800,0,450]],"typeOfSection":0,"altAnim":false,"mustHitSection":true,"changeBPM":false,"bpm":100},{"lengthInSteps":16,"sectionNotes":[[60000,3,0],[60300,0,0],[60600,2,0],[60900,1,0],[61200,3,0],[61500,0,0],[61800,2,0],[62100,1,0]],"typeOfSection":0,"altAnim":false,"mustHitSection":true,"changeBPM":false,"bpm":100},{"lengthInSteps":16,"sectionNotes":[[62400,3,450],[63000,1,450],[63600,3,450],[64200,1,450]],"typeOfSection":0,"altAnim":false,"mustHitSection":true,"changeBPM":false,"bpm":100},{"lengthInSteps":16,"sectionNotes":[[64800,2,0],[65100,3,0],[65400,3,0],[65700,3,0],[66000,0,0],[66300,3,0],[66600,3,0],[66900,3,0]],"typeOfSection":0,"altAnim":false,"mustHitSection":true,"changeBPM":false,"bpm":100},{"lengthInSteps":16,"sectionNotes":[[67200,1,150],[67500,3,150],[67800,1,150],[68100,3,150],[69150,7,300],[67200,7,0],[67500,5,0],[67800,7,0],[68100,5,0],[68400,4,600],[68400,0,600]],"typeOfSection":0,"mustHitSection":false,"changeBPM":false,"bpm":100},{"lengthInSteps":16,"sectionNotes":[[69600,5,150],[69900,7,150],[70200,5,150],[70500,7,150],[71550,3,300],[69600,3,0],[69900,1,0],[70200,3,0],[70500,1,0],[70800,0,600],[70800,4,600]],"typeOfSection":0,"mustHitSection":true,"changeBPM":false,"bpm":100},{"lengthInSteps":16,"sectionNotes":[[72000,1,150],[72300,3,150],[72600,1,150],[72000,7,0],[72300,5,0],[72600,7,0],[72900,4,0],[73200,7,0],[73500,5,0],[73800,7,0],[74100,4,0],[72900,3,150],[73200,1,150],[73500,3,150],[73800,1,150],[74100,3,150]],"typeOfSection":0,"mustHitSection":false,"changeBPM":false,"bpm":100},{"lengthInSteps":16,"sectionNotes":[[74400,5,150],[74700,7,150],[75000,5,150],[74400,3,0],[74700,1,0],[75000,3,0],[75300,0,0],[75600,3,0],[75300,7,150],[76500,1,0],[75900,3,0],[76200,1,0],[75600,4,450],[76200,5,450]],"typeOfSection":0,"mustHitSection":true,"changeBPM":false,"bpm":100},{"lengthInSteps":16,"sectionNotes":[[77100,7,0],[77400,5,0],[77700,5,0],[78300,7,0],[78600,5,0],[76800,1,150],[77100,3,150],[77400,0,150],[77700,1,150],[78000,0,150],[78300,3,150],[78600,0,150],[78900,1,150],[78900,5,0]],"typeOfSection":0,"mustHitSection":false,"changeBPM":false,"bpm":100},{"lengthInSteps":16,"sectionNotes":[[79200,1,0],[79500,3,0],[79800,1,0],[80100,0,0],[80400,1,0],[80700,3,0],[81000,1,0],[79200,7,150],[79500,5,150],[79800,4,150],[80100,5,150],[80400,7,150],[80700,5,150],[81000,4,150],[81300,7,150],[81300,1,0]],"typeOfSection":0,"mustHitSection":true,"changeBPM":false,"bpm":100},{"lengthInSteps":16,"sectionNotes":[[81600,1,450],[82200,0,450],[82800,1,450],[83400,0,450],[81900,7,0],[82200,5,0],[82500,5,0],[83400,5,0],[83700,5,0],[83100,7,0]],"typeOfSection":0,"mustHitSection":false,"changeBPM":false,"bpm":100},{"lengthInSteps":16,"sectionNotes":[[84000,4,0],[84300,5,0],[84600,4,0],[84900,5,0],[85200,6,0],[85500,5,0],[85800,7,150],[86100,5,150],[84000,3,0],[84600,1,0],[85200,3,450],[85800,1,450],[84900,0,0],[84300,2,0]],"typeOfSection":0,"mustHitSection":true,"changeBPM":false,"bpm":100},{"lengthInSteps":16,"sectionNotes":[[88200,0,0],[87600,1,0],[87000,0,0],[86400,1,0]],"typeOfSection":0,"altAnim":false,"mustHitSection":false,"changeBPM":false,"bpm":100},{"lengthInSteps":16,"sectionNotes":[[89100,1,0],[89700,1,0],[90300,1,0],[90900,1,0],[88800,3,0],[89400,3,0],[90000,0,0],[90600,3,0]],"typeOfSection":0,"altAnim":false,"mustHitSection":false,"changeBPM":false,"bpm":100},{"lengthInSteps":16,"sectionNotes":[[91200,1,0],[91800,0,0],[92400,1,0],[93000,0,0]],"typeOfSection":0,"mustHitSection":false,"changeBPM":false,"bpm":100},{"lengthInSteps":16,"sectionNotes":[[93600,1,0],[94500,1,0],[95400,1,0],[93900,0,0],[94200,3,0],[94800,0,0],[95100,3,0],[95700,0,0]],"typeOfSection":0,"mustHitSection":false,"changeBPM":false,"bpm":100},{"lengthInSteps":16,"sectionNotes":[[97800,3,450],[96000,3,450],[96600,1,450],[97200,0,450]],"typeOfSection":0,"altAnim":true,"mustHitSection":true,"changeBPM":false,"bpm":100},{"lengthInSteps":16,"sectionNotes":[[98400,3,0],[98700,0,0],[99000,2,0],[99300,1,0],[99600,3,0],[99900,0,0],[100200,2,0],[100500,1,0]],"typeOfSection":0,"altAnim":true,"mustHitSection":true,"changeBPM":false,"bpm":100},{"lengthInSteps":16,"sectionNotes":[[100800,3,450],[101400,1,450],[102000,3,450],[102600,1,450]],"typeOfSection":0,"mustHitSection":true,"changeBPM":false,"bpm":100},{"lengthInSteps":16,"sectionNotes":[[103200,2,0],[103500,3,0],[103800,3,0],[104100,3,0],[104400,0,0],[104700,3,0],[105000,3,0],[105300,3,0]],"typeOfSection":0,"mustHitSection":true,"changeBPM":false,"bpm":100},{"lengthInSteps":16,"sectionNotes":[[105600,1,0],[106200,0,0],[106800,1,0],[107400,0,0]],"typeOfSection":0,"mustHitSection":false,"changeBPM":false,"bpm":100},{"lengthInSteps":16,"sectionNotes":[[108300,1,0],[108900,1,0],[109500,1,0],[110100,1,0],[108000,3,0],[108600,3,0],[109200,0,0],[109800,3,0]],"typeOfSection":0,"mustHitSection":false,"changeBPM":false,"bpm":100},{"lengthInSteps":16,"sectionNotes":[[110400,1,0],[111000,0,0],[111600,1,0],[112200,0,0]],"typeOfSection":0,"mustHitSection":false,"changeBPM":false,"bpm":100},{"lengthInSteps":16,"sectionNotes":[[112800,1,0],[113700,1,0],[114600,1,0],[113100,0,0],[113400,3,0],[114000,0,0],[114300,3,0],[114900,0,0]],"typeOfSection":0,"mustHitSection":false,"changeBPM":false,"bpm":100},{"lengthInSteps":16,"sectionNotes":[[117000,3,450],[115200,3,450],[115800,1,450],[116400,0,450]],"typeOfSection":0,"mustHitSection":true,"changeBPM":false,"bpm":100},{"lengthInSteps":16,"sectionNotes":[[117600,3,0],[117900,0,0],[118200,2,0],[118500,1,0],[118800,3,0],[119100,0,0],[119400,2,0],[119700,1,0]],"typeOfSection":0,"mustHitSection":true,"changeBPM":false,"bpm":100},{"lengthInSteps":16,"sectionNotes":[[120000,3,450],[120600,1,450],[121200,3,450],[121800,1,450]],"typeOfSection":0,"altAnim":false,"mustHitSection":true,"changeBPM":false,"bpm":100},{"lengthInSteps":16,"sectionNotes":[[122400,2,0],[122700,3,0],[123000,3,0],[123300,3,0],[123600,0,0],[123900,3,0],[124200,3,0],[124500,3,0]],"typeOfSection":0,"altAnim":false,"mustHitSection":true,"changeBPM":false,"bpm":100},{"lengthInSteps":16,"sectionNotes":[],"typeOfSection":0,"altAnim":false,"mustHitSection":true,"changeBPM":false,"bpm":100},{"sectionNotes":[],"typeOfSection":0,"lengthInSteps":16,"altAnim":false,"mustHitSection":true,"changeBPM":false,"bpm":100},{"sectionNotes":[],"typeOfSection":0,"lengthInSteps":16,"altAnim":false,"mustHitSection":true,"changeBPM":false,"bpm":100},{"sectionNotes":[],"typeOfSection":0,"lengthInSteps":16,"altAnim":false,"mustHitSection":true,"changeBPM":false,"bpm":100},{"sectionNotes":[],"typeOfSection":0,"lengthInSteps":16,"altAnim":false,"mustHitSection":true,"changeBPM":false,"bpm":100},{"lengthInSteps":16,"typeOfSection":0,"sectionNotes":[],"altAnim":false,"bpm":100,"changeBPM":false,"mustHitSection":true},{"lengthInSteps":16,"typeOfSection":0,"sectionNotes":[],"altAnim":false,"bpm":100,"changeBPM":false,"mustHitSection":true},{"sectionNotes":[],"typeOfSection":0,"lengthInSteps":16,"altAnim":false,"mustHitSection":true,"changeBPM":false,"bpm":100},{"lengthInSteps":16,"altAnim":false,"typeOfSection":0,"sectionNotes":[],"bpm":100,"changeBPM":false,"mustHitSection":true},{"lengthInSteps":16,"altAnim":false,"typeOfSection":0,"sectionNotes":[],"bpm":100,"changeBPM":false,"mustHitSection":true}],"sections":62,"bpm":100,"song":{"player1":"bf","sectionLengths":[],"notes":[{"lengthInSteps":16,"sectionNotes":[],"typeOfSection":0,"altAnim":false,"mustHitSection":false,"changeBPM":false,"bpm":95},{"lengthInSteps":16,"sectionNotes":[],"typeOfSection":0,"altAnim":false,"mustHitSection":true,"changeBPM":false,"bpm":100},{"lengthInSteps":16,"sectionNotes":[],"typeOfSection":0,"mustHitSection":true,"changeBPM":false,"bpm":100},{"lengthInSteps":16,"sectionNotes":[],"typeOfSection":0,"mustHitSection":true,"changeBPM":false,"bpm":100},{"lengthInSteps":16,"sectionNotes":[[11400,0,0],[10800,1,0],[10200,0,0],[9600,1,0]],"typeOfSection":0,"mustHitSection":false,"changeBPM":false,"bpm":100},{"lengthInSteps":16,"sectionNotes":[[12300,1,0],[12900,1,0],[13500,1,0],[14100,1,0],[12000,3,0],[12600,3,0],[13200,0,0],[13800,3,0]],"typeOfSection":0,"mustHitSection":false,"changeBPM":false,"bpm":100},{"lengthInSteps":16,"sectionNotes":[[14400,1,0],[15000,0,0],[15600,1,0],[16200,0,0]],"typeOfSection":0,"mustHitSection":false,"changeBPM":false,"bpm":100},{"lengthInSteps":16,"sectionNotes":[[16800,1,0],[17700,1,0],[18600,1,0],[17100,0,0],[17400,3,0],[18000,0,0],[18300,3,0],[18900,0,0]],"typeOfSection":0,"mustHitSection":false,"changeBPM":false,"bpm":100},{"lengthInSteps":16,"sectionNotes":[[19200,3,450],[19800,1,450],[20400,0,450],[21000,3,450]],"typeOfSection":0,"altAnim":true,"mustHitSection":true,"changeBPM":false,"bpm":100},{"lengthInSteps":16,"sectionNotes":[[21600,3,0],[21900,0,0],[22200,2,0],[22500,1,0],[22800,3,0],[23100,0,0],[23400,2,0],[23700,1,0]],"typeOfSection":0,"altAnim":true,"mustHitSection":true,"changeBPM":false,"bpm":100},{"lengthInSteps":16,"sectionNotes":[[24000,3,450],[24600,1,450],[25200,3,450],[25800,1,450]],"typeOfSection":0,"altAnim":true,"mustHitSection":true,"changeBPM":false,"bpm":100},{"lengthInSteps":16,"sectionNotes":[[26400,2,0],[26700,3,0],[27000,3,0],[27300,3,0],[27600,0,0],[27900,3,0],[28200,3,0],[28500,3,0]],"typeOfSection":0,"altAnim":true,"mustHitSection":true,"changeBPM":false,"bpm":100},{"lengthInSteps":16,"sectionNotes":[[29100,0,0],[29400,3,0],[29700,2,0],[30300,0,0],[30600,3,0],[30900,2,0]],"typeOfSection":0,"mustHitSection":false,"changeBPM":false,"bpm":100},{"lengthInSteps":16,"sectionNotes":[[31500,0,0],[31800,3,0],[32100,2,0],[32400,0,0],[32700,1,0],[33000,3,0],[33300,0,0]],"typeOfSection":0,"mustHitSection":false,"changeBPM":false,"bpm":100},{"lengthInSteps":16,"sectionNotes":[[33900,0,0],[34200,3,0],[34500,2,0],[35100,0,0],[35400,3,0],[35700,0,0]],"typeOfSection":0,"mustHitSection":false,"changeBPM":false,"bpm":100},{"lengthInSteps":16,"sectionNotes":[[36000,3,0],[36300,1,0],[36600,0,0],[36900,3,0],[37200,1,0],[37500,0,0],[37800,1,0],[38100,3,0]],"typeOfSection":0,"mustHitSection":false,"changeBPM":false,"bpm":100},{"lengthInSteps":16,"sectionNotes":[[38700,3,0],[39000,1,0],[39300,1,0],[39900,0,0],[40200,3,0],[40500,3,0]],"typeOfSection":0,"mustHitSection":true,"changeBPM":false,"bpm":100},{"lengthInSteps":16,"sectionNotes":[[41100,0,0],[41400,3,0],[41700,1,0],[42000,2,0],[42300,1,0],[42600,0,0],[42900,3,0]],"typeOfSection":0,"mustHitSection":true,"changeBPM":false,"bpm":100},{"lengthInSteps":16,"sectionNotes":[[43500,3,0],[43800,1,0],[44100,1,0],[44700,0,0],[45000,3,0],[45300,3,0]],"typeOfSection":0,"mustHitSection":true,"changeBPM":false,"bpm":100},{"lengthInSteps":16,"sectionNotes":[[45600,1,0],[45900,3,0],[46200,1,0],[46500,3,0],[46800,0,0],[47100,3,0],[47400,2,0],[47700,3,0]],"typeOfSection":0,"mustHitSection":true,"changeBPM":false,"bpm":100},{"lengthInSteps":16,"sectionNotes":[[49800,0,0],[49200,1,0],[48600,0,0],[48000,1,0]],"typeOfSection":0,"mustHitSection":false,"changeBPM":false,"bpm":100},{"lengthInSteps":16,"sectionNotes":[[50700,1,0],[51300,1,0],[51900,1,0],[52500,1,0],[50400,3,0],[51000,3,0],[51600,0,0],[52200,3,0]],"typeOfSection":0,"mustHitSection":false,"changeBPM":false,"bpm":100},{"lengthInSteps":16,"sectionNotes":[[52800,1,0],[53400,0,0],[54000,1,0],[54600,0,0]],"typeOfSection":0,"mustHitSection":false,"changeBPM":false,"bpm":100},{"lengthInSteps":16,"sectionNotes":[[55200,1,0],[56100,1,0],[57000,1,0],[55500,0,0],[55800,3,0],[56400,0,0],[56700,3,0],[57300,0,0]],"typeOfSection":0,"mustHitSection":false,"changeBPM":false,"bpm":100},{"lengthInSteps":16,"sectionNotes":[[59400,3,450],[57600,3,450],[58200,1,450],[58800,0,450]],"typeOfSection":0,"altAnim":false,"mustHitSection":true,"changeBPM":false,"bpm":100},{"lengthInSteps":16,"sectionNotes":[[60000,3,0],[60300,0,0],[60600,2,0],[60900,1,0],[61200,3,0],[61500,0,0],[61800,2,0],[62100,1,0]],"typeOfSection":0,"altAnim":false,"mustHitSection":true,"changeBPM":false,"bpm":100},{"lengthInSteps":16,"sectionNotes":[[62400,3,450],[63000,1,450],[63600,3,450],[64200,1,450]],"typeOfSection":0,"altAnim":false,"mustHitSection":true,"changeBPM":false,"bpm":100},{"lengthInSteps":16,"sectionNotes":[[64800,2,0],[65100,3,0],[65400,3,0],[65700,3,0],[66000,0,0],[66300,3,0],[66600,3,0],[66900,3,0]],"typeOfSection":0,"altAnim":false,"mustHitSection":true,"changeBPM":false,"bpm":100},{"lengthInSteps":16,"sectionNotes":[[67200,1,150],[67500,3,150],[67800,1,150],[68100,3,150],[69150,7,300],[67200,7,0],[67500,5,0],[67800,7,0],[68100,5,0],[68400,4,600],[68400,0,600]],"typeOfSection":0,"mustHitSection":false,"changeBPM":false,"bpm":100},{"lengthInSteps":16,"sectionNotes":[[69600,5,150],[69900,7,150],[70200,5,150],[70500,7,150],[71550,3,300],[69600,3,0],[69900,1,0],[70200,3,0],[70500,1,0],[70800,0,600],[70800,4,600]],"typeOfSection":0,"mustHitSection":true,"changeBPM":false,"bpm":100},{"lengthInSteps":16,"sectionNotes":[[72000,1,150],[72300,3,150],[72600,1,150],[72000,7,0],[72300,5,0],[72600,7,0],[72900,4,0],[73200,7,0],[73500,5,0],[73800,7,0],[74100,4,0],[72900,3,150],[73200,1,150],[73500,3,150],[73800,1,150],[74100,3,150]],"typeOfSection":0,"mustHitSection":false,"changeBPM":false,"bpm":100},{"lengthInSteps":16,"sectionNotes":[[74400,5,150],[74700,7,150],[75000,5,150],[74400,3,0],[74700,1,0],[75000,3,0],[75300,0,0],[75600,3,0],[75300,7,150],[76500,1,0],[75900,3,0],[76200,1,0],[75600,4,450],[76200,5,450]],"typeOfSection":0,"mustHitSection":true,"changeBPM":false,"bpm":100},{"lengthInSteps":16,"sectionNotes":[[77100,7,0],[77400,5,0],[77700,5,0],[78300,7,0],[78600,5,0],[76800,1,150],[77100,3,150],[77400,0,150],[77700,1,150],[78000,0,150],[78300,3,150],[78600,0,150],[78900,1,150],[78900,5,0]],"typeOfSection":0,"mustHitSection":false,"changeBPM":false,"bpm":100},{"lengthInSteps":16,"sectionNotes":[[79200,1,0],[79500,3,0],[79800,1,0],[80100,0,0],[80400,1,0],[80700,3,0],[81000,1,0],[79200,7,150],[79500,5,150],[79800,4,150],[80100,5,150],[80400,7,150],[80700,5,150],[81000,4,150],[81300,7,150],[81300,1,0]],"typeOfSection":0,"mustHitSection":true,"changeBPM":false,"bpm":100},{"lengthInSteps":16,"sectionNotes":[[81600,1,450],[82200,0,450],[82800,1,450],[83400,0,450],[81900,7,0],[82200,5,0],[82500,5,0],[83400,5,0],[83700,5,0],[83100,7,0]],"typeOfSection":0,"mustHitSection":false,"changeBPM":false,"bpm":100},{"lengthInSteps":16,"sectionNotes":[[84000,4,0],[84300,5,0],[84600,4,0],[84900,5,0],[85200,6,0],[85500,5,0],[85800,7,150],[86100,5,150],[84000,3,0],[84600,1,0],[85200,3,450],[85800,1,450],[84900,0,0],[84300,2,0]],"typeOfSection":0,"mustHitSection":true,"changeBPM":false,"bpm":100},{"lengthInSteps":16,"sectionNotes":[[88200,0,0],[87600,1,0],[87000,0,0],[86400,1,0]],"typeOfSection":0,"altAnim":false,"mustHitSection":false,"changeBPM":false,"bpm":100},{"lengthInSteps":16,"sectionNotes":[[89100,1,0],[89700,1,0],[90300,1,0],[90900,1,0],[88800,3,0],[89400,3,0],[90000,0,0],[90600,3,0]],"typeOfSection":0,"altAnim":false,"mustHitSection":false,"changeBPM":false,"bpm":100},{"lengthInSteps":16,"sectionNotes":[[91200,1,0],[91800,0,0],[92400,1,0],[93000,0,0]],"typeOfSection":0,"mustHitSection":false,"changeBPM":false,"bpm":100},{"lengthInSteps":16,"sectionNotes":[[93600,1,0],[94500,1,0],[95400,1,0],[93900,0,0],[94200,3,0],[94800,0,0],[95100,3,0],[95700,0,0]],"typeOfSection":0,"mustHitSection":false,"changeBPM":false,"bpm":100},{"lengthInSteps":16,"sectionNotes":[[97800,3,450],[96000,3,450],[96600,1,450],[97200,0,450]],"typeOfSection":0,"altAnim":true,"mustHitSection":true,"changeBPM":false,"bpm":100},{"lengthInSteps":16,"sectionNotes":[[98400,3,0],[98700,0,0],[99000,2,0],[99300,1,0],[99600,3,0],[99900,0,0],[100200,2,0],[100500,1,0]],"typeOfSection":0,"altAnim":true,"mustHitSection":true,"changeBPM":false,"bpm":100},{"lengthInSteps":16,"sectionNotes":[[100800,3,450],[101400,1,450],[102000,3,450],[102600,1,450]],"typeOfSection":0,"mustHitSection":true,"changeBPM":false,"bpm":100},{"lengthInSteps":16,"sectionNotes":[[103200,2,0],[103500,3,0],[103800,3,0],[104100,3,0],[104400,0,0],[104700,3,0],[105000,3,0],[105300,3,0]],"typeOfSection":0,"mustHitSection":true,"changeBPM":false,"bpm":100},{"lengthInSteps":16,"sectionNotes":[[105600,1,0],[106200,0,0],[106800,1,0],[107400,0,0]],"typeOfSection":0,"mustHitSection":false,"changeBPM":false,"bpm":100},{"lengthInSteps":16,"sectionNotes":[[108300,1,0],[108900,1,0],[109500,1,0],[110100,1,0],[108000,3,0],[108600,3,0],[109200,0,0],[109800,3,0]],"typeOfSection":0,"mustHitSection":false,"changeBPM":false,"bpm":100},{"lengthInSteps":16,"sectionNotes":[[110400,1,0],[111000,0,0],[111600,1,0],[112200,0,0]],"typeOfSection":0,"mustHitSection":false,"changeBPM":false,"bpm":100},{"lengthInSteps":16,"sectionNotes":[[112800,1,0],[113700,1,0],[114600,1,0],[113100,0,0],[113400,3,0],[114000,0,0],[114300,3,0],[114900,0,0]],"typeOfSection":0,"mustHitSection":false,"changeBPM":false,"bpm":100},{"lengthInSteps":16,"sectionNotes":[[117000,3,450],[115200,3,450],[115800,1,450],[116400,0,450]],"typeOfSection":0,"mustHitSection":true,"changeBPM":false,"bpm":100},{"lengthInSteps":16,"sectionNotes":[[117600,3,0],[117900,0,0],[118200,2,0],[118500,1,0],[118800,3,0],[119100,0,0],[119400,2,0],[119700,1,0]],"typeOfSection":0,"mustHitSection":true,"changeBPM":false,"bpm":100},{"lengthInSteps":16,"sectionNotes":[[120000,3,450],[120600,1,450],[121200,3,450],[121800,1,450]],"typeOfSection":0,"altAnim":false,"mustHitSection":true,"changeBPM":false,"bpm":100},{"lengthInSteps":16,"sectionNotes":[[122400,2,0],[122700,3,0],[123000,3,0],[123300,3,0],[123600,0,0],[123900,3,0],[124200,3,0],[124500,3,0]],"typeOfSection":0,"altAnim":false,"mustHitSection":true,"changeBPM":false,"bpm":100},{"lengthInSteps":16,"sectionNotes":[],"typeOfSection":0,"altAnim":false,"mustHitSection":true,"changeBPM":false,"bpm":100},{"sectionNotes":[],"typeOfSection":0,"lengthInSteps":16,"altAnim":false,"mustHitSection":true,"changeBPM":false,"bpm":100},{"sectionNotes":[],"typeOfSection":0,"lengthInSteps":16,"altAnim":false,"mustHitSection":true,"changeBPM":false,"bpm":100},{"sectionNotes":[],"typeOfSection":0,"lengthInSteps":16,"altAnim":false,"mustHitSection":true,"changeBPM":false,"bpm":100},{"sectionNotes":[],"typeOfSection":0,"lengthInSteps":16,"altAnim":false,"mustHitSection":true,"changeBPM":false,"bpm":100},{"lengthInSteps":16,"typeOfSection":0,"sectionNotes":[],"altAnim":false,"bpm":100,"changeBPM":false,"mustHitSection":true},{"lengthInSteps":16,"typeOfSection":0,"sectionNotes":[],"altAnim":false,"bpm":100,"changeBPM":false,"mustHitSection":true},{"sectionNotes":[],"typeOfSection":0,"lengthInSteps":16,"altAnim":false,"mustHitSection":true,"changeBPM":false,"bpm":100},{"lengthInSteps":16,"altAnim":false,"typeOfSection":0,"sectionNotes":[],"bpm":100,"changeBPM":false,"mustHitSection":true},{"lengthInSteps":16,"altAnim":false,"typeOfSection":0,"sectionNotes":[],"bpm":100,"changeBPM":false,"mustHitSection":true}],"player2":"gf","song":"Tutorial","validScore":true,"sections":0,"needsVoices":true,"bpm":100,"speed":2}}