{
     "song" : {
         "isMoody" : false
        ,"sectionLengths" : [

        ]
        ,"player1" : "bf"
        ,"notes" : [
             {
                 "sectionNotes" : [

                ]
                ,"lengthInSteps" : 16
                ,"typeOfSection" : 0
                ,"mustHitSection" : false
            }
            ,{
                 "sectionNotes" : [

                ]
                ,"lengthInSteps" : 16
                ,"typeOfSection" : 0
                ,"mustHitSection" : false
            }
            ,{
                 "sectionNotes" : [

                ]
                ,"lengthInSteps" : 16
                ,"typeOfSection" : 0
                ,"mustHitSection" : true
            }
            ,{
                 "sectionNotes" : [

                ]
                ,"lengthInSteps" : 16
                ,"typeOfSection" : 0
                ,"mustHitSection" : true
            }
            ,{
                 "sectionNotes" : [

                ]
                ,"lengthInSteps" : 16
                ,"typeOfSection" : 0
                ,"mustHitSection" : false
            }
            ,{
                 "sectionNotes" : [

                ]
                ,"lengthInSteps" : 16
                ,"typeOfSection" : 0
                ,"mustHitSection" : false
            }
            ,{
                 "sectionNotes" : [

                ]
                ,"lengthInSteps" : 16
                ,"typeOfSection" : 0
                ,"mustHitSection" : true
            }
            ,{
                 "sectionNotes" : [

                ]
                ,"lengthInSteps" : 16
                ,"typeOfSection" : 0
                ,"mustHitSection" : true
            }
            ,{
                 "sectionNotes" : [
                     [
                         13714.2857142857
                        ,1
                        ,428.571428571429
                    ]
                    ,[
                         15000
                        ,0
                        ,107.142857142857
                    ]
                    ,[
                         15214.2857142857
                        ,3
                        ,107.142857142857
                    ]
                    ,[
                         14571.4285714286
                        ,2
                        ,107.142857142857
                    ]
                    ,[
                         14785.7142857143
                        ,3
                        ,107.142857142857
                    ]
                ]
                ,"lengthInSteps" : 16
                ,"typeOfSection" : 0
                ,"mustHitSection" : false
            }
            ,{
                 "sectionNotes" : [
                     [
                         15428.5714285714
                        ,0
                        ,107.142857142857
                    ]
                    ,[
                         15642.8571428571
                        ,1
                        ,107.142857142857
                    ]
                    ,[
                         15857.1428571429
                        ,3
                        ,107.142857142857
                    ]
                    ,[
                         16285.7142857143
                        ,0
                        ,107.142857142857
                    ]
                    ,[
                         16714.2857142857
                        ,2
                        ,107.142857142857
                    ]
                    ,[
                         16928.5714285714
                        ,3
                        ,107.142857142857
                    ]
                ]
                ,"lengthInSteps" : 16
                ,"typeOfSection" : 0
                ,"mustHitSection" : false
            }
            ,{
                 "sectionNotes" : [
                     [
                         17142.8571428571
                        ,1
                        ,107.142857142857
                    ]
                    ,[
                         17357.1428571429
                        ,3
                        ,107.142857142857
                    ]
                    ,[
                         17571.4285714286
                        ,1
                        ,107.142857142857
                    ]
                    ,[
                         17785.7142857143
                        ,3
                        ,107.142857142857
                    ]
                    ,[
                         18000
                        ,0
                        ,107.142857142857
                    ]
                    ,[
                         18214.2857142857
                        ,2
                        ,107.142857142857
                    ]
                    ,[
                         18428.5714285714
                        ,3
                        ,321.428571428571
                    ]
                ]
                ,"lengthInSteps" : 16
                ,"typeOfSection" : 0
                ,"mustHitSection" : false
            }
            ,{
                 "sectionNotes" : [
                     [
                         19071.4285714286
                        ,2
                        ,107.142857142857
                    ]
                    ,[
                         18857.1428571429
                        ,3
                        ,107.142857142857
                    ]
                    ,[
                         19285.7142857143
                        ,0
                        ,321.428571428571
                    ]
                    ,[
                         19714.2857142857
                        ,1
                        ,321.428571428571
                    ]
                    ,[
                         20142.8571428571
                        ,3
                        ,107.142857142857
                    ]
                    ,[
                         20357.1428571429
                        ,0
                        ,107.142857142857
                    ]
                ]
                ,"lengthInSteps" : 16
                ,"typeOfSection" : 0
                ,"mustHitSection" : false
            }
            ,{
                 "sectionNotes" : [
                     [
                         20571.4285714286
                        ,1
                        ,0
                    ]
                    ,[
                         21428.5714285714
                        ,2
                        ,0
                    ]
                    ,[
                         21642.8571428571
                        ,3
                        ,0
                    ]
                    ,[
                         21857.1428571429
                        ,0
                        ,0
                    ]
                    ,[
                         22071.4285714286
                        ,3
                        ,0
                    ]
                ]
                ,"lengthInSteps" : 16
                ,"typeOfSection" : 0
                ,"mustHitSection" : true
            }
            ,{
                 "sectionNotes" : [
                     [
                         22285.7142857143
                        ,0
                        ,0
                    ]
                    ,[
                         22500
                        ,1
                        ,0
                    ]
                    ,[
                         22714.2857142857
                        ,3
                        ,0
                    ]
                    ,[
                         23142.8571428571
                        ,0
                        ,0
                    ]
                    ,[
                         23357.1428571429
                        ,1
                        ,0
                    ]
                    ,[
                         23571.4285714286
                        ,0
                        ,0
                    ]
                    ,[
                         23785.7142857143
                        ,3
                        ,0
                    ]
                ]
                ,"lengthInSteps" : 16
                ,"typeOfSection" : 0
                ,"mustHitSection" : true
            }
            ,{
                 "sectionNotes" : [
                     [
                         24000
                        ,1
                        ,0
                    ]
                    ,[
                         24857.1428571429
                        ,2
                        ,0
                    ]
                    ,[
                         25071.4285714286
                        ,3
                        ,0
                    ]
                    ,[
                         25285.7142857143
                        ,0
                        ,0
                    ]
                    ,[
                         25500
                        ,3
                        ,0
                    ]
                ]
                ,"lengthInSteps" : 16
                ,"typeOfSection" : 0
                ,"mustHitSection" : true
            }
            ,{
                 "sectionNotes" : [
                     [
                         25714.2857142857
                        ,0
                        ,0
                    ]
                    ,[
                         25928.5714285714
                        ,1
                        ,0
                    ]
                    ,[
                         26142.8571428571
                        ,3
                        ,0
                    ]
                    ,[
                         26571.4285714286
                        ,0
                        ,0
                    ]
                    ,[
                         26785.7142857143
                        ,1
                        ,0
                    ]
                    ,[
                         27000
                        ,0
                        ,0
                    ]
                    ,[
                         27214.2857142857
                        ,3
                        ,0
                    ]
                ]
                ,"lengthInSteps" : 16
                ,"typeOfSection" : 0
                ,"mustHitSection" : true
            }
            ,{
                 "sectionNotes" : [
                     [
                         27428.5714285714
                        ,2
                        ,0
                    ]
                    ,[
                         27642.8571428571
                        ,3
                        ,0
                    ]
                    ,[
                         27857.1428571429
                        ,0
                        ,0
                    ]
                    ,[
                         28071.4285714286
                        ,3
                        ,0
                    ]
                    ,[
                         28285.7142857143
                        ,1
                        ,0
                    ]
                    ,[
                         28500
                        ,3
                        ,0
                    ]
                    ,[
                         28714.2857142857
                        ,2
                        ,0
                    ]
                    ,[
                         28928.5714285714
                        ,3
                        ,0
                    ]
                ]
                ,"lengthInSteps" : 16
                ,"typeOfSection" : 0
                ,"mustHitSection" : false
            }
            ,{
                 "sectionNotes" : [
                     [
                         29142.8571428571
                        ,3
                        ,0
                    ]
                    ,[
                         29357.1428571429
                        ,0
                        ,0
                    ]
                    ,[
                         29571.4285714286
                        ,1
                        ,0
                    ]
                    ,[
                         29785.7142857143
                        ,3
                        ,0
                    ]
                    ,[
                         30000
                        ,2
                        ,0
                    ]
                    ,[
                         30428.5714285714
                        ,2
                        ,0
                    ]
                    ,[
                         30642.8571428571
                        ,0
                        ,0
                    ]
                ]
                ,"lengthInSteps" : 16
                ,"typeOfSection" : 0
                ,"mustHitSection" : false
            }
            ,{
                 "sectionNotes" : [
                     [
                         30857.1428571429
                        ,2
                        ,0
                    ]
                    ,[
                         31071.4285714286
                        ,3
                        ,0
                    ]
                    ,[
                         31285.7142857143
                        ,2
                        ,0
                    ]
                    ,[
                         31500
                        ,0
                        ,0
                    ]
                    ,[
                         31714.2857142857
                        ,3
                        ,0
                    ]
                    ,[
                         31928.5714285714
                        ,3
                        ,0
                    ]
                    ,[
                         32142.8571428571
                        ,0
                        ,0
                    ]
                    ,[
                         32357.1428571429
                        ,1
                        ,0
                    ]
                ]
                ,"lengthInSteps" : 16
                ,"typeOfSection" : 0
                ,"mustHitSection" : false
            }
            ,{
                 "sectionNotes" : [
                     [
                         32571.4285714286
                        ,2
                        ,0
                    ]
                    ,[
                         32785.7142857143
                        ,0
                        ,0
                    ]
                    ,[
                         33000
                        ,3
                        ,0
                    ]
                    ,[
                         33214.2857142857
                        ,1
                        ,0
                    ]
                    ,[
                         33428.5714285714
                        ,1
                        ,0
                    ]
                    ,[
                         33642.8571428571
                        ,3
                        ,0
                    ]
                    ,[
                         33857.1428571428
                        ,3
                        ,0
                    ]
                    ,[
                         34071.4285714286
                        ,0
                        ,0
                    ]
                ]
                ,"lengthInSteps" : 16
                ,"typeOfSection" : 0
                ,"mustHitSection" : false
            }
            ,{
                 "sectionNotes" : [
                     [
                         34714.2857142857
                        ,1
                        ,0
                    ]
                    ,[
                         35571.4285714286
                        ,1
                        ,0
                    ]
                    ,[
                         34285.7142857143
                        ,3
                        ,0
                    ]
                    ,[
                         34500
                        ,0
                        ,0
                    ]
                    ,[
                         35142.8571428571
                        ,3
                        ,0
                    ]
                    ,[
                         35357.1428571429
                        ,0
                        ,0
                    ]
                ]
                ,"lengthInSteps" : 16
                ,"typeOfSection" : 0
                ,"mustHitSection" : true
            }
            ,{
                 "sectionNotes" : [
                     [
                         36000
                        ,3
                        ,0
                    ]
                    ,[
                         36214.2857142857
                        ,1
                        ,0
                    ]
                    ,[
                         36428.5714285714
                        ,3
                        ,0
                    ]
                    ,[
                         36642.8571428571
                        ,1
                        ,0
                    ]
                    ,[
                         36857.1428571429
                        ,0
                        ,0
                    ]
                    ,[
                         37285.7142857143
                        ,3
                        ,0
                    ]
                    ,[
                         37500
                        ,1
                        ,0
                    ]
                ]
                ,"lengthInSteps" : 16
                ,"typeOfSection" : 0
                ,"mustHitSection" : true
            }
            ,{
                 "sectionNotes" : [
                     [
                         37714.2857142857
                        ,0
                        ,0
                    ]
                    ,[
                         37928.5714285714
                        ,1
                        ,0
                    ]
                    ,[
                         38142.8571428571
                        ,3
                        ,0
                    ]
                    ,[
                         38357.1428571429
                        ,1
                        ,0
                    ]
                    ,[
                         38571.4285714286
                        ,0
                        ,0
                    ]
                    ,[
                         38785.7142857143
                        ,1
                        ,0
                    ]
                    ,[
                         39000
                        ,3
                        ,0
                    ]
                    ,[
                         39214.2857142857
                        ,1
                        ,0
                    ]
                ]
                ,"lengthInSteps" : 16
                ,"typeOfSection" : 0
                ,"mustHitSection" : true
            }
            ,{
                 "sectionNotes" : [
                     [
                         39428.5714285714
                        ,0
                        ,0
                    ]
                    ,[
                         39642.8571428572
                        ,3
                        ,0
                    ]
                    ,[
                         39857.1428571429
                        ,1
                        ,0
                    ]
                    ,[
                         40071.4285714286
                        ,1
                        ,0
                    ]
                    ,[
                         40285.7142857143
                        ,1
                        ,0
                    ]
                    ,[
                         40714.2857142857
                        ,3
                        ,0
                    ]
                    ,[
                         40928.5714285714
                        ,1
                        ,0
                    ]
                ]
                ,"lengthInSteps" : 16
                ,"typeOfSection" : 0
                ,"mustHitSection" : true
            }
            ,{
                 "sectionNotes" : [
                     [
                         41142.8571428571
                        ,1
                        ,428.571428571429
                    ]
                    ,[
                         42428.5714285714
                        ,0
                        ,107.142857142857
                    ]
                    ,[
                         42642.8571428571
                        ,3
                        ,107.142857142857
                    ]
                    ,[
                         42000
                        ,2
                        ,107.142857142857
                    ]
                    ,[
                         42214.2857142857
                        ,3
                        ,107.142857142857
                    ]
                ]
                ,"lengthInSteps" : 16
                ,"typeOfSection" : 0
                ,"mustHitSection" : false
            }
            ,{
                 "sectionNotes" : [
                     [
                         42857.1428571429
                        ,0
                        ,107.142857142857
                    ]
                    ,[
                         43071.4285714286
                        ,1
                        ,107.142857142857
                    ]
                    ,[
                         43285.7142857143
                        ,3
                        ,107.142857142857
                    ]
                    ,[
                         43714.2857142857
                        ,0
                        ,107.142857142857
                    ]
                    ,[
                         44142.8571428571
                        ,2
                        ,107.142857142857
                    ]
                    ,[
                         44357.1428571429
                        ,3
                        ,107.142857142857
                    ]
                ]
                ,"lengthInSteps" : 16
                ,"typeOfSection" : 0
                ,"mustHitSection" : false
            }
            ,{
                 "sectionNotes" : [
                     [
                         44571.4285714286
                        ,1
                        ,107.142857142857
                    ]
                    ,[
                         44785.7142857143
                        ,3
                        ,107.142857142857
                    ]
                    ,[
                         45000
                        ,1
                        ,107.142857142857
                    ]
                    ,[
                         45214.2857142857
                        ,3
                        ,107.142857142857
                    ]
                    ,[
                         45428.5714285714
                        ,0
                        ,107.142857142857
                    ]
                    ,[
                         45642.8571428571
                        ,2
                        ,107.142857142857
                    ]
                    ,[
                         45857.1428571429
                        ,3
                        ,321.428571428571
                    ]
                ]
                ,"lengthInSteps" : 16
                ,"typeOfSection" : 0
                ,"mustHitSection" : false
            }
            ,{
                 "sectionNotes" : [
                     [
                         46500
                        ,2
                        ,107.142857142857
                    ]
                    ,[
                         46285.7142857143
                        ,3
                        ,107.142857142857
                    ]
                    ,[
                         46714.2857142857
                        ,0
                        ,321.428571428571
                    ]
                    ,[
                         47142.8571428571
                        ,1
                        ,321.428571428571
                    ]
                    ,[
                         47571.4285714286
                        ,3
                        ,107.142857142857
                    ]
                    ,[
                         47785.7142857143
                        ,0
                        ,107.142857142857
                    ]
                ]
                ,"lengthInSteps" : 16
                ,"typeOfSection" : 0
                ,"mustHitSection" : false
            }
            ,{
                 "sectionNotes" : [
                     [
                         48000
                        ,1
                        ,0
                    ]
                    ,[
                         48857.1428571429
                        ,2
                        ,0
                    ]
                    ,[
                         49071.4285714286
                        ,3
                        ,0
                    ]
                    ,[
                         49285.7142857143
                        ,0
                        ,0
                    ]
                    ,[
                         49500
                        ,3
                        ,0
                    ]
                ]
                ,"lengthInSteps" : 16
                ,"typeOfSection" : 0
                ,"mustHitSection" : true
            }
            ,{
                 "sectionNotes" : [
                     [
                         49714.2857142857
                        ,0
                        ,0
                    ]
                    ,[
                         49928.5714285714
                        ,1
                        ,0
                    ]
                    ,[
                         50142.8571428571
                        ,3
                        ,0
                    ]
                    ,[
                         50571.4285714286
                        ,0
                        ,0
                    ]
                    ,[
                         50785.7142857143
                        ,1
                        ,0
                    ]
                    ,[
                         51000
                        ,0
                        ,0
                    ]
                    ,[
                         51214.2857142857
                        ,3
                        ,0
                    ]
                ]
                ,"lengthInSteps" : 16
                ,"typeOfSection" : 0
                ,"mustHitSection" : true
            }
            ,{
                 "sectionNotes" : [
                     [
                         51428.5714285714
                        ,1
                        ,0
                    ]
                    ,[
                         52285.7142857143
                        ,2
                        ,0
                    ]
                    ,[
                         52500
                        ,3
                        ,0
                    ]
                    ,[
                         52714.2857142857
                        ,0
                        ,0
                    ]
                    ,[
                         52928.5714285714
                        ,3
                        ,0
                    ]
                ]
                ,"lengthInSteps" : 16
                ,"typeOfSection" : 0
                ,"mustHitSection" : true
            }
            ,{
                 "sectionNotes" : [
                     [
                         53142.8571428571
                        ,0
                        ,0
                    ]
                    ,[
                         53357.1428571429
                        ,1
                        ,0
                    ]
                    ,[
                         53571.4285714286
                        ,3
                        ,0
                    ]
                    ,[
                         54000
                        ,0
                        ,0
                    ]
                    ,[
                         54214.2857142857
                        ,1
                        ,0
                    ]
                    ,[
                         54428.5714285714
                        ,0
                        ,0
                    ]
                    ,[
                         54642.8571428571
                        ,3
                        ,0
                    ]
                ]
                ,"lengthInSteps" : 16
                ,"typeOfSection" : 0
                ,"mustHitSection" : true
            }
            ,{
                 "sectionNotes" : [
                     [
                         54857.1428571429
                        ,3
                        ,0
                    ]
                    ,[
                         55285.7142857143
                        ,2
                        ,0
                    ]
                    ,[
                         55500
                        ,0
                        ,0
                    ]
                    ,[
                         55714.2857142857
                        ,3
                        ,0
                    ]
                    ,[
                         55928.5714285715
                        ,0
                        ,0
                    ]
                    ,[
                         56142.8571428572
                        ,2
                        ,0
                    ]
                    ,[
                         56357.1428571429
                        ,1
                        ,0
                    ]
                ]
                ,"lengthInSteps" : 16
                ,"typeOfSection" : 0
                ,"mustHitSection" : false
            }
            ,{
                 "sectionNotes" : [
                     [
                         56571.4285714286
                        ,0
                        ,0
                    ]
                    ,[
                         57000
                        ,1
                        ,0
                    ]
                    ,[
                         57214.2857142858
                        ,3
                        ,0
                    ]
                    ,[
                         57428.5714285715
                        ,0
                        ,0
                    ]
                    ,[
                         57642.8571428572
                        ,3
                        ,0
                    ]
                    ,[
                         57857.1428571429
                        ,1
                        ,0
                    ]
                    ,[
                         58071.4285714286
                        ,2
                        ,0
                    ]
                ]
                ,"lengthInSteps" : 16
                ,"typeOfSection" : 0
                ,"mustHitSection" : false
            }
            ,{
                 "sectionNotes" : [
                     [
                         58285.7142857143
                        ,3
                        ,0
                    ]
                    ,[
                         58714.2857142857
                        ,2
                        ,0
                    ]
                    ,[
                         58928.5714285715
                        ,0
                        ,0
                    ]
                    ,[
                         59142.8571428572
                        ,3
                        ,0
                    ]
                    ,[
                         59357.1428571429
                        ,0
                        ,0
                    ]
                    ,[
                         59571.4285714286
                        ,2
                        ,0
                    ]
                    ,[
                         59785.7142857143
                        ,1
                        ,0
                    ]
                ]
                ,"lengthInSteps" : 16
                ,"typeOfSection" : 0
                ,"mustHitSection" : false
            }
            ,{
                 "sectionNotes" : [
                     [
                         60000
                        ,0
                        ,0
                    ]
                    ,[
                         60428.5714285715
                        ,1
                        ,0
                    ]
                    ,[
                         60642.8571428572
                        ,3
                        ,0
                    ]
                    ,[
                         60857.1428571429
                        ,0
                        ,0
                    ]
                    ,[
                         61071.4285714286
                        ,3
                        ,0
                    ]
                    ,[
                         61285.7142857143
                        ,1
                        ,0
                    ]
                    ,[
                         61500
                        ,2
                        ,0
                    ]
                ]
                ,"lengthInSteps" : 16
                ,"typeOfSection" : 0
                ,"mustHitSection" : false
            }
            ,{
                 "sectionNotes" : [
                     [
                         63000
                        ,2
                        ,0
                    ]
                    ,[
                         63214.2857142857
                        ,1
                        ,0
                    ]
                    ,[
                         62142.8571428572
                        ,1
                        ,0
                    ]
                    ,[
                         61714.2857142858
                        ,1
                        ,0
                    ]
                    ,[
                         62571.4285714286
                        ,3
                        ,0
                    ]
                    ,[
                         62785.7142857143
                        ,0
                        ,0
                    ]
                ]
                ,"lengthInSteps" : 16
                ,"typeOfSection" : 0
                ,"mustHitSection" : true
            }
            ,{
                 "sectionNotes" : [
                     [
                         63857.1428571429
                        ,1
                        ,0
                    ]
                    ,[
                         64285.7142857143
                        ,0
                        ,0
                    ]
                    ,[
                         64500
                        ,3
                        ,0
                    ]
                    ,[
                         64714.2857142857
                        ,1
                        ,0
                    ]
                    ,[
                         64928.5714285715
                        ,2
                        ,0
                    ]
                    ,[
                         63428.5714285715
                        ,1
                        ,0
                    ]
                ]
                ,"lengthInSteps" : 16
                ,"typeOfSection" : 0
                ,"mustHitSection" : true
            }
            ,{
                 "sectionNotes" : [
                     [
                         66428.5714285715
                        ,2
                        ,0
                    ]
                    ,[
                         66642.8571428572
                        ,1
                        ,0
                    ]
                    ,[
                         65571.4285714286
                        ,1
                        ,0
                    ]
                    ,[
                         65142.8571428572
                        ,1
                        ,0
                    ]
                    ,[
                         65571.4285714286
                        ,1
                        ,0
                    ]
                    ,[
                         65142.8571428572
                        ,1
                        ,0
                    ]
                    ,[
                         66000.0000000001
                        ,3
                        ,0
                    ]
                    ,[
                         66214.2857142858
                        ,0
                        ,0
                    ]
                ]
                ,"lengthInSteps" : 16
                ,"typeOfSection" : 0
                ,"mustHitSection" : true
            }
            ,{
                 "sectionNotes" : [
                     [
                         67285.7142857143
                        ,1
                        ,0
                    ]
                    ,[
                         67714.2857142858
                        ,0
                        ,0
                    ]
                    ,[
                         67928.5714285715
                        ,3
                        ,0
                    ]
                    ,[
                         68142.8571428572
                        ,1
                        ,0
                    ]
                    ,[
                         68357.1428571429
                        ,2
                        ,0
                    ]
                    ,[
                         66857.1428571429
                        ,1
                        ,0
                    ]
                ]
                ,"lengthInSteps" : 16
                ,"typeOfSection" : 0
                ,"mustHitSection" : true
            }
            ,{
                 "sectionNotes" : [
                     [
                         68571.4285714286
                        ,1
                        ,428.571428571429
                    ]
                    ,[
                         69857.1428571429
                        ,0
                        ,107.142857142857
                    ]
                    ,[
                         70071.4285714286
                        ,3
                        ,107.142857142857
                    ]
                    ,[
                         69428.5714285714
                        ,2
                        ,107.142857142857
                    ]
                    ,[
                         69642.8571428571
                        ,3
                        ,107.142857142857
                    ]
                ]
                ,"lengthInSteps" : 16
                ,"typeOfSection" : 0
                ,"mustHitSection" : false
            }
            ,{
                 "sectionNotes" : [
                     [
                         70285.7142857143
                        ,0
                        ,107.142857142857
                    ]
                    ,[
                         70500
                        ,1
                        ,107.142857142857
                    ]
                    ,[
                         70714.2857142857
                        ,3
                        ,107.142857142857
                    ]
                    ,[
                         71142.8571428571
                        ,0
                        ,107.142857142857
                    ]
                    ,[
                         71571.4285714286
                        ,2
                        ,107.142857142857
                    ]
                    ,[
                         71785.7142857143
                        ,3
                        ,107.142857142857
                    ]
                ]
                ,"lengthInSteps" : 16
                ,"typeOfSection" : 0
                ,"mustHitSection" : false
            }
            ,{
                 "typeOfSection" : 0
                ,"sectionNotes" : [
                     [
                         72000
                        ,1
                        ,107.142857142857
                    ]
                    ,[
                         72214.2857142857
                        ,3
                        ,107.142857142857
                    ]
                    ,[
                         72428.5714285714
                        ,1
                        ,107.142857142857
                    ]
                    ,[
                         72642.8571428571
                        ,3
                        ,107.142857142857
                    ]
                    ,[
                         72857.1428571429
                        ,0
                        ,107.142857142857
                    ]
                    ,[
                         73071.4285714286
                        ,2
                        ,107.142857142857
                    ]
                    ,[
                         73285.7142857143
                        ,3
                        ,321.428571428571
                    ]
                ]
                ,"lengthInSteps" : 16
                ,"bpm" : 120
                ,"changeBPM" : false
                ,"mustHitSection" : false
            }
            ,{
                 "lengthInSteps" : 16
                ,"typeOfSection" : 0
                ,"sectionNotes" : [
                     [
                         73928.5714285714
                        ,2
                        ,107.142857142857
                    ]
                    ,[
                         73714.2857142857
                        ,3
                        ,107.142857142857
                    ]
                    ,[
                         74142.8571428571
                        ,0
                        ,321.428571428571
                    ]
                    ,[
                         74571.4285714286
                        ,1
                        ,321.428571428571
                    ]
                    ,[
                         75000
                        ,3
                        ,107.142857142857
                    ]
                    ,[
                         75214.2857142857
                        ,0
                        ,107.142857142857
                    ]
                ]
                ,"altAnimNum" : 0
                ,"altAnim" : false
                ,"bpm" : 120
                ,"changeBPM" : false
                ,"mustHitSection" : false
            }
            ,{
                 "lengthInSteps" : 16
                ,"typeOfSection" : 0
                ,"sectionNotes" : [
                     [
                         75428.5714285714
                        ,1
                        ,0
                    ]
                    ,[
                         76285.7142857143
                        ,2
                        ,0
                    ]
                    ,[
                         76500
                        ,3
                        ,0
                    ]
                    ,[
                         76714.2857142857
                        ,0
                        ,0
                    ]
                    ,[
                         76928.5714285714
                        ,3
                        ,0
                    ]
                ]
                ,"altAnimNum" : 0
                ,"altAnim" : false
                ,"bpm" : 140
                ,"changeBPM" : false
                ,"mustHitSection" : true
            }
            ,{
                 "lengthInSteps" : 16
                ,"typeOfSection" : 0
                ,"sectionNotes" : [
                     [
                         77142.8571428571
                        ,0
                        ,0
                    ]
                    ,[
                         77357.1428571428
                        ,1
                        ,0
                    ]
                    ,[
                         77571.4285714286
                        ,3
                        ,0
                    ]
                    ,[
                         78000
                        ,0
                        ,0
                    ]
                    ,[
                         78214.2857142857
                        ,1
                        ,0
                    ]
                    ,[
                         78428.5714285714
                        ,0
                        ,0
                    ]
                    ,[
                         78642.8571428571
                        ,3
                        ,0
                    ]
                ]
                ,"altAnimNum" : 0
                ,"altAnim" : false
                ,"bpm" : 140
                ,"changeBPM" : false
                ,"mustHitSection" : true
            }
            ,{
                 "lengthInSteps" : 16
                ,"typeOfSection" : 0
                ,"sectionNotes" : [
                     [
                         78857.1428571428
                        ,1
                        ,0
                    ]
                    ,[
                         79714.2857142857
                        ,2
                        ,0
                    ]
                    ,[
                         79928.5714285714
                        ,3
                        ,0
                    ]
                    ,[
                         80142.8571428571
                        ,0
                        ,0
                    ]
                    ,[
                         80357.1428571428
                        ,3
                        ,0
                    ]
                ]
                ,"altAnimNum" : 0
                ,"altAnim" : false
                ,"bpm" : 140
                ,"changeBPM" : false
                ,"mustHitSection" : true
            }
            ,{
                 "lengthInSteps" : 16
                ,"typeOfSection" : 0
                ,"sectionNotes" : [
                     [
                         80571.4285714286
                        ,0
                        ,0
                    ]
                    ,[
                         80785.7142857143
                        ,1
                        ,0
                    ]
                    ,[
                         81000
                        ,3
                        ,0
                    ]
                    ,[
                         81428.5714285714
                        ,0
                        ,0
                    ]
                    ,[
                         81642.8571428571
                        ,1
                        ,0
                    ]
                    ,[
                         81857.1428571428
                        ,0
                        ,0
                    ]
                    ,[
                         82071.4285714286
                        ,3
                        ,0
                    ]
                ]
                ,"altAnimNum" : 0
                ,"altAnim" : false
                ,"bpm" : 140
                ,"changeBPM" : false
                ,"mustHitSection" : true
            }
            ,{
                 "lengthInSteps" : 16
                ,"typeOfSection" : 0
                ,"sectionNotes" : [
                     [
                         82285.7142857143
                        ,1
                        ,428.571428571429
                    ]
                    ,[
                         83571.4285714286
                        ,0
                        ,107.142857142857
                    ]
                    ,[
                         83785.7142857143
                        ,3
                        ,107.142857142857
                    ]
                    ,[
                         83142.8571428571
                        ,2
                        ,107.142857142857
                    ]
                    ,[
                         83357.1428571428
                        ,3
                        ,107.142857142857
                    ]
                ]
                ,"altAnimNum" : 0
                ,"altAnim" : false
                ,"bpm" : 140
                ,"changeBPM" : false
                ,"mustHitSection" : false
            }
            ,{
                 "lengthInSteps" : 16
                ,"typeOfSection" : 0
                ,"sectionNotes" : [
                     [
                         84000
                        ,0
                        ,107.142857142857
                    ]
                    ,[
                         84214.2857142857
                        ,1
                        ,107.142857142857
                    ]
                    ,[
                         84428.5714285714
                        ,3
                        ,107.142857142857
                    ]
                    ,[
                         84857.1428571428
                        ,0
                        ,107.142857142857
                    ]
                    ,[
                         85285.7142857143
                        ,2
                        ,107.142857142857
                    ]
                    ,[
                         85500
                        ,3
                        ,107.142857142857
                    ]
                ]
                ,"altAnimNum" : 0
                ,"altAnim" : false
                ,"bpm" : 140
                ,"changeBPM" : false
                ,"mustHitSection" : false
            }
            ,{
                 "lengthInSteps" : 16
                ,"typeOfSection" : 0
                ,"sectionNotes" : [
                     [
                         85714.2857142857
                        ,1
                        ,107.142857142857
                    ]
                    ,[
                         85928.5714285714
                        ,3
                        ,107.142857142857
                    ]
                    ,[
                         86142.8571428571
                        ,1
                        ,107.142857142857
                    ]
                    ,[
                         86357.1428571428
                        ,3
                        ,107.142857142857
                    ]
                    ,[
                         86571.4285714286
                        ,0
                        ,107.142857142857
                    ]
                    ,[
                         86785.7142857143
                        ,2
                        ,107.142857142857
                    ]
                    ,[
                         87000
                        ,3
                        ,321.428571428571
                    ]
                ]
                ,"altAnimNum" : 0
                ,"altAnim" : false
                ,"bpm" : 140
                ,"changeBPM" : false
                ,"mustHitSection" : false
            }
            ,{
                 "lengthInSteps" : 16
                ,"typeOfSection" : 0
                ,"sectionNotes" : [
                     [
                         87642.8571428571
                        ,2
                        ,107.142857142857
                    ]
                    ,[
                         87428.5714285714
                        ,3
                        ,107.142857142857
                    ]
                    ,[
                         87857.1428571428
                        ,0
                        ,321.428571428571
                    ]
                    ,[
                         88285.7142857143
                        ,1
                        ,321.428571428571
                    ]
                    ,[
                         88714.2857142857
                        ,3
                        ,107.142857142857
                    ]
                    ,[
                         88928.5714285714
                        ,0
                        ,107.142857142857
                    ]
                ]
                ,"altAnimNum" : 0
                ,"altAnim" : false
                ,"bpm" : 140
                ,"changeBPM" : false
                ,"mustHitSection" : false
            }
            ,{
                 "lengthInSteps" : 16
                ,"typeOfSection" : 0
                ,"sectionNotes" : [
                     [
                         89142.8571428571
                        ,1
                        ,0
                    ]
                    ,[
                         90000
                        ,2
                        ,0
                    ]
                    ,[
                         90214.2857142857
                        ,3
                        ,0
                    ]
                    ,[
                         90428.5714285714
                        ,0
                        ,0
                    ]
                    ,[
                         90642.8571428571
                        ,3
                        ,0
                    ]
                ]
                ,"altAnimNum" : 0
                ,"altAnim" : false
                ,"bpm" : 140
                ,"changeBPM" : false
                ,"mustHitSection" : true
            }
            ,{
                 "lengthInSteps" : 16
                ,"typeOfSection" : 0
                ,"sectionNotes" : [
                     [
                         90857.1428571428
                        ,0
                        ,0
                    ]
                    ,[
                         91071.4285714286
                        ,1
                        ,0
                    ]
                    ,[
                         91285.7142857143
                        ,3
                        ,0
                    ]
                    ,[
                         91714.2857142857
                        ,0
                        ,0
                    ]
                    ,[
                         91928.5714285714
                        ,1
                        ,0
                    ]
                    ,[
                         92142.8571428571
                        ,0
                        ,0
                    ]
                    ,[
                         92357.1428571428
                        ,3
                        ,0
                    ]
                ]
                ,"altAnimNum" : 0
                ,"altAnim" : false
                ,"bpm" : 140
                ,"changeBPM" : false
                ,"mustHitSection" : true
            }
            ,{
                 "lengthInSteps" : 16
                ,"typeOfSection" : 0
                ,"sectionNotes" : [
                     [
                         92571.4285714286
                        ,1
                        ,0
                    ]
                    ,[
                         93428.5714285714
                        ,2
                        ,0
                    ]
                    ,[
                         93642.8571428571
                        ,3
                        ,0
                    ]
                    ,[
                         93857.1428571428
                        ,0
                        ,0
                    ]
                    ,[
                         94071.4285714286
                        ,3
                        ,0
                    ]
                ]
                ,"altAnimNum" : 0
                ,"altAnim" : false
                ,"bpm" : 140
                ,"changeBPM" : false
                ,"mustHitSection" : true
            }
            ,{
                 "lengthInSteps" : 16
                ,"typeOfSection" : 0
                ,"sectionNotes" : [
                     [
                         94285.7142857143
                        ,0
                        ,0
                    ]
                    ,[
                         94500
                        ,1
                        ,0
                    ]
                    ,[
                         94714.2857142857
                        ,3
                        ,0
                    ]
                    ,[
                         95142.8571428571
                        ,0
                        ,0
                    ]
                    ,[
                         95357.1428571428
                        ,1
                        ,0
                    ]
                    ,[
                         95571.4285714286
                        ,0
                        ,0
                    ]
                    ,[
                         95785.7142857143
                        ,3
                        ,0
                    ]
                ]
                ,"altAnimNum" : 0
                ,"altAnim" : false
                ,"bpm" : 140
                ,"changeBPM" : false
                ,"mustHitSection" : true
            }
            ,{
                 "lengthInSteps" : 16
                ,"typeOfSection" : 0
                ,"sectionNotes" : [

                ]
                ,"altAnimNum" : 0
                ,"altAnim" : false
                ,"bpm" : 140
                ,"changeBPM" : false
                ,"mustHitSection" : false
            }
            ,{
                 "lengthInSteps" : 16
                ,"typeOfSection" : 0
                ,"sectionNotes" : [

                ]
                ,"altAnimNum" : 0
                ,"altAnim" : false
                ,"bpm" : 140
                ,"changeBPM" : false
                ,"mustHitSection" : false
            }
            ,{
                 "lengthInSteps" : 16
                ,"typeOfSection" : 0
                ,"sectionNotes" : [

                ]
                ,"altAnimNum" : 0
                ,"altAnim" : false
                ,"bpm" : 140
                ,"changeBPM" : false
                ,"mustHitSection" : true
            }
            ,{
                 "lengthInSteps" : 16
                ,"typeOfSection" : 0
                ,"sectionNotes" : [

                ]
                ,"altAnimNum" : 0
                ,"altAnim" : false
                ,"bpm" : 140
                ,"changeBPM" : false
                ,"mustHitSection" : true
            }
            ,{
                 "lengthInSteps" : 16
                ,"typeOfSection" : 0
                ,"sectionNotes" : [

                ]
                ,"altAnimNum" : 0
                ,"altAnim" : false
                ,"bpm" : 140
                ,"changeBPM" : false
                ,"mustHitSection" : false
            }
            ,{
                 "lengthInSteps" : 16
                ,"typeOfSection" : 0
                ,"sectionNotes" : [

                ]
                ,"altAnimNum" : 0
                ,"altAnim" : false
                ,"bpm" : 140
                ,"changeBPM" : false
                ,"mustHitSection" : false
            }
            ,{
                 "lengthInSteps" : 16
                ,"typeOfSection" : 0
                ,"sectionNotes" : [

                ]
                ,"altAnimNum" : 0
                ,"altAnim" : false
                ,"bpm" : 140
                ,"changeBPM" : false
                ,"mustHitSection" : true
            }
            ,{
                 "lengthInSteps" : 16
                ,"typeOfSection" : 0
                ,"sectionNotes" : [

                ]
                ,"altAnimNum" : 0
                ,"altAnim" : false
                ,"bpm" : 140
                ,"changeBPM" : false
                ,"mustHitSection" : true
            }
            ,{
                 "lengthInSteps" : 16
                ,"typeOfSection" : 0
                ,"sectionNotes" : [

                ]
                ,"altAnimNum" : 0
                ,"altAnim" : false
                ,"bpm" : 140
                ,"changeBPM" : false
                ,"mustHitSection" : true
            }
            ,{
                 "lengthInSteps" : 16
                ,"typeOfSection" : 0
                ,"sectionNotes" : [

                ]
                ,"altAnimNum" : 0
                ,"altAnim" : false
                ,"bpm" : 140
                ,"changeBPM" : false
                ,"mustHitSection" : true
            }
            ,{
                 "lengthInSteps" : 16
                ,"typeOfSection" : 0
                ,"sectionNotes" : [

                ]
                ,"altAnimNum" : 0
                ,"altAnim" : false
                ,"bpm" : 140
                ,"changeBPM" : false
                ,"mustHitSection" : true
            }
            ,{
                 "altAnimNum" : 0
                ,"sectionNotes" : [

                ]
                ,"typeOfSection" : 0
                ,"lengthInSteps" : 16
                ,"altAnim" : false
                ,"mustHitSection" : true
                ,"changeBPM" : false
                ,"bpm" : 140
            }
            ,{
                 "lengthInSteps" : 16
                ,"typeOfSection" : 0
                ,"sectionNotes" : [

                ]
                ,"altAnimNum" : 0
                ,"altAnim" : false
                ,"bpm" : 140
                ,"changeBPM" : false
                ,"mustHitSection" : true
            }
            ,{
                 "altAnimNum" : 0
                ,"sectionNotes" : [

                ]
                ,"typeOfSection" : 0
                ,"lengthInSteps" : 16
                ,"altAnim" : false
                ,"mustHitSection" : true
                ,"changeBPM" : false
                ,"bpm" : 140
            }
            ,{
                 "lengthInSteps" : 16
                ,"altAnim" : false
                ,"typeOfSection" : 0
                ,"sectionNotes" : [

                ]
                ,"bpm" : 140
                ,"altAnimNum" : 0
                ,"changeBPM" : false
                ,"mustHitSection" : true
            }
        ]
        ,"player2" : "dad"
        ,"isHey" : false
        ,"cutsceneType" : "none"
        ,"isSpooky" : false
        ,"song" : "Void"
        ,"uiType" : "normal"
        ,"stage" : "stage"
        ,"sections" : 0
        ,"needsVoices" : true
        ,"gf" : "gf"
        ,"speed" : 2.8
        ,"bpm" : 140
    }
}