{"song":{"player1":"bf-car","gfVersion":"gf-car","notes":[{"sectionNotes":[],"lengthInSteps":16,"mustHitSection":true},{"sectionNotes":[],"lengthInSteps":16,"mustHitSection":true},{"sectionNotes":[[3840,0,0],[4320,0,0],[4560,3,0],[4800,0,0],[5160,3,0]],"lengthInSteps":16,"mustHitSection":false},{"sectionNotes":[[5760,0,0],[6240,0,0],[6480,3,0],[6720,0,0],[7080,3,0]],"lengthInSteps":16,"mustHitSection":false},{"sectionNotes":[[7680,0,0],[8160,0,0],[8400,3,0],[8640,3,0],[9000,0,0]],"lengthInSteps":16,"mustHitSection":false},{"sectionNotes":[[9600,2,0],[10080,0,0],[10560,3,0],[10800,2,0],[11280,0,0]],"lengthInSteps":16,"mustHitSection":false},{"sectionNotes":[[11520,0,0],[12000,0,0],[12240,3,0],[12480,0,0],[12840,3,0]],"lengthInSteps":16,"mustHitSection":true},{"sectionNotes":[[13440,0,0],[13920,0,0],[14160,3,0],[14400,0,0],[14760,3,0]],"lengthInSteps":16,"mustHitSection":true},{"sectionNotes":[[15360,0,0],[15840,0,0],[16080,3,0],[16320,3,0],[16680,0,0]],"lengthInSteps":16,"mustHitSection":true},{"sectionNotes":[[17280,2,0],[17280,6,360],[17760,0,0],[17760,7,360],[18240,4,360],[18240,3,0],[18480,2,0],[18720,5,360],[18960,0,0]],"lengthInSteps":16,"mustHitSection":true},{"sectionNotes":[[19200,2,0],[19680,3,0],[20160,3,0],[20520,3,0],[20880,3,0]],"lengthInSteps":16,"mustHitSection":false},{"sectionNotes":[[21360,1,0],[21600,3,0],[22080,0,0],[22440,3,0],[22800,2,0]],"lengthInSteps":16,"mustHitSection":false},{"sectionNotes":[[23280,0,0],[23520,3,0],[24000,2,0],[24360,2,0],[24720,2,0]],"lengthInSteps":16,"mustHitSection":false},{"sectionNotes":[[24960,6,360],[24960,2,0],[25440,7,360],[25440,2,0],[25680,0,0],[25920,4,360],[25920,2,0],[26160,0,0],[26400,5,360],[26400,3,0],[26640,1,0]],"lengthInSteps":16,"mustHitSection":false},{"sectionNotes":[[26880,2,0],[27360,3,0],[27840,3,0],[28200,3,0],[28560,3,0]],"lengthInSteps":16,"mustHitSection":true},{"sectionNotes":[[29040,1,0],[29280,3,0],[29760,0,0],[30120,3,0],[30480,2,0]],"lengthInSteps":16,"mustHitSection":true},{"sectionNotes":[[30960,0,0],[31200,3,0],[31680,2,0],[32040,2,0],[32400,2,0]],"lengthInSteps":16,"mustHitSection":true},{"sectionNotes":[[32640,2,0],[33120,2,0],[33360,0,0],[33600,2,0],[33840,0,0],[34080,3,0],[34320,1,0]],"lengthInSteps":16,"mustHitSection":true},{"sectionNotes":[[34560,0,0],[35040,1,360],[35520,0,360],[36000,3,360]],"lengthInSteps":16,"mustHitSection":false},{"sectionNotes":[[36480,3,0],[36960,3,0],[37200,0,0],[37440,3,240],[37920,0,240],[38280,1,0]],"lengthInSteps":16,"mustHitSection":false},{"sectionNotes":[[38400,2,360],[38880,3,360],[39360,0,360],[39840,2,360]],"lengthInSteps":16,"mustHitSection":false},{"sectionNotes":[[40320,3,0],[40560,2,0],[40800,0,0],[41040,2,0],[41280,0,240],[41760,1,240]],"lengthInSteps":16,"mustHitSection":false},{"sectionNotes":[[42240,0,0],[42240,7,420],[42720,1,360],[42720,5,360],[43200,7,360],[43200,0,360],[43680,4,360],[43680,3,360]],"lengthInSteps":16,"mustHitSection":true},{"sectionNotes":[[44160,6,360],[44160,3,0],[44640,3,0],[44880,0,0],[45120,4,240],[45120,3,240],[45600,7,240],[45600,0,240],[45960,5,0],[45960,1,0]],"lengthInSteps":16,"mustHitSection":true},{"sectionNotes":[[46080,2,360],[46080,6,360],[46560,3,360],[46560,7,1440],[47040,0,360],[47520,2,360]],"lengthInSteps":16,"mustHitSection":true},{"sectionNotes":[[48000,3,0],[48240,2,0],[48480,0,0],[48720,2,0],[48960,0,240],[49440,1,240]],"lengthInSteps":16,"mustHitSection":true},{"sectionNotes":[[49920,1,600],[49920,5,720],[50640,3,0],[50880,3,0],[51360,0,240]],"lengthInSteps":16,"mustHitSection":false},{"sectionNotes":[[51840,2,360],[52320,1,0],[52560,3,0],[52800,3,0],[53280,0,240]],"lengthInSteps":16,"mustHitSection":false},{"sectionNotes":[[53760,1,360],[54240,0,0],[54480,3,0],[54720,3,0],[55200,0,240]],"lengthInSteps":16,"mustHitSection":false},{"sectionNotes":[[55680,0,0],[56160,3,0],[56400,3,0],[56640,0,0],[56880,0,0],[57120,1,0],[57360,3,0]],"lengthInSteps":16,"mustHitSection":false},{"sectionNotes":[[57600,1,600],[57600,5,480],[58320,3,0],[58560,3,0],[59040,0,240]],"lengthInSteps":16,"mustHitSection":true},{"sectionNotes":[[59520,2,360],[60000,1,0],[60240,3,0],[60480,3,0],[60960,0,240]],"lengthInSteps":16,"mustHitSection":true},{"sectionNotes":[[61440,1,360],[61920,0,0],[62160,3,0],[62400,3,0],[62880,0,240]],"lengthInSteps":16,"mustHitSection":true},{"sectionNotes":[[63360,0,0],[63840,3,0],[64080,3,0],[64320,0,0],[64560,0,0],[64800,1,0],[65040,3,0]],"lengthInSteps":16,"mustHitSection":true},{"sectionNotes":[[65280,0,0],[65280,5,480],[65760,1,360],[66240,0,360],[66720,3,360]],"lengthInSteps":16,"mustHitSection":false},{"sectionNotes":[[67200,3,0],[67680,3,0],[67920,0,0],[68160,3,240],[68640,0,240],[69000,1,0]],"lengthInSteps":16,"mustHitSection":false},{"sectionNotes":[[69120,2,360],[69600,3,360],[70080,0,360],[70560,2,360]],"lengthInSteps":16,"mustHitSection":false},{"sectionNotes":[[71040,3,0],[71280,2,0],[71520,0,0],[71760,2,0],[72000,0,240],[72480,1,240]],"lengthInSteps":16,"mustHitSection":false},{"sectionNotes":[[72960,0,0],[72960,7,420],[73440,1,360],[73440,5,360],[73920,7,360],[73920,0,360],[74400,4,360],[74400,3,360]],"lengthInSteps":16,"mustHitSection":true},{"sectionNotes":[[74880,6,360],[74880,3,0],[75360,3,0],[75600,0,0],[75840,4,240],[75840,3,240],[76320,7,240],[76320,0,240],[76680,5,0],[76680,1,0]],"lengthInSteps":16,"mustHitSection":true},{"sectionNotes":[[76800,2,360],[76800,6,360],[77280,3,360],[77280,7,1440],[77760,0,360],[78240,2,360]],"lengthInSteps":16,"mustHitSection":true},{"sectionNotes":[[78720,3,0],[78960,2,0],[79200,0,0],[79440,2,0],[79680,0,240],[80160,1,240]],"lengthInSteps":16,"mustHitSection":true},{"sectionNotes":[[80640,3,960],[80640,7,960],[82080,2,360],[82080,6,360]],"lengthInSteps":16,"mustHitSection":true},{"sectionNotes":[[82560,1,600],[82560,5,600],[83280,6,600],[83280,2,600],[84000,7,360],[84000,3,360]],"lengthInSteps":16,"mustHitSection":true},{"sectionNotes":[[84480,6,0],[84480,2,360],[84720,7,0],[84960,4,0],[84960,1,360],[85440,5,0],[85440,3,360],[85920,4,0],[85920,0,360],[86160,7,0]],"lengthInSteps":16,"mustHitSection":true},{"sectionNotes":[[86400,6,0],[86400,2,360],[86640,7,0],[86880,4,0],[86880,1,360],[87360,7,0],[87360,3,360],[87840,7,0],[87840,0,0],[88080,6,0],[88080,3,0],[88200,7,0]],"lengthInSteps":16,"mustHitSection":true},{"sectionNotes":[[88320,3,960],[88320,7,960],[89760,2,360],[89760,6,360]],"lengthInSteps":16,"mustHitSection":true},{"sectionNotes":[[90240,1,600],[90240,5,600],[90960,6,600],[90960,2,600],[91680,7,360],[91680,3,360]],"lengthInSteps":16,"mustHitSection":false},{"sectionNotes":[[92160,2,0],[92160,6,360],[92400,3,0],[92640,0,0],[92640,5,360],[93120,1,0],[93120,7,360],[93600,0,0],[93600,4,360],[93840,3,0]],"lengthInSteps":16,"mustHitSection":true},{"sectionNotes":[[94080,2,0],[94080,6,360],[94320,3,0],[94560,0,0],[94560,5,360],[95040,3,0],[95040,7,360],[95520,3,0],[95520,4,0],[95640,6,0],[95760,7,0],[95760,2,0],[95880,3,0]],"lengthInSteps":16,"mustHitSection":true},{"sectionNotes":[[96000,6,960],[96000,2,960]],"lengthInSteps":16,"mustHitSection":true},{"sectionNotes":[],"lengthInSteps":16,"mustHitSection":true},{"sectionNotes":[],"lengthInSteps":16,"mustHitSection":true},{"sectionNotes":[],"lengthInSteps":16,"mustHitSection":true},{"sectionNotes":[],"lengthInSteps":16,"mustHitSection":true},{"lengthInSteps":16,"altAnim":false,"typeOfSection":0,"sectionNotes":[],"bpm":125,"changeBPM":false,"mustHitSection":true}],"player2":"mom-car","song":"High","stage":"limo","needsVoices":true,"validScore":true,"bpm":125,"speed":1.3}}